no_of_dependents,education,self_employed,income_annum,loan_amount,loan_term,cibil_score,residential_assets_value,commercial_assets_value,luxury_assets_value,bank_asset_value,loan_status,loan_to_income_ratio,total_assets_value,loan_to_asset_ratio
2,Graduate,No,9600000,29900000,12,778,2400000,17600000,22700000,8000000,1,3.1145833333333335,50700000,0.5897435897435898
0,Not Graduate,Yes,4100000,12200000,8,417,2700000,2200000,8800000,3300000,0,2.975609756097561,17000000,0.7176470588235294
3,Graduate,No,9100000,29700000,20,506,7100000,4500000,33300000,12800000,0,3.2637362637362637,57700000,0.5147313691507799
3,Graduate,No,8200000,30700000,8,467,18200000,3300000,23300000,7900000,0,3.7439024390243905,52700000,0.5825426944971537
5,Not Graduate,Yes,9800000,24200000,20,382,12400000,8200000,29400000,5000000,0,2.4693877551020407,55000000,0.44
0,Graduate,Yes,4800000,13500000,10,319,6800000,8300000,13700000,5100000,0,2.8125,33900000,0.39823008849557523
5,Graduate,No,8700000,33000000,4,678,22500000,14800000,29200000,4300000,1,3.793103448275862,70800000,0.4661016949152542
2,Graduate,Yes,5700000,15000000,20,382,13200000,5700000,11800000,6000000,0,2.6315789473684212,36700000,0.4087193460490463
0,Graduate,Yes,800000,2200000,20,782,1300000,800000,2800000,600000,1,2.75,5500000,0.4
5,Not Graduate,No,1100000,4300000,10,388,3200000,1400000,3300000,1600000,0,3.909090909090909,9500000,0.45263157894736844
4,Graduate,Yes,2900000,11200000,2,547,8100000,4700000,9500000,3100000,1,3.8620689655172415,25400000,0.4409448818897638
2,Not Graduate,Yes,6700000,22700000,18,538,15300000,5800000,20400000,6400000,0,3.388059701492537,47900000,0.47390396659707723
3,Not Graduate,Yes,5000000,11600000,16,311,6400000,9600000,14600000,4300000,0,2.32,34900000,0.332378223495702
2,Graduate,Yes,9100000,31500000,14,679,10800000,16600000,20900000,5000000,1,3.4615384615384617,53300000,0.5909943714821764
1,Not Graduate,No,1900000,7400000,6,469,1900000,1200000,5900000,1900000,0,3.8947368421052633,10900000,0.6788990825688074
5,Not Graduate,No,4700000,10700000,10,794,5700000,3900000,16400000,4400000,1,2.276595744680851,30400000,0.3519736842105263
2,Graduate,Yes,500000,1600000,4,663,1300000,100000,1300000,700000,1,3.2,3400000,0.47058823529411764
4,Not Graduate,Yes,2900000,9400000,14,780,2900000,2800000,6700000,4300000,1,3.2413793103448274,16700000,0.562874251497006
2,Graduate,No,2700000,10300000,10,736,1000000,0,6200000,3300000,1,3.814814814814815,10500000,0.9809523809523809
5,Graduate,No,6300000,14600000,12,652,10300000,3500000,23500000,5900000,1,2.3174603174603177,43200000,0.33796296296296297
2,Graduate,No,5000000,19400000,12,315,9500000,1600000,18000000,6100000,0,3.88,35200000,0.5511363636363636
4,Graduate,No,5800000,14000000,16,530,3800000,11300000,22200000,5400000,0,2.413793103448276,42700000,0.32786885245901637
4,Graduate,Yes,6500000,25700000,18,311,13100000,1700000,19500000,8500000,0,3.953846153846154,42800000,0.6004672897196262
0,Not Graduate,Yes,500000,1400000,2,551,900000,600000,1100000,300000,1,2.8,2900000,0.4827586206896552
0,Not Graduate,No,4900000,9800000,16,324,3800000,8700000,10000000,3300000,0,2.0,25800000,0.3798449612403101
5,Not Graduate,No,3100000,9500000,20,514,7900000,3100000,6600000,2600000,0,3.064516129032258,20200000,0.47029702970297027
4,Graduate,No,8200000,28100000,12,696,11500000,10600000,25300000,7200000,1,3.426829268292683,54600000,0.5146520146520146
4,Not Graduate,Yes,2400000,5600000,4,662,4500000,4200000,5400000,2500000,1,2.3333333333333335,16600000,0.3373493975903614
5,Not Graduate,Yes,7000000,24000000,6,336,2300000,11900000,27500000,9700000,0,3.4285714285714284,51400000,0.4669260700389105
3,Not Graduate,Yes,9000000,31500000,10,850,21800000,12400000,33700000,8000000,1,3.5,75900000,0.4150197628458498
2,Not Graduate,No,9800000,25300000,12,313,20200000,5200000,25500000,9300000,0,2.5816326530612246,60200000,0.420265780730897
2,Graduate,No,5700000,12000000,6,363,3600000,7400000,21700000,4300000,0,2.1052631578947367,37000000,0.32432432432432434
1,Not Graduate,Yes,800000,1600000,10,436,700000,200000,2200000,1000000,0,2.0,4100000,0.3902439024390244
5,Not Graduate,Yes,8400000,22000000,2,830,3800000,3900000,19900000,5400000,1,2.619047619047619,33000000,0.6666666666666666
3,Graduate,No,4900000,11900000,8,612,9700000,1200000,19000000,5800000,1,2.4285714285714284,35700000,0.3333333333333333
2,Graduate,Yes,1700000,3400000,8,691,2700000,2800000,6000000,900000,1,2.0,12400000,0.27419354838709675
3,Not Graduate,No,1600000,6200000,18,636,3400000,700000,5300000,1400000,1,3.875,10800000,0.5740740740740741
5,Graduate,Yes,8000000,27200000,6,348,6400000,300000,16700000,7100000,0,3.4,30500000,0.8918032786885246
5,Graduate,No,3600000,7700000,16,830,7000000,1300000,10000000,2900000,1,2.138888888888889,21200000,0.3632075471698113
3,Not Graduate,Yes,1500000,5100000,6,352,100000,200000,5600000,900000,0,3.4,6800000,0.75
1,Graduate,No,7800000,18100000,2,712,8600000,11200000,21700000,9000000,1,2.3205128205128207,50500000,0.3584158415841584
2,Not Graduate,No,9100000,24900000,16,822,22300000,12100000,31000000,5200000,1,2.7362637362637363,70600000,0.3526912181303116
3,Graduate,No,1400000,3400000,6,540,200000,1500000,3900000,800000,0,2.4285714285714284,6400000,0.53125
2,Graduate,Yes,800000,2300000,12,342,2200000,1300000,1800000,800000,0,2.875,6100000,0.3770491803278688
5,Graduate,No,6500000,13400000,18,787,18200000,300000,16200000,5400000,1,2.0615384615384613,40100000,0.3341645885286783
4,Graduate,No,8000000,27800000,16,331,13000000,6300000,21400000,10900000,0,3.475,51600000,0.5387596899224806
3,Not Graduate,Yes,4200000,14600000,6,679,2400000,6900000,8700000,4900000,1,3.4761904761904763,22900000,0.6375545851528385
1,Graduate,Yes,4900000,19100000,14,677,5400000,9100000,17700000,6500000,1,3.8979591836734695,38700000,0.4935400516795866
3,Not Graduate,No,5500000,20500000,12,634,800000,8600000,18500000,8200000,1,3.727272727272727,36100000,0.5678670360110804
1,Not Graduate,Yes,9500000,19100000,16,662,100000,10500000,37700000,11700000,1,2.0105263157894737,60000000,0.31833333333333336
4,Graduate,No,7300000,25400000,16,502,500000,1800000,20500000,10500000,0,3.4794520547945207,33300000,0.7627627627627628
2,Graduate,No,8700000,24700000,10,435,6800000,3500000,21800000,11300000,0,2.839080459770115,43400000,0.5691244239631337
5,Not Graduate,No,3800000,7600000,4,689,8700000,100000,9300000,3400000,1,2.0,21500000,0.35348837209302325
1,Not Graduate,Yes,8400000,23000000,12,657,15400000,14800000,31900000,8200000,1,2.738095238095238,70300000,0.32716927453769556
2,Graduate,Yes,5100000,19700000,20,590,7400000,9300000,19400000,3400000,1,3.8627450980392157,39500000,0.49873417721518987
5,Not Graduate,No,6700000,24500000,12,818,1200000,5600000,16300000,6200000,1,3.656716417910448,29300000,0.8361774744027304
2,Not Graduate,No,4300000,10600000,18,431,2100000,1500000,9300000,5200000,0,2.4651162790697674,18100000,0.585635359116022
5,Graduate,Yes,9300000,30500000,18,841,19300000,10300000,34600000,8700000,1,3.2795698924731185,72900000,0.41838134430727025
1,Graduate,No,7400000,18400000,20,421,18500000,9100000,17500000,4100000,0,2.4864864864864864,49200000,0.37398373983739835
4,Not Graduate,Yes,5500000,18200000,16,797,-100000,4900000,18600000,4800000,1,3.309090909090909,28200000,0.6453900709219859
2,Not Graduate,No,8500000,18900000,18,478,23800000,16300000,25900000,11400000,0,2.223529411764706,77400000,0.2441860465116279
3,Not Graduate,Yes,9600000,30500000,18,669,4700000,1900000,26500000,9300000,1,3.1770833333333335,42400000,0.7193396226415094
5,Not Graduate,Yes,8800000,28900000,6,365,24400000,8600000,27400000,4700000,0,3.284090909090909,65100000,0.44393241167434716
3,Not Graduate,Yes,3300000,7500000,20,586,1600000,5600000,10500000,2900000,1,2.272727272727273,20600000,0.3640776699029126
4,Graduate,Yes,3900000,12300000,18,784,7600000,6900000,13100000,2800000,1,3.1538461538461537,30400000,0.40460526315789475
1,Graduate,No,4100000,10300000,12,364,9500000,6100000,14900000,2800000,0,2.5121951219512195,33300000,0.30930930930930933
3,Not Graduate,No,8300000,29100000,10,715,6100000,11900000,24100000,11900000,1,3.5060240963855422,54000000,0.5388888888888889
0,Not Graduate,Yes,2700000,10100000,20,693,200000,1700000,5900000,1400000,0,3.740740740740741,9200000,1.0978260869565217
4,Graduate,No,5600000,12400000,4,777,5500000,3100000,11800000,5500000,1,2.2142857142857144,25900000,0.47876447876447875
0,Graduate,No,1900000,5000000,12,312,4000000,2800000,4900000,2400000,0,2.6315789473684212,14100000,0.3546099290780142
4,Not Graduate,Yes,500000,1500000,20,340,100000,200000,1900000,600000,0,3.0,2800000,0.5357142857142857
5,Graduate,Yes,5300000,18600000,4,386,2700000,9700000,11900000,4200000,1,3.509433962264151,28500000,0.6526315789473685
5,Not Graduate,No,7000000,18300000,4,418,18400000,11700000,21500000,7600000,0,2.6142857142857143,59200000,0.3091216216216216
3,Not Graduate,Yes,5800000,16700000,16,735,3900000,9400000,12600000,5600000,1,2.8793103448275863,31500000,0.5301587301587302
2,Not Graduate,No,2600000,8400000,6,494,6500000,3800000,5600000,2000000,0,3.230769230769231,17900000,0.4692737430167598
2,Not Graduate,No,1900000,6500000,18,671,600000,2500000,4800000,1100000,1,3.4210526315789473,9000000,0.7222222222222222
4,Graduate,No,5700000,14800000,16,697,14300000,7800000,12900000,6300000,1,2.5964912280701755,41300000,0.3583535108958838
0,Graduate,No,9000000,33500000,8,801,11600000,8900000,35400000,11100000,1,3.7222222222222223,67000000,0.5
2,Not Graduate,No,8500000,29400000,12,576,17600000,5600000,25200000,9000000,1,3.458823529411765,57400000,0.5121951219512195
0,Not Graduate,No,700000,1400000,14,639,1900000,700000,2400000,900000,1,2.0,5900000,0.23728813559322035
4,Graduate,No,3500000,8900000,4,470,1300000,2200000,12300000,2000000,0,2.5428571428571427,17800000,0.5
0,Not Graduate,No,8800000,31200000,4,826,2900000,500000,33300000,8600000,1,3.5454545454545454,45300000,0.6887417218543046
2,Not Graduate,Yes,9900000,21200000,16,363,25500000,11400000,26600000,6800000,0,2.1414141414141414,70300000,0.3015647226173542
3,Graduate,No,3600000,8600000,20,613,9400000,300000,10300000,3300000,1,2.388888888888889,23300000,0.36909871244635195
3,Not Graduate,Yes,3000000,8200000,16,713,5300000,5800000,11000000,3400000,1,2.7333333333333334,25500000,0.3215686274509804
2,Graduate,No,6800000,21200000,16,439,17100000,4700000,23300000,3600000,0,3.1176470588235294,48700000,0.4353182751540041
5,Not Graduate,Yes,1100000,3800000,18,387,1300000,1200000,3800000,1600000,0,3.4545454545454546,7900000,0.4810126582278481
1,Not Graduate,Yes,8700000,28300000,8,402,20400000,13600000,27900000,10200000,0,3.2528735632183907,72100000,0.3925104022191401
4,Graduate,Yes,2000000,8000000,6,837,5100000,2600000,3900000,2900000,1,4.0,14500000,0.5517241379310345
2,Not Graduate,No,9800000,37600000,10,641,24100000,0,23400000,7600000,1,3.836734693877551,55100000,0.6823956442831216
4,Graduate,No,5700000,21100000,18,489,500000,4300000,12500000,6000000,0,3.7017543859649122,23300000,0.9055793991416309
4,Graduate,No,8800000,20700000,18,540,19200000,3200000,22400000,12700000,0,2.352272727272727,57500000,0.36
4,Graduate,No,3800000,8900000,4,844,9100000,3500000,13100000,4700000,1,2.3421052631578947,30400000,0.29276315789473684
1,Graduate,No,1700000,6400000,10,452,900000,1100000,5600000,2100000,0,3.764705882352941,9700000,0.6597938144329897
2,Graduate,No,1000000,2000000,10,366,1200000,400000,3200000,1300000,0,2.0,6100000,0.32786885245901637
5,Graduate,No,300000,1100000,2,300,100000,500000,700000,400000,1,3.6666666666666665,1700000,0.6470588235294118
2,Graduate,Yes,6600000,15000000,18,470,1200000,4800000,18200000,7000000,0,2.272727272727273,31200000,0.4807692307692308
2,Not Graduate,No,8700000,25000000,20,861,14700000,8500000,23200000,7300000,1,2.8735632183908044,53700000,0.4655493482309125
4,Graduate,No,9400000,29400000,12,562,25900000,15200000,36400000,7100000,1,3.127659574468085,84600000,0.3475177304964539
0,Graduate,No,4400000,10800000,14,463,2400000,4800000,13800000,4700000,0,2.4545454545454546,25700000,0.42023346303501946
4,Not Graduate,No,400000,900000,12,478,700000,100000,1200000,100000,0,2.25,2100000,0.42857142857142855
2,Not Graduate,Yes,300000,1100000,2,702,300000,200000,500000,200000,1,3.6666666666666665,1200000,0.9166666666666666
2,Not Graduate,Yes,4300000,12900000,20,618,11400000,3600000,11400000,2400000,1,3.0,28800000,0.4479166666666667
4,Graduate,No,1600000,4500000,12,633,700000,1700000,4100000,1900000,1,2.8125,8400000,0.5357142857142857
5,Not Graduate,Yes,6200000,23600000,10,331,18500000,10300000,23800000,8700000,0,3.806451612903226,61300000,0.38499184339314846
3,Not Graduate,Yes,4200000,9700000,16,841,7800000,300000,16700000,5100000,1,2.3095238095238093,29900000,0.32441471571906355
4,Not Graduate,Yes,9000000,18100000,12,764,600000,16500000,20800000,11600000,1,2.011111111111111,49500000,0.3656565656565657
0,Graduate,No,2700000,10600000,6,591,1300000,2700000,9900000,1800000,1,3.925925925925926,15700000,0.6751592356687898
1,Graduate,Yes,9700000,35900000,2,719,19600000,7600000,20400000,10900000,1,3.7010309278350517,58500000,0.6136752136752137
2,Graduate,No,3300000,6800000,14,317,3400000,300000,11700000,3600000,0,2.0606060606060606,19000000,0.35789473684210527
0,Not Graduate,No,300000,1100000,8,778,800000,200000,900000,100000,1,3.6666666666666665,2000000,0.55
3,Graduate,Yes,7400000,18200000,14,302,5600000,3100000,17900000,5000000,0,2.4594594594594597,31600000,0.5759493670886076
5,Not Graduate,No,7100000,19700000,8,502,7300000,5600000,25300000,9800000,0,2.7746478873239435,48000000,0.41041666666666665
5,Not Graduate,Yes,7300000,22100000,18,879,19500000,10600000,19300000,9800000,1,3.0273972602739727,59200000,0.3733108108108108
1,Not Graduate,No,8400000,23400000,14,437,15400000,5800000,33400000,8100000,0,2.7857142857142856,62700000,0.37320574162679426
0,Not Graduate,Yes,3300000,10800000,12,797,600000,6000000,7700000,3300000,1,3.272727272727273,17600000,0.6136363636363636
4,Not Graduate,Yes,5800000,23200000,18,456,16100000,4200000,22600000,7500000,0,4.0,50400000,0.4603174603174603
0,Not Graduate,No,600000,1600000,6,647,1500000,600000,1500000,700000,1,2.6666666666666665,4300000,0.37209302325581395
0,Not Graduate,No,7200000,15800000,12,379,12700000,12200000,21500000,3600000,0,2.1944444444444446,50000000,0.316
1,Not Graduate,Yes,9100000,32900000,2,717,2200000,2000000,23600000,5900000,1,3.6153846153846154,33700000,0.9762611275964391
5,Graduate,No,900000,2300000,16,545,100000,200000,2700000,800000,0,2.5555555555555554,3800000,0.6052631578947368
2,Graduate,No,800000,3200000,8,317,300000,1000000,2000000,900000,0,4.0,4200000,0.7619047619047619
1,Not Graduate,No,8500000,32900000,10,570,5100000,6200000,20500000,5500000,1,3.8705882352941177,37300000,0.8820375335120644
0,Not Graduate,Yes,9000000,18700000,18,865,26800000,0,20900000,11300000,1,2.077777777777778,59000000,0.3169491525423729
3,Graduate,No,7000000,19500000,14,719,12200000,10300000,18200000,10200000,1,2.7857142857142856,50900000,0.3831041257367387
3,Graduate,No,200000,600000,16,821,400000,100000,500000,100000,1,3.0,1100000,0.5454545454545454
4,Not Graduate,Yes,400000,800000,10,859,900000,500000,800000,200000,1,2.0,2400000,0.3333333333333333
3,Not Graduate,No,5100000,18200000,10,395,100000,8000000,15500000,6300000,0,3.5686274509803924,29900000,0.6086956521739131
2,Not Graduate,Yes,700000,2600000,12,429,1600000,1300000,2700000,800000,0,3.7142857142857144,6400000,0.40625
3,Graduate,No,400000,1200000,12,861,200000,600000,1100000,200000,1,3.0,2100000,0.5714285714285714
0,Not Graduate,Yes,9500000,20800000,14,565,15100000,11900000,33900000,13400000,1,2.1894736842105265,74300000,0.27994616419919244
5,Graduate,No,8800000,22600000,10,357,7900000,8600000,18200000,4900000,0,2.5681818181818183,39600000,0.5707070707070707
3,Not Graduate,Yes,1800000,3600000,18,465,600000,500000,5400000,2600000,0,2.0,9100000,0.3956043956043956
4,Not Graduate,Yes,6800000,13900000,8,479,11700000,9100000,25700000,9600000,0,2.0441176470588234,56100000,0.24777183600713013
3,Not Graduate,No,1500000,5500000,16,717,2100000,800000,4400000,1300000,1,3.6666666666666665,8600000,0.6395348837209303
3,Graduate,No,1600000,5500000,12,425,600000,800000,5400000,900000,0,3.4375,7700000,0.7142857142857143
2,Not Graduate,No,4600000,16700000,2,786,200000,5900000,13900000,6100000,1,3.630434782608696,26100000,0.6398467432950191
5,Not Graduate,Yes,2200000,6700000,6,382,4400000,1300000,8600000,1100000,0,3.0454545454545454,15400000,0.43506493506493504
3,Not Graduate,Yes,2900000,8500000,12,564,1000000,3100000,7500000,1800000,1,2.9310344827586206,13400000,0.6343283582089553
0,Graduate,No,200000,700000,8,501,500000,200000,700000,100000,0,3.5,1500000,0.4666666666666667
2,Not Graduate,Yes,2500000,9400000,10,727,6600000,4100000,9500000,3300000,1,3.76,23500000,0.4
4,Not Graduate,No,3600000,7500000,6,894,1100000,6500000,7400000,2800000,1,2.0833333333333335,17800000,0.42134831460674155
0,Graduate,Yes,5500000,16700000,18,829,5500000,1300000,12800000,5900000,1,3.036363636363636,25500000,0.6549019607843137
4,Not Graduate,No,6600000,17400000,20,506,2600000,10000000,25900000,7200000,0,2.6363636363636362,45700000,0.38074398249452956
2,Graduate,Yes,8600000,32100000,6,802,9400000,16700000,24500000,9800000,1,3.7325581395348837,60400000,0.5314569536423841
5,Not Graduate,No,600000,1500000,14,543,300000,900000,2100000,300000,0,2.5,3600000,0.4166666666666667
3,Graduate,Yes,1400000,3200000,20,772,2400000,900000,5100000,1600000,1,2.2857142857142856,10000000,0.32
3,Graduate,No,4000000,11100000,12,572,9700000,100000,12500000,2400000,1,2.775,24700000,0.4493927125506073
0,Not Graduate,Yes,4900000,11900000,16,709,14600000,900000,18500000,3800000,1,2.4285714285714284,37800000,0.3148148148148148
5,Graduate,No,2000000,6200000,18,402,4000000,2100000,7200000,1100000,0,3.1,14400000,0.4305555555555556
1,Not Graduate,Yes,5200000,19300000,8,481,14300000,9500000,18800000,4200000,0,3.7115384615384617,46800000,0.41239316239316237
5,Graduate,Yes,8900000,28800000,6,772,13600000,5500000,20400000,8400000,1,3.235955056179775,47900000,0.6012526096033403
1,Graduate,Yes,6500000,20600000,2,306,15900000,1900000,18100000,3200000,1,3.169230769230769,39100000,0.5268542199488491
2,Not Graduate,No,1300000,4500000,6,415,0,900000,2900000,1200000,0,3.4615384615384617,5000000,0.9
3,Not Graduate,No,9400000,35000000,16,548,18200000,4400000,36100000,4800000,0,3.723404255319149,63500000,0.5511811023622047
5,Not Graduate,No,5000000,11200000,8,701,9100000,500000,14000000,4600000,1,2.24,28200000,0.3971631205673759
2,Graduate,No,3000000,7700000,12,890,4700000,4300000,8400000,2100000,1,2.566666666666667,19500000,0.39487179487179486
5,Not Graduate,Yes,9900000,33300000,6,364,5300000,18700000,27800000,8300000,0,3.3636363636363638,60100000,0.5540765391014975
5,Graduate,Yes,700000,1300000,20,704,1600000,0,2200000,600000,1,1.8571428571428572,4400000,0.29545454545454547
3,Graduate,Yes,4000000,10600000,10,318,1500000,5100000,8000000,4900000,0,2.65,19500000,0.5435897435897435
5,Not Graduate,No,3100000,9600000,2,761,5800000,1800000,10400000,4200000,1,3.096774193548387,22200000,0.43243243243243246
4,Not Graduate,No,4500000,15100000,6,693,3700000,1500000,17800000,6000000,1,3.3555555555555556,29000000,0.5206896551724138
3,Not Graduate,No,9700000,20600000,16,524,24200000,11100000,27400000,6100000,0,2.1237113402061856,68800000,0.29941860465116277
2,Not Graduate,Yes,2000000,5300000,10,681,4900000,1400000,4300000,2900000,1,2.65,13500000,0.3925925925925926
2,Graduate,Yes,8100000,22300000,18,737,22300000,12600000,27000000,7300000,1,2.753086419753086,69200000,0.3222543352601156
0,Not Graduate,No,5700000,15900000,16,638,100000,9500000,16300000,4500000,1,2.789473684210526,30400000,0.5230263157894737
4,Not Graduate,No,5800000,12800000,2,656,500000,5000000,16000000,2800000,1,2.206896551724138,24300000,0.5267489711934157
1,Graduate,No,1800000,6500000,6,540,2500000,3200000,5000000,1100000,0,3.611111111111111,11800000,0.5508474576271186
4,Not Graduate,Yes,9100000,35200000,6,341,1000000,300000,23100000,8200000,0,3.868131868131868,32600000,1.0797546012269938
0,Not Graduate,Yes,4800000,17500000,2,371,11700000,6800000,18700000,3500000,1,3.6458333333333335,40700000,0.42997542997543
3,Not Graduate,Yes,3800000,10500000,12,886,4000000,500000,14900000,2300000,1,2.763157894736842,21700000,0.4838709677419355
0,Not Graduate,No,1900000,4100000,18,801,400000,800000,4800000,1200000,1,2.1578947368421053,7200000,0.5694444444444444
3,Not Graduate,Yes,3600000,9500000,16,748,7700000,2400000,9700000,2600000,1,2.638888888888889,22400000,0.42410714285714285
2,Not Graduate,Yes,7400000,28200000,8,376,21900000,5000000,17400000,5200000,0,3.810810810810811,49500000,0.5696969696969697
4,Not Graduate,Yes,6600000,14300000,8,371,10800000,9500000,18500000,7400000,0,2.1666666666666665,46200000,0.30952380952380953
2,Graduate,No,1800000,5300000,6,826,4500000,700000,6500000,1300000,1,2.9444444444444446,13000000,0.4076923076923077
4,Not Graduate,No,9200000,27200000,12,873,4500000,1800000,33800000,11400000,1,2.9565217391304346,51500000,0.5281553398058253
5,Not Graduate,Yes,2400000,8600000,8,309,500000,600000,5700000,2800000,0,3.5833333333333335,9600000,0.8958333333333334
4,Not Graduate,No,5600000,13300000,20,869,3300000,7500000,20000000,6500000,1,2.375,37300000,0.35656836461126007
5,Graduate,No,3800000,13900000,12,534,4700000,2900000,8200000,2800000,0,3.6578947368421053,18600000,0.7473118279569892
3,Not Graduate,Yes,4500000,17900000,6,787,9800000,3600000,14300000,4200000,1,3.977777777777778,31900000,0.5611285266457681
0,Graduate,Yes,900000,2200000,16,566,100000,700000,2000000,600000,1,2.4444444444444446,3400000,0.6470588235294118
0,Not Graduate,No,2800000,9900000,8,742,4900000,1300000,6700000,1700000,1,3.5357142857142856,14600000,0.678082191780822
2,Not Graduate,No,7500000,23100000,4,824,12100000,10900000,26300000,9500000,1,3.08,58800000,0.39285714285714285
4,Graduate,No,1400000,3100000,14,575,3000000,2100000,4900000,1400000,1,2.2142857142857144,11400000,0.2719298245614035
2,Graduate,Yes,3800000,10900000,10,766,1900000,3900000,8600000,3000000,1,2.8684210526315788,17400000,0.6264367816091954
1,Not Graduate,Yes,1700000,5000000,10,888,2900000,900000,4100000,2200000,1,2.9411764705882355,10100000,0.49504950495049505
3,Graduate,Yes,9000000,30400000,6,638,16800000,11000000,26900000,9200000,1,3.3777777777777778,63900000,0.4757433489827856
5,Not Graduate,Yes,7300000,23300000,6,622,7100000,11600000,26400000,10500000,1,3.191780821917808,55600000,0.41906474820143885
1,Not Graduate,No,7400000,19800000,18,458,12600000,6200000,27700000,4000000,0,2.675675675675676,50500000,0.3920792079207921
1,Not Graduate,No,9000000,28200000,16,327,1700000,2300000,24000000,11200000,0,3.1333333333333333,39200000,0.7193877551020408
0,Not Graduate,No,3000000,6500000,2,612,8800000,3400000,6700000,1700000,1,2.1666666666666665,20600000,0.3155339805825243
1,Graduate,No,800000,2900000,8,682,2200000,1100000,2900000,700000,1,3.625,6900000,0.42028985507246375
2,Graduate,No,4800000,13200000,2,583,13700000,5800000,9500000,5200000,1,2.75,34200000,0.38596491228070173
5,Not Graduate,No,6400000,18300000,8,697,10000000,3600000,22500000,3600000,1,2.859375,39700000,0.4609571788413098
3,Graduate,No,9200000,27100000,12,306,5800000,11500000,28000000,9600000,0,2.9456521739130435,54900000,0.4936247723132969
4,Not Graduate,Yes,400000,1500000,2,669,-100000,600000,900000,500000,1,3.75,1900000,0.7894736842105263
2,Not Graduate,No,2800000,6000000,18,816,6300000,4200000,8000000,3400000,1,2.142857142857143,21900000,0.273972602739726
4,Not Graduate,Yes,8500000,28900000,20,455,15200000,5800000,22500000,9400000,0,3.4,52900000,0.5463137996219282
3,Graduate,Yes,4700000,16400000,10,318,11400000,8100000,16200000,4300000,0,3.4893617021276597,40000000,0.41
4,Not Graduate,Yes,9800000,21200000,20,355,22000000,8900000,31800000,14400000,0,2.163265306122449,77100000,0.27496757457846954
2,Not Graduate,Yes,3800000,8900000,16,389,200000,5600000,12200000,2200000,0,2.3421052631578947,20200000,0.4405940594059406
2,Graduate,No,500000,1500000,2,888,1500000,300000,1500000,600000,1,3.0,3900000,0.38461538461538464
2,Graduate,Yes,6900000,15600000,6,352,13000000,5300000,22600000,10000000,0,2.260869565217391,50900000,0.30648330058939094
4,Not Graduate,Yes,9600000,30100000,12,870,300000,6700000,38200000,5600000,1,3.1354166666666665,50800000,0.59251968503937
3,Not Graduate,No,2900000,6500000,18,827,8300000,600000,10400000,3200000,1,2.2413793103448274,22500000,0.28888888888888886
2,Graduate,No,9800000,20900000,12,768,3400000,10200000,38600000,13400000,1,2.13265306122449,65600000,0.31859756097560976
0,Graduate,No,7100000,15400000,18,707,10300000,10800000,19600000,5800000,1,2.1690140845070425,46500000,0.3311827956989247
1,Not Graduate,Yes,7700000,19100000,10,355,11300000,4900000,21900000,6600000,0,2.4805194805194803,44700000,0.4272930648769575
3,Graduate,No,1400000,3300000,2,652,100000,2100000,3500000,1900000,1,2.357142857142857,7600000,0.4342105263157895
3,Graduate,No,7800000,15900000,2,665,14400000,900000,27200000,5400000,1,2.0384615384615383,47900000,0.33194154488517746
5,Not Graduate,Yes,1700000,6000000,18,420,500000,1600000,3700000,2300000,0,3.5294117647058822,8100000,0.7407407407407407
2,Not Graduate,No,8500000,32700000,18,471,12600000,9400000,33900000,12500000,0,3.847058823529412,68400000,0.4780701754385965
5,Not Graduate,No,1900000,7500000,20,715,5100000,2800000,6500000,2800000,1,3.9473684210526314,17200000,0.436046511627907
2,Not Graduate,Yes,6700000,15200000,10,689,0,8200000,15000000,6800000,1,2.2686567164179103,30000000,0.5066666666666667
3,Graduate,Yes,6900000,16400000,4,787,11100000,6100000,26400000,3800000,1,2.3768115942028984,47400000,0.3459915611814346
2,Graduate,No,2600000,7800000,4,819,3100000,4300000,5700000,1500000,1,3.0,14600000,0.5342465753424658
4,Graduate,Yes,9600000,21100000,6,809,16100000,9500000,34700000,8700000,1,2.1979166666666665,69000000,0.30579710144927535
1,Not Graduate,Yes,6800000,17000000,2,744,15500000,3900000,23700000,3500000,1,2.5,46600000,0.3648068669527897
0,Not Graduate,No,3200000,11300000,6,484,3500000,5500000,8500000,2100000,0,3.53125,19600000,0.576530612244898
4,Not Graduate,No,2900000,10400000,6,673,5100000,1700000,10600000,1700000,1,3.586206896551724,19100000,0.5445026178010471
3,Graduate,Yes,7900000,21200000,18,695,13800000,10600000,21800000,4900000,1,2.6835443037974684,51100000,0.41487279843444225
4,Not Graduate,Yes,3900000,12400000,12,473,6400000,4700000,13100000,3800000,0,3.1794871794871793,28000000,0.44285714285714284
4,Graduate,Yes,4600000,11000000,2,491,9000000,4000000,16100000,3500000,0,2.391304347826087,32600000,0.3374233128834356
3,Not Graduate,Yes,700000,1700000,8,733,1200000,800000,2400000,500000,1,2.4285714285714284,4900000,0.3469387755102041
0,Not Graduate,No,5200000,15600000,20,434,14100000,5800000,18100000,5500000,0,3.0,43500000,0.3586206896551724
3,Not Graduate,Yes,5900000,20600000,10,777,1900000,4600000,21200000,6400000,1,3.4915254237288136,34100000,0.6041055718475073
4,Graduate,No,7200000,19100000,4,774,9400000,7000000,17900000,3600000,1,2.6527777777777777,37900000,0.503957783641161
1,Not Graduate,Yes,8700000,27000000,10,717,25500000,8600000,17500000,9100000,1,3.103448275862069,60700000,0.44481054365733114
3,Not Graduate,Yes,1100000,3500000,12,503,3000000,400000,2200000,1200000,0,3.1818181818181817,6800000,0.5147058823529411
1,Graduate,Yes,4000000,10900000,14,598,3600000,6600000,13600000,4400000,1,2.725,28200000,0.38652482269503546
2,Graduate,No,9800000,32400000,2,543,24200000,17500000,25700000,7700000,1,3.306122448979592,75100000,0.43142476697736354
0,Not Graduate,Yes,2700000,6800000,20,796,700000,4200000,7000000,1900000,1,2.5185185185185186,13800000,0.4927536231884058
3,Not Graduate,Yes,8800000,34600000,8,386,14800000,16500000,18400000,6000000,0,3.9318181818181817,55700000,0.6211849192100538
5,Not Graduate,Yes,3300000,7800000,16,632,8500000,500000,7100000,4900000,1,2.3636363636363638,21000000,0.37142857142857144
1,Graduate,Yes,6900000,23400000,4,481,18700000,1100000,23400000,10200000,1,3.391304347826087,53400000,0.43820224719101125
3,Graduate,Yes,900000,3500000,4,770,700000,0,2000000,600000,0,3.888888888888889,3300000,1.0606060606060606
3,Graduate,Yes,4100000,15500000,6,667,2800000,1600000,14700000,4000000,1,3.7804878048780486,23100000,0.670995670995671
3,Not Graduate,Yes,4700000,17500000,8,585,1200000,3100000,9600000,4900000,1,3.723404255319149,18800000,0.9308510638297872
5,Graduate,Yes,3400000,11600000,16,479,9200000,5700000,11200000,2400000,0,3.411764705882353,28500000,0.4070175438596491
2,Graduate,No,9600000,22500000,18,851,7400000,16200000,24300000,12700000,1,2.34375,60600000,0.3712871287128713
3,Not Graduate,Yes,7000000,16200000,6,378,20000000,12600000,20300000,5500000,0,2.3142857142857145,58400000,0.2773972602739726
5,Graduate,No,5700000,12900000,18,807,4100000,900000,18600000,5500000,1,2.263157894736842,29100000,0.44329896907216493
1,Not Graduate,Yes,8200000,32400000,18,831,22800000,12300000,17700000,7800000,1,3.951219512195122,60600000,0.5346534653465347
2,Not Graduate,No,2100000,5100000,12,674,2200000,3200000,6400000,2400000,1,2.4285714285714284,14200000,0.3591549295774648
1,Not Graduate,Yes,8000000,28100000,18,725,1900000,12800000,23000000,7500000,1,3.5125,45200000,0.6216814159292036
2,Not Graduate,No,8000000,29300000,4,600,16500000,13200000,29400000,6500000,1,3.6625,65600000,0.44664634146341464
0,Not Graduate,Yes,9400000,27000000,10,536,4400000,1700000,33800000,4800000,0,2.872340425531915,44700000,0.6040268456375839
0,Graduate,No,8400000,20600000,10,477,1500000,1500000,25000000,11900000,0,2.4523809523809526,39900000,0.5162907268170426
1,Not Graduate,Yes,1900000,5000000,6,560,1000000,1900000,6300000,1400000,1,2.6315789473684212,10600000,0.4716981132075472
0,Not Graduate,Yes,4200000,16400000,20,539,9500000,2100000,11400000,3100000,0,3.9047619047619047,26100000,0.6283524904214559
5,Graduate,No,2600000,9100000,8,852,3700000,700000,10300000,3300000,1,3.5,18000000,0.5055555555555555
3,Not Graduate,No,3700000,8500000,20,853,8300000,5700000,7500000,4900000,1,2.2972972972972974,26400000,0.32196969696969696
0,Graduate,No,8800000,30900000,12,729,1700000,700000,25700000,11400000,1,3.5113636363636362,39500000,0.7822784810126582
2,Not Graduate,No,2100000,4700000,2,546,6000000,3200000,5700000,1500000,0,2.238095238095238,16400000,0.2865853658536585
3,Graduate,Yes,900000,2400000,10,489,800000,0,2800000,500000,0,2.6666666666666665,4100000,0.5853658536585366
3,Graduate,Yes,9800000,35400000,6,869,14400000,16400000,22800000,10300000,1,3.6122448979591835,63900000,0.5539906103286385
2,Not Graduate,No,8000000,20000000,2,502,4100000,2200000,31600000,9900000,0,2.5,47800000,0.41841004184100417
0,Graduate,No,9800000,38800000,8,652,23200000,19000000,29700000,5400000,1,3.9591836734693877,77300000,0.5019404915912031
0,Not Graduate,Yes,300000,1100000,8,789,400000,100000,800000,400000,1,3.6666666666666665,1700000,0.6470588235294118
4,Not Graduate,No,2700000,8100000,4,325,5000000,800000,9900000,3400000,1,3.0,19100000,0.42408376963350786
3,Graduate,Yes,7400000,19600000,2,716,4100000,8900000,29100000,4200000,1,2.6486486486486487,46300000,0.42332613390928725
3,Graduate,No,9200000,34300000,18,523,25600000,4000000,29100000,8800000,0,3.7282608695652173,67500000,0.5081481481481481
5,Not Graduate,No,9500000,22200000,20,352,24500000,0,30800000,7000000,0,2.336842105263158,62300000,0.3563402889245586
5,Graduate,Yes,3800000,14400000,2,345,3300000,800000,13000000,4700000,1,3.789473684210526,21800000,0.6605504587155964
0,Graduate,No,8300000,19400000,18,649,2500000,16100000,24300000,11300000,1,2.3373493975903616,54200000,0.35793357933579334
2,Graduate,Yes,2800000,7400000,18,666,100000,2300000,6300000,3400000,1,2.642857142857143,12100000,0.6115702479338843
0,Graduate,No,8600000,20900000,10,813,11300000,11900000,26000000,4800000,1,2.4302325581395348,54000000,0.387037037037037
0,Not Graduate,No,5400000,16800000,10,599,5300000,7400000,14500000,7600000,1,3.111111111111111,34800000,0.4827586206896552
5,Graduate,Yes,4200000,9400000,6,678,4700000,5500000,9900000,5700000,1,2.238095238095238,25800000,0.3643410852713178
5,Not Graduate,No,5200000,12200000,20,513,13400000,2000000,16800000,5400000,0,2.3461538461538463,37600000,0.324468085106383
5,Graduate,No,9400000,27900000,4,870,1100000,200000,29500000,10400000,1,2.9680851063829787,41200000,0.6771844660194175
3,Graduate,No,8800000,20400000,8,483,3200000,11400000,28200000,11800000,0,2.3181818181818183,54600000,0.37362637362637363
1,Graduate,Yes,5900000,16700000,16,308,5800000,8800000,19100000,5300000,0,2.830508474576271,39000000,0.4282051282051282
3,Graduate,Yes,1700000,4900000,16,591,4700000,1000000,4300000,1400000,1,2.8823529411764706,11400000,0.4298245614035088
1,Not Graduate,No,7000000,23000000,10,886,14000000,3700000,26700000,3600000,1,3.2857142857142856,48000000,0.4791666666666667
4,Not Graduate,No,1700000,4000000,6,829,0,1600000,5200000,1700000,1,2.3529411764705883,8500000,0.47058823529411764
0,Not Graduate,No,1500000,4900000,12,651,1600000,2800000,4600000,800000,1,3.2666666666666666,9800000,0.5
4,Not Graduate,No,2000000,4700000,18,733,3700000,3700000,7000000,2800000,1,2.35,17200000,0.27325581395348836
5,Graduate,Yes,3900000,15500000,12,433,9500000,5400000,7900000,4600000,0,3.9743589743589745,27400000,0.5656934306569343
1,Graduate,Yes,900000,3600000,14,713,1300000,1000000,1800000,1200000,1,4.0,5300000,0.6792452830188679
1,Graduate,No,6900000,22500000,18,403,800000,8400000,16900000,6300000,0,3.260869565217391,32400000,0.6944444444444444
0,Graduate,Yes,2800000,7800000,10,405,7800000,2500000,7100000,3400000,0,2.7857142857142856,20800000,0.375
3,Graduate,Yes,6800000,19900000,10,516,16000000,6000000,26000000,8500000,0,2.926470588235294,56500000,0.35221238938053095
4,Not Graduate,Yes,600000,1800000,8,417,1700000,700000,1800000,800000,0,3.0,5000000,0.36
1,Not Graduate,No,4700000,14000000,6,468,11300000,1800000,10600000,4600000,0,2.978723404255319,28300000,0.49469964664310956
5,Graduate,Yes,3000000,11800000,10,672,8700000,3600000,9800000,4100000,1,3.933333333333333,26200000,0.45038167938931295
5,Not Graduate,No,4000000,13900000,6,530,6000000,5600000,12500000,6000000,0,3.475,30100000,0.46179401993355484
1,Not Graduate,Yes,3100000,11300000,14,824,3700000,6000000,11000000,4400000,1,3.6451612903225805,25100000,0.450199203187251
1,Not Graduate,Yes,7700000,25500000,12,549,18100000,10600000,20500000,7000000,0,3.311688311688312,56200000,0.45373665480427045
5,Not Graduate,Yes,4300000,9300000,10,450,2100000,6700000,10000000,4100000,0,2.1627906976744184,22900000,0.40611353711790393
1,Graduate,Yes,5800000,19500000,20,431,13800000,5000000,15600000,3300000,0,3.3620689655172415,37700000,0.5172413793103449
3,Graduate,Yes,3600000,10700000,16,312,2300000,1600000,13100000,5200000,0,2.9722222222222223,22200000,0.481981981981982
0,Not Graduate,Yes,2900000,7600000,8,320,8000000,5600000,9600000,3100000,0,2.6206896551724137,26300000,0.2889733840304182
0,Graduate,No,8800000,20200000,4,433,16000000,4200000,30500000,12400000,0,2.2954545454545454,63100000,0.3201267828843106
1,Not Graduate,Yes,300000,1000000,10,431,400000,500000,900000,100000,0,3.3333333333333335,1900000,0.5263157894736842
5,Not Graduate,Yes,8600000,28900000,8,516,9900000,1800000,30200000,6800000,0,3.36046511627907,48700000,0.5934291581108829
2,Not Graduate,Yes,3500000,12000000,14,476,1100000,6800000,12400000,2900000,0,3.4285714285714284,23200000,0.5172413793103449
5,Graduate,No,800000,2600000,6,560,100000,200000,3000000,1000000,1,3.25,4300000,0.6046511627906976
2,Graduate,No,8000000,27100000,12,674,14400000,400000,25300000,6400000,1,3.3875,46500000,0.5827956989247312
0,Not Graduate,Yes,9900000,38200000,6,573,17200000,10000000,20100000,5900000,1,3.8585858585858586,53200000,0.7180451127819549
2,Not Graduate,No,3300000,6600000,6,331,6300000,2000000,8900000,2700000,0,2.0,19900000,0.3316582914572864
4,Graduate,Yes,2000000,6700000,12,633,100000,800000,4800000,2000000,1,3.35,7700000,0.8701298701298701
3,Not Graduate,No,4900000,12900000,18,877,1800000,7000000,17900000,3300000,1,2.63265306122449,30000000,0.43
5,Not Graduate,Yes,9200000,23600000,12,656,1400000,11200000,36400000,4900000,1,2.5652173913043477,53900000,0.437847866419295
0,Not Graduate,No,7500000,18200000,6,782,7400000,12000000,19800000,4100000,1,2.4266666666666667,43300000,0.42032332563510394
5,Not Graduate,No,9000000,29300000,4,531,10400000,9500000,35500000,5800000,1,3.2555555555555555,61200000,0.47875816993464054
3,Not Graduate,No,1400000,4100000,8,455,3000000,1400000,2900000,2100000,0,2.9285714285714284,9400000,0.43617021276595747
3,Graduate,No,9600000,19900000,14,452,4200000,16200000,28500000,6600000,0,2.0729166666666665,55500000,0.35855855855855856
2,Graduate,No,8400000,33200000,14,474,19600000,15000000,25400000,11500000,0,3.9523809523809526,71500000,0.4643356643356643
3,Not Graduate,No,6400000,24400000,4,483,7800000,2400000,19100000,4500000,1,3.8125,33800000,0.7218934911242604
4,Graduate,No,5900000,16800000,8,481,6900000,11400000,19500000,3300000,0,2.847457627118644,41100000,0.40875912408759124
2,Graduate,Yes,2200000,5100000,20,859,3800000,1200000,6400000,3100000,1,2.3181818181818183,14500000,0.35172413793103446
4,Graduate,Yes,5600000,14100000,14,696,9000000,9200000,16500000,6800000,1,2.517857142857143,41500000,0.3397590361445783
4,Not Graduate,No,9800000,28700000,6,778,16600000,7400000,29700000,11100000,1,2.9285714285714284,64800000,0.44290123456790126
4,Graduate,No,4400000,14600000,4,499,1300000,6500000,16100000,5700000,1,3.3181818181818183,29600000,0.49324324324324326
2,Not Graduate,Yes,2400000,4900000,4,888,6400000,4300000,5100000,3400000,1,2.0416666666666665,19200000,0.2552083333333333
1,Graduate,No,4400000,10800000,12,674,9600000,2700000,17200000,5300000,1,2.4545454545454546,34800000,0.3103448275862069
4,Graduate,No,3700000,13200000,4,802,9800000,2400000,12500000,4300000,1,3.5675675675675675,29000000,0.45517241379310347
4,Not Graduate,Yes,2300000,7800000,8,540,1500000,3400000,4700000,2800000,0,3.391304347826087,12400000,0.6290322580645161
4,Graduate,Yes,5900000,19600000,8,726,17400000,6800000,20100000,8000000,1,3.3220338983050848,52300000,0.37476099426386233
4,Not Graduate,Yes,6400000,23500000,2,485,7300000,2700000,23600000,3900000,1,3.671875,37500000,0.6266666666666667
4,Graduate,Yes,4900000,17100000,6,612,1300000,7000000,19500000,5000000,1,3.489795918367347,32800000,0.5213414634146342
3,Not Graduate,Yes,9500000,24200000,8,879,3100000,17200000,26400000,12700000,1,2.5473684210526315,59400000,0.4074074074074074
2,Not Graduate,No,5700000,16400000,12,708,3700000,800000,15000000,4400000,1,2.8771929824561404,23900000,0.6861924686192469
2,Not Graduate,Yes,2700000,5700000,8,850,3500000,5000000,10500000,3900000,1,2.111111111111111,22900000,0.24890829694323144
2,Not Graduate,Yes,3900000,11300000,12,516,3100000,0,10400000,4600000,0,2.8974358974358974,18100000,0.6243093922651933
0,Not Graduate,No,7800000,28800000,12,465,4700000,7500000,28800000,7400000,0,3.6923076923076925,48400000,0.5950413223140496
0,Graduate,No,1100000,3200000,20,716,1800000,1400000,3600000,1500000,1,2.909090909090909,8300000,0.3855421686746988
4,Not Graduate,No,200000,600000,10,404,0,100000,400000,0,0,3.0,500000,1.2
0,Not Graduate,Yes,4700000,10600000,20,512,8400000,4000000,12300000,7000000,0,2.25531914893617,31700000,0.334384858044164
3,Not Graduate,Yes,8200000,20600000,10,441,16100000,11400000,29100000,6100000,0,2.5121951219512195,62700000,0.32854864433811803
2,Not Graduate,Yes,4600000,18400000,2,555,7700000,2400000,14200000,4200000,1,4.0,28500000,0.6456140350877193
5,Not Graduate,No,1800000,7000000,18,466,2600000,2100000,6000000,1900000,0,3.888888888888889,12600000,0.5555555555555556
3,Graduate,Yes,3200000,8600000,2,427,3900000,1800000,7100000,4700000,0,2.6875,17500000,0.49142857142857144
4,Not Graduate,Yes,5500000,20000000,14,593,15100000,2700000,19900000,4900000,1,3.6363636363636362,42600000,0.4694835680751174
3,Graduate,No,7900000,18300000,10,731,4200000,3400000,22200000,8400000,1,2.3164556962025316,38200000,0.4790575916230366
1,Graduate,Yes,4000000,10100000,16,451,7000000,3900000,14300000,3900000,0,2.525,29100000,0.3470790378006873
3,Not Graduate,Yes,6800000,16900000,18,628,3600000,900000,15600000,4900000,1,2.485294117647059,25000000,0.676
1,Not Graduate,No,2700000,9400000,18,704,5300000,2300000,6400000,2400000,1,3.4814814814814814,16400000,0.573170731707317
2,Not Graduate,No,6800000,23500000,12,341,19300000,11800000,14300000,8500000,0,3.4558823529411766,53900000,0.4359925788497217
5,Graduate,No,8600000,21000000,8,465,11700000,14900000,19500000,9900000,0,2.441860465116279,56000000,0.375
4,Graduate,No,8000000,30100000,4,431,11900000,13800000,18800000,11500000,1,3.7625,56000000,0.5375
1,Graduate,Yes,3700000,12600000,10,424,5400000,1100000,14200000,4400000,0,3.4054054054054053,25100000,0.50199203187251
0,Graduate,No,2600000,5100000,14,678,500000,1200000,6000000,3100000,1,1.9615384615384615,10800000,0.4722222222222222
4,Graduate,No,4200000,16800000,6,381,9600000,3800000,14800000,5900000,0,4.0,34100000,0.49266862170087977
5,Graduate,Yes,8000000,28000000,10,449,18500000,1500000,17400000,3900000,0,3.5,41300000,0.6779661016949152
1,Not Graduate,No,7100000,23500000,12,768,6400000,12100000,22400000,7300000,1,3.3098591549295775,48200000,0.487551867219917
0,Not Graduate,No,2000000,7000000,6,666,0,1200000,4300000,1400000,0,3.5,6900000,1.0144927536231885
4,Not Graduate,Yes,5800000,13300000,14,742,16100000,9300000,16300000,7000000,1,2.293103448275862,48700000,0.2731006160164271
3,Not Graduate,Yes,6700000,15800000,4,445,10500000,7600000,14100000,9100000,0,2.3582089552238807,41300000,0.38256658595641646
2,Graduate,No,7300000,28700000,14,634,5900000,3800000,21200000,10800000,1,3.9315068493150687,41700000,0.6882494004796164
4,Not Graduate,No,3300000,9700000,14,782,2500000,0,10400000,2200000,1,2.9393939393939394,15100000,0.6423841059602649
0,Graduate,No,3000000,7000000,10,781,7200000,600000,11700000,2700000,1,2.3333333333333335,22200000,0.3153153153153153
4,Not Graduate,No,7900000,17200000,14,318,14200000,9500000,23200000,9000000,0,2.1772151898734178,55900000,0.3076923076923077
5,Not Graduate,No,7600000,24100000,18,721,21900000,11500000,22900000,7200000,1,3.1710526315789473,63500000,0.3795275590551181
5,Not Graduate,No,3700000,9800000,4,563,9500000,5100000,11200000,3000000,1,2.6486486486486487,28800000,0.3402777777777778
2,Not Graduate,No,8400000,26300000,4,419,22900000,7900000,29200000,6200000,1,3.130952380952381,66200000,0.3972809667673716
0,Graduate,Yes,8200000,20800000,14,372,3800000,100000,26100000,5200000,0,2.5365853658536586,35200000,0.5909090909090909
0,Not Graduate,No,2900000,9500000,18,885,4300000,2300000,6500000,3500000,1,3.2758620689655173,16600000,0.572289156626506
1,Not Graduate,Yes,9900000,38400000,12,596,10000000,9300000,36500000,6800000,1,3.878787878787879,62600000,0.6134185303514377
0,Graduate,No,4400000,14100000,2,349,3300000,1300000,8800000,6200000,1,3.2045454545454546,19600000,0.7193877551020408
1,Not Graduate,Yes,9000000,32200000,16,468,4500000,16400000,28600000,10900000,0,3.577777777777778,60400000,0.5331125827814569
3,Not Graduate,Yes,6800000,26900000,16,818,14700000,10400000,26300000,7300000,1,3.9558823529411766,58700000,0.45826235093696766
2,Not Graduate,No,8700000,28000000,12,543,16900000,6000000,22900000,6700000,0,3.218390804597701,52500000,0.5333333333333333
3,Graduate,No,9400000,21900000,16,685,8100000,5600000,34500000,5000000,1,2.3297872340425534,53200000,0.4116541353383459
3,Not Graduate,Yes,6000000,12500000,18,851,14600000,5000000,16800000,5000000,1,2.0833333333333335,41400000,0.30193236714975846
1,Not Graduate,Yes,9400000,29800000,10,377,24100000,18500000,30900000,11700000,0,3.1702127659574466,85200000,0.34976525821596244
0,Not Graduate,Yes,1000000,4000000,10,620,2400000,1300000,3700000,1100000,1,4.0,8500000,0.47058823529411764
3,Graduate,Yes,900000,2300000,20,611,600000,1500000,1900000,500000,1,2.5555555555555554,4500000,0.5111111111111111
4,Not Graduate,No,2100000,7700000,4,767,1200000,1700000,6900000,1300000,1,3.6666666666666665,11100000,0.6936936936936937
5,Graduate,Yes,1100000,3200000,20,592,3200000,700000,3500000,500000,1,2.909090909090909,7900000,0.4050632911392405
0,Graduate,Yes,600000,2300000,4,319,1600000,800000,2300000,700000,1,3.8333333333333335,5400000,0.42592592592592593
4,Not Graduate,Yes,9200000,25500000,10,900,9400000,10500000,27400000,12800000,1,2.7717391304347827,60100000,0.4242928452579035
2,Not Graduate,Yes,3600000,12800000,18,814,8600000,4100000,10300000,4100000,1,3.5555555555555554,27100000,0.47232472324723246
5,Not Graduate,Yes,1300000,5000000,10,755,2100000,2200000,4800000,1900000,1,3.8461538461538463,11000000,0.45454545454545453
5,Graduate,Yes,7700000,16800000,20,584,8600000,4800000,23400000,8000000,1,2.1818181818181817,44800000,0.375
4,Graduate,Yes,9500000,23500000,14,380,22900000,6700000,25100000,7300000,0,2.473684210526316,62000000,0.3790322580645161
2,Not Graduate,Yes,5000000,17600000,20,465,6200000,5200000,16500000,5200000,0,3.52,33100000,0.5317220543806647
0,Not Graduate,No,500000,1800000,2,531,1300000,500000,1900000,700000,1,3.6,4400000,0.4090909090909091
1,Graduate,Yes,8300000,32100000,16,814,18500000,2700000,28900000,7500000,1,3.8674698795180724,57600000,0.5572916666666666
0,Graduate,No,5300000,17900000,6,678,4700000,3900000,14400000,3600000,1,3.3773584905660377,26600000,0.6729323308270677
2,Not Graduate,Yes,9300000,29000000,12,655,7900000,6800000,29900000,4900000,1,3.118279569892473,49500000,0.5858585858585859
3,Not Graduate,No,2300000,7400000,2,682,6500000,2400000,7600000,2100000,1,3.217391304347826,18600000,0.3978494623655914
1,Not Graduate,No,400000,1300000,6,695,200000,500000,800000,100000,1,3.25,1600000,0.8125
3,Not Graduate,No,3200000,10800000,4,833,2600000,1000000,8700000,2600000,1,3.375,14900000,0.7248322147651006
5,Not Graduate,Yes,9400000,35300000,16,302,4100000,12500000,37000000,12900000,0,3.75531914893617,66500000,0.530827067669173
1,Graduate,No,2300000,6600000,2,357,5900000,200000,6000000,2200000,0,2.869565217391304,14300000,0.46153846153846156
5,Not Graduate,No,4300000,14500000,12,302,12500000,4300000,12500000,5100000,0,3.372093023255814,34400000,0.42151162790697677
0,Graduate,Yes,6200000,22400000,18,873,15700000,6600000,15800000,8200000,1,3.6129032258064515,46300000,0.4838012958963283
0,Not Graduate,Yes,7200000,19800000,12,658,12700000,8100000,25000000,7300000,1,2.75,53100000,0.3728813559322034
5,Graduate,Yes,2400000,8700000,18,877,2800000,2900000,7100000,1100000,1,3.625,13900000,0.6258992805755396
3,Not Graduate,No,2900000,6300000,8,648,3400000,3400000,7600000,1400000,1,2.1724137931034484,15800000,0.3987341772151899
1,Graduate,No,1400000,5200000,12,730,2900000,0,3700000,700000,1,3.7142857142857144,7300000,0.7123287671232876
4,Not Graduate,Yes,2200000,8200000,14,737,5800000,2800000,8200000,1400000,1,3.727272727272727,18200000,0.45054945054945056
2,Graduate,Yes,800000,3200000,10,584,0,200000,2100000,700000,0,4.0,3000000,1.0666666666666667
0,Graduate,No,600000,1700000,2,621,400000,400000,2000000,200000,1,2.8333333333333335,3000000,0.5666666666666667
4,Graduate,Yes,700000,2700000,16,583,1100000,1200000,1400000,300000,1,3.857142857142857,4000000,0.675
2,Not Graduate,No,8400000,25900000,16,621,8600000,13400000,33500000,4200000,1,3.0833333333333335,59700000,0.4338358458961474
2,Not Graduate,No,7100000,21500000,16,610,5800000,12100000,14200000,9300000,1,3.028169014084507,41400000,0.5193236714975845
4,Graduate,No,5400000,15700000,18,452,13700000,2600000,16500000,6600000,0,2.9074074074074074,39400000,0.39847715736040606
5,Graduate,No,3700000,7300000,18,339,9300000,100000,13900000,5300000,0,1.972972972972973,28600000,0.25524475524475526
3,Graduate,Yes,5200000,15200000,16,650,1300000,5700000,13500000,4100000,1,2.923076923076923,24600000,0.6178861788617886
4,Not Graduate,Yes,200000,700000,10,672,200000,200000,300000,300000,1,3.5,1000000,0.7
3,Graduate,No,500000,1000000,20,501,800000,800000,900000,200000,0,2.0,2700000,0.37037037037037035
2,Not Graduate,Yes,1800000,5700000,4,809,1200000,1900000,6300000,2400000,1,3.1666666666666665,11800000,0.4830508474576271
5,Graduate,Yes,9200000,29400000,8,318,18000000,5900000,33800000,5400000,0,3.1956521739130435,63100000,0.4659270998415214
4,Not Graduate,No,900000,3300000,10,649,0,400000,1800000,1200000,1,3.6666666666666665,3400000,0.9705882352941176
3,Not Graduate,No,7500000,28300000,12,367,9200000,11300000,22700000,7000000,0,3.7733333333333334,50200000,0.5637450199203188
5,Not Graduate,No,3000000,11800000,6,847,8200000,2200000,7100000,2300000,1,3.933333333333333,19800000,0.5959595959595959
5,Graduate,No,7100000,18900000,12,360,10700000,1100000,19800000,8500000,0,2.6619718309859155,40100000,0.4713216957605985
1,Graduate,Yes,3500000,7200000,2,865,4100000,3200000,11900000,4200000,1,2.057142857142857,23400000,0.3076923076923077
4,Not Graduate,No,4900000,18800000,16,880,4200000,4700000,13200000,2600000,1,3.836734693877551,24700000,0.7611336032388664
1,Graduate,No,4100000,8400000,20,608,1400000,8000000,10000000,4400000,1,2.048780487804878,23800000,0.35294117647058826
0,Graduate,Yes,800000,2100000,6,760,300000,100000,1600000,600000,1,2.625,2600000,0.8076923076923077
3,Graduate,Yes,1700000,4600000,12,385,1500000,1300000,5200000,1700000,0,2.7058823529411766,9700000,0.4742268041237113
0,Graduate,Yes,6100000,23300000,12,478,3800000,2300000,17700000,4900000,0,3.819672131147541,28700000,0.8118466898954704
1,Graduate,Yes,2100000,7700000,16,327,5000000,500000,4700000,2300000,0,3.6666666666666665,12500000,0.616
0,Graduate,No,3100000,9300000,6,663,1300000,1400000,8100000,3800000,1,3.0,14600000,0.636986301369863
2,Not Graduate,Yes,1700000,3500000,20,693,2200000,1400000,4800000,1700000,1,2.0588235294117645,10100000,0.3465346534653465
3,Graduate,No,1700000,5400000,6,710,4800000,700000,5800000,1700000,1,3.176470588235294,13000000,0.4153846153846154
4,Not Graduate,Yes,4000000,14500000,6,711,2400000,5700000,10900000,4100000,1,3.625,23100000,0.6277056277056277
5,Graduate,No,5600000,18400000,8,386,11300000,6700000,11300000,5600000,0,3.2857142857142856,34900000,0.5272206303724928
4,Graduate,Yes,3900000,11900000,10,855,10200000,4000000,10200000,2800000,1,3.051282051282051,27200000,0.4375
4,Graduate,Yes,6100000,15300000,14,573,1100000,9900000,13300000,8400000,1,2.5081967213114753,32700000,0.46788990825688076
0,Graduate,Yes,1100000,2800000,18,431,500000,300000,4300000,1400000,0,2.5454545454545454,6500000,0.4307692307692308
2,Graduate,No,5500000,14800000,8,364,13000000,4500000,12600000,4500000,0,2.690909090909091,34600000,0.4277456647398844
4,Graduate,Yes,1100000,3600000,14,711,2500000,500000,3600000,600000,1,3.272727272727273,7200000,0.5
4,Not Graduate,Yes,400000,900000,20,771,1000000,500000,1600000,500000,1,2.25,3600000,0.25
3,Graduate,No,9200000,36400000,18,669,3100000,12700000,30900000,12300000,1,3.9565217391304346,59000000,0.6169491525423729
4,Not Graduate,Yes,9300000,27500000,18,338,21500000,500000,34900000,6600000,0,2.956989247311828,63500000,0.4330708661417323
1,Graduate,No,1100000,3500000,8,562,2300000,1200000,3200000,500000,1,3.1818181818181817,7200000,0.4861111111111111
3,Not Graduate,No,5600000,18700000,2,769,8000000,8200000,17300000,4800000,1,3.3392857142857144,38300000,0.48825065274151436
0,Graduate,Yes,6300000,21500000,8,629,600000,3400000,22000000,5200000,1,3.4126984126984126,31200000,0.6891025641025641
3,Graduate,No,8800000,18100000,6,699,6400000,2100000,18500000,9400000,1,2.0568181818181817,36400000,0.49725274725274726
0,Not Graduate,No,8400000,20800000,20,590,5100000,8900000,32100000,10800000,1,2.4761904761904763,56900000,0.3655536028119508
3,Graduate,Yes,1600000,5700000,4,707,3300000,2700000,6200000,2300000,1,3.5625,14500000,0.3931034482758621
3,Not Graduate,Yes,4500000,11400000,8,391,8500000,6800000,9900000,4500000,0,2.533333333333333,29700000,0.3838383838383838
5,Not Graduate,No,6500000,18500000,4,891,13600000,3300000,23600000,7100000,1,2.8461538461538463,47600000,0.38865546218487396
3,Graduate,Yes,9500000,20600000,2,731,13400000,3800000,20700000,9200000,1,2.168421052631579,47100000,0.43736730360934184
3,Not Graduate,No,4700000,16700000,12,775,4000000,1700000,17300000,3500000,1,3.5531914893617023,26500000,0.630188679245283
5,Graduate,Yes,9600000,32400000,2,897,3500000,15400000,26800000,6200000,1,3.375,51900000,0.6242774566473989
5,Graduate,No,8000000,26700000,20,794,8000000,14700000,29900000,7800000,1,3.3375,60400000,0.4420529801324503
2,Graduate,No,7700000,16700000,6,555,12900000,2900000,18100000,8500000,1,2.168831168831169,42400000,0.3938679245283019
1,Not Graduate,Yes,3600000,10300000,12,536,6800000,500000,12200000,2700000,0,2.861111111111111,22200000,0.46396396396396394
2,Not Graduate,No,700000,1700000,10,839,100000,700000,2000000,900000,1,2.4285714285714284,3700000,0.4594594594594595
0,Graduate,Yes,1400000,5100000,6,890,4100000,1900000,5200000,1900000,1,3.642857142857143,13100000,0.3893129770992366
1,Graduate,Yes,8600000,27900000,20,415,12200000,14800000,27100000,7900000,0,3.244186046511628,62000000,0.45
4,Graduate,No,4700000,15700000,4,868,3300000,2500000,13800000,4800000,1,3.3404255319148937,24400000,0.6434426229508197
3,Graduate,Yes,2900000,5800000,12,353,8400000,2600000,10100000,3100000,0,2.0,24200000,0.2396694214876033
4,Not Graduate,No,9000000,29000000,16,590,4600000,15600000,29200000,12300000,1,3.2222222222222223,61700000,0.4700162074554295
5,Graduate,Yes,500000,900000,18,618,1400000,600000,1200000,400000,1,1.8,3600000,0.25
2,Not Graduate,Yes,700000,1700000,10,539,1400000,1000000,1900000,900000,0,2.4285714285714284,5200000,0.3269230769230769
0,Graduate,No,6800000,27000000,4,429,17100000,7600000,21400000,9400000,1,3.9705882352941178,55500000,0.4864864864864865
2,Graduate,No,1800000,4700000,8,792,4500000,1200000,4100000,2200000,1,2.611111111111111,12000000,0.39166666666666666
0,Not Graduate,No,6000000,12400000,2,608,3000000,2100000,17900000,6800000,1,2.066666666666667,29800000,0.4161073825503356
4,Graduate,Yes,5400000,21500000,14,555,4300000,1500000,14300000,7500000,1,3.9814814814814814,27600000,0.7789855072463768
5,Graduate,Yes,8400000,17500000,12,620,15300000,13600000,26000000,5800000,1,2.0833333333333335,60700000,0.2883031301482702
0,Graduate,No,7400000,20900000,6,635,15600000,14000000,21000000,7200000,1,2.824324324324324,57800000,0.3615916955017301
2,Graduate,No,3200000,12500000,10,457,6100000,2000000,8200000,4300000,0,3.90625,20600000,0.6067961165048543
1,Graduate,Yes,5400000,21400000,8,350,2600000,1000000,19700000,6800000,0,3.962962962962963,30100000,0.7109634551495017
5,Graduate,Yes,1000000,2500000,14,885,2200000,100000,2300000,1100000,1,2.5,5700000,0.43859649122807015
0,Graduate,No,4400000,14700000,16,638,4000000,2700000,14400000,2700000,1,3.340909090909091,23800000,0.6176470588235294
1,Graduate,Yes,3800000,10500000,12,710,1800000,6200000,12500000,2500000,1,2.763157894736842,23000000,0.45652173913043476
3,Not Graduate,Yes,6100000,20900000,18,470,500000,8500000,18000000,7500000,0,3.4262295081967213,34500000,0.6057971014492753
5,Not Graduate,Yes,5500000,17300000,16,874,1000000,2900000,13700000,7900000,1,3.1454545454545455,25500000,0.6784313725490196
5,Not Graduate,Yes,500000,1800000,18,411,1000000,500000,1300000,200000,0,3.6,3000000,0.6
0,Not Graduate,Yes,300000,1100000,2,482,200000,100000,1100000,400000,1,3.6666666666666665,1800000,0.6111111111111112
1,Graduate,Yes,6200000,16900000,2,396,10600000,7500000,23700000,7600000,0,2.725806451612903,49400000,0.34210526315789475
0,Not Graduate,No,300000,900000,20,436,0,400000,600000,200000,0,3.0,1200000,0.75
0,Not Graduate,Yes,6900000,22100000,20,303,13600000,4600000,22000000,6900000,0,3.2028985507246377,47100000,0.4692144373673036
4,Graduate,No,3700000,11400000,12,728,4200000,5800000,7300000,2300000,1,3.081081081081081,19600000,0.5816326530612245
3,Not Graduate,Yes,8800000,28600000,10,775,5200000,5000000,32000000,9600000,1,3.25,51800000,0.5521235521235521
5,Graduate,Yes,8200000,23500000,12,402,15100000,1500000,24300000,5800000,0,2.8658536585365852,46700000,0.5032119914346895
1,Not Graduate,Yes,9200000,31500000,18,698,5300000,6100000,20400000,8300000,1,3.4239130434782608,40100000,0.7855361596009975
0,Not Graduate,No,2400000,7800000,14,665,5200000,2900000,6200000,2900000,1,3.25,17200000,0.45348837209302323
4,Not Graduate,No,4100000,13500000,18,490,4700000,6200000,13900000,2000000,0,3.292682926829268,26800000,0.503731343283582
1,Graduate,No,8000000,31900000,12,504,23800000,1500000,22100000,6000000,0,3.9875,53400000,0.5973782771535581
3,Not Graduate,Yes,3600000,8600000,8,790,5400000,5900000,9800000,5200000,1,2.388888888888889,26300000,0.3269961977186312
1,Not Graduate,Yes,700000,2700000,20,669,100000,1000000,2600000,500000,1,3.857142857142857,4200000,0.6428571428571429
4,Not Graduate,No,8300000,30700000,6,381,21700000,2300000,26700000,4600000,0,3.6987951807228914,55300000,0.5551537070524413
0,Graduate,Yes,5300000,15000000,2,900,1700000,2100000,21000000,5800000,1,2.830188679245283,30600000,0.49019607843137253
4,Graduate,No,8300000,24900000,16,506,15400000,5600000,26700000,7000000,0,3.0,54700000,0.45521023765996343
3,Not Graduate,Yes,2500000,8800000,12,538,4900000,1800000,9100000,3300000,0,3.52,19100000,0.4607329842931937
3,Graduate,Yes,5400000,14400000,8,677,11000000,7900000,20800000,3100000,1,2.6666666666666665,42800000,0.3364485981308411
4,Graduate,No,1600000,4900000,8,685,3200000,2000000,3800000,1500000,1,3.0625,10500000,0.4666666666666667
2,Not Graduate,No,2400000,6200000,12,860,4900000,3700000,9500000,1100000,1,2.5833333333333335,19200000,0.3229166666666667
5,Not Graduate,No,6300000,14800000,6,608,16100000,10500000,21800000,5400000,1,2.3492063492063493,53800000,0.275092936802974
4,Graduate,Yes,2500000,5300000,10,540,2300000,2800000,7100000,1700000,0,2.12,13900000,0.381294964028777
0,Graduate,Yes,7500000,16800000,16,492,21500000,4800000,25400000,11100000,0,2.24,62800000,0.267515923566879
3,Not Graduate,No,2900000,8500000,14,834,1200000,4500000,8800000,1800000,1,2.9310344827586206,16300000,0.5214723926380368
3,Graduate,Yes,1000000,3500000,16,834,800000,1700000,3000000,700000,1,3.5,6200000,0.5645161290322581
2,Graduate,Yes,8600000,28800000,8,890,23300000,5900000,21200000,7200000,1,3.3488372093023258,57600000,0.5
1,Not Graduate,No,300000,1100000,12,443,600000,400000,1200000,200000,0,3.6666666666666665,2400000,0.4583333333333333
5,Not Graduate,No,2300000,5700000,18,329,5600000,3300000,4900000,2700000,0,2.4782608695652173,16500000,0.34545454545454546
2,Not Graduate,Yes,2400000,5400000,12,739,300000,2500000,5000000,3000000,1,2.25,10800000,0.5
5,Graduate,Yes,9800000,30300000,6,867,20800000,16000000,30200000,7600000,1,3.0918367346938775,74600000,0.4061662198391421
2,Not Graduate,No,8100000,24800000,6,307,200000,4000000,31100000,10500000,0,3.0617283950617282,45800000,0.5414847161572053
3,Graduate,No,6700000,15500000,18,492,2100000,2000000,26300000,9400000,0,2.3134328358208953,39800000,0.38944723618090454
1,Not Graduate,Yes,8400000,24700000,18,698,23000000,13200000,32700000,12200000,1,2.9404761904761907,81100000,0.30456226880394577
2,Graduate,No,200000,700000,8,851,400000,200000,800000,200000,1,3.5,1600000,0.4375
2,Graduate,No,4700000,12500000,14,375,1300000,6300000,10100000,5400000,0,2.6595744680851063,23100000,0.5411255411255411
0,Graduate,Yes,4300000,14300000,14,601,3800000,900000,16700000,5700000,1,3.3255813953488373,27100000,0.5276752767527675
4,Not Graduate,No,2200000,7000000,20,756,3600000,3900000,5700000,1200000,1,3.1818181818181817,14400000,0.4861111111111111
4,Graduate,Yes,8600000,19200000,4,868,20400000,1500000,32800000,9300000,1,2.2325581395348837,64000000,0.3
4,Graduate,Yes,2000000,7200000,10,838,2500000,300000,7600000,1000000,1,3.6,11400000,0.631578947368421
4,Not Graduate,Yes,4200000,15900000,14,375,7200000,7900000,16200000,3000000,0,3.7857142857142856,34300000,0.46355685131195334
0,Not Graduate,Yes,5100000,12500000,18,778,3300000,1000000,14800000,3200000,1,2.450980392156863,22300000,0.5605381165919282
2,Graduate,Yes,4100000,11200000,6,442,12200000,4100000,10000000,4500000,0,2.731707317073171,30800000,0.36363636363636365
1,Graduate,Yes,9900000,39500000,12,808,11800000,3700000,30200000,13500000,1,3.98989898989899,59200000,0.6672297297297297
1,Not Graduate,Yes,3200000,9000000,20,372,2700000,2800000,7200000,3800000,0,2.8125,16500000,0.5454545454545454
2,Graduate,No,5500000,19000000,4,597,1100000,4000000,18700000,5300000,1,3.4545454545454546,29100000,0.6529209621993127
0,Graduate,Yes,7800000,29100000,20,435,21100000,13000000,17300000,9700000,0,3.730769230769231,61100000,0.4762684124386252
3,Graduate,Yes,3400000,9700000,20,728,1500000,1500000,7300000,2400000,1,2.8529411764705883,12700000,0.7637795275590551
4,Graduate,Yes,7900000,25900000,14,373,10900000,14300000,27700000,7600000,0,3.278481012658228,60500000,0.428099173553719
3,Graduate,Yes,8900000,18500000,10,367,6100000,0,32000000,10300000,0,2.0786516853932584,48400000,0.3822314049586777
2,Graduate,No,7300000,19100000,14,552,2000000,13400000,16800000,4000000,1,2.6164383561643834,36200000,0.5276243093922652
4,Not Graduate,Yes,3300000,10600000,8,465,500000,4400000,7300000,2800000,0,3.212121212121212,15000000,0.7066666666666667
4,Graduate,Yes,2900000,10500000,8,607,4400000,5500000,7600000,3800000,1,3.6206896551724137,21300000,0.49295774647887325
2,Graduate,Yes,500000,1300000,4,427,1400000,500000,1800000,600000,0,2.6,4300000,0.3023255813953488
3,Not Graduate,No,7200000,21200000,4,711,10800000,4200000,24900000,5700000,1,2.9444444444444446,45600000,0.4649122807017544
3,Not Graduate,No,8300000,24100000,14,823,5900000,700000,24000000,7700000,1,2.9036144578313254,38300000,0.6292428198433421
1,Not Graduate,Yes,8700000,20500000,6,523,19300000,6500000,23700000,4800000,0,2.3563218390804597,54300000,0.3775322283609576
4,Not Graduate,Yes,7100000,27900000,10,328,9000000,13400000,26500000,7700000,0,3.9295774647887325,56600000,0.4929328621908127
3,Graduate,Yes,9800000,28200000,12,721,15800000,6500000,21900000,9600000,1,2.877551020408163,53800000,0.5241635687732342
0,Graduate,Yes,6900000,17000000,20,599,18100000,9400000,26600000,4300000,1,2.463768115942029,58400000,0.2910958904109589
0,Not Graduate,No,2400000,5000000,14,580,5900000,4400000,5500000,3200000,1,2.0833333333333335,19000000,0.2631578947368421
1,Not Graduate,Yes,2100000,4900000,10,744,200000,2000000,5400000,1000000,1,2.3333333333333335,8600000,0.5697674418604651
2,Graduate,Yes,7200000,23900000,4,559,4200000,12200000,17800000,10800000,1,3.3194444444444446,45000000,0.5311111111111111
2,Graduate,No,4600000,13500000,16,587,7700000,5900000,10600000,5000000,1,2.9347826086956523,29200000,0.4623287671232877
5,Graduate,Yes,9900000,31800000,18,817,23400000,700000,32600000,11500000,1,3.212121212121212,68200000,0.4662756598240469
4,Not Graduate,Yes,300000,1000000,20,655,0,100000,1100000,400000,1,3.3333333333333335,1600000,0.625
5,Graduate,Yes,6900000,23900000,6,382,17100000,6900000,21500000,8900000,0,3.463768115942029,54400000,0.43933823529411764
2,Graduate,Yes,1700000,4300000,6,765,5000000,1500000,3400000,900000,1,2.5294117647058822,10800000,0.39814814814814814
2,Graduate,Yes,4400000,10000000,20,516,7400000,7600000,12200000,5100000,0,2.272727272727273,32300000,0.30959752321981426
4,Not Graduate,Yes,4300000,15000000,8,383,4700000,100000,9000000,4900000,0,3.488372093023256,18700000,0.8021390374331551
2,Not Graduate,No,3700000,14100000,6,633,800000,200000,11300000,3400000,1,3.810810810810811,15700000,0.8980891719745223
1,Graduate,No,5900000,15200000,2,547,17100000,2000000,14700000,3600000,0,2.5762711864406778,37400000,0.40641711229946526
5,Not Graduate,Yes,8600000,26300000,10,843,23300000,9800000,18100000,11300000,1,3.058139534883721,62500000,0.4208
3,Not Graduate,Yes,3400000,13200000,8,783,6500000,300000,13000000,4900000,1,3.8823529411764706,24700000,0.5344129554655871
3,Not Graduate,Yes,1000000,3200000,14,790,1900000,100000,3600000,1100000,1,3.2,6700000,0.47761194029850745
1,Not Graduate,Yes,4400000,14200000,16,409,12700000,1300000,12600000,4500000,0,3.227272727272727,31100000,0.4565916398713826
0,Not Graduate,No,3600000,7800000,14,376,9800000,6900000,11900000,3000000,0,2.1666666666666665,31600000,0.2468354430379747
3,Not Graduate,No,1400000,2700000,8,625,3100000,1800000,3400000,1000000,1,1.9285714285714286,9300000,0.2903225806451613
0,Not Graduate,No,5300000,10900000,18,707,12900000,2600000,12700000,7600000,1,2.056603773584906,35800000,0.30446927374301674
3,Graduate,Yes,9400000,20500000,6,645,17400000,13000000,24500000,10200000,1,2.1808510638297873,65100000,0.31490015360983103
4,Not Graduate,Yes,6600000,22100000,6,887,3600000,3500000,19800000,4700000,1,3.3484848484848486,31600000,0.6993670886075949
5,Graduate,No,9800000,37600000,18,319,19200000,5100000,19900000,5100000,0,3.836734693877551,49300000,0.7626774847870182
1,Not Graduate,No,1900000,4900000,20,647,4100000,2100000,6800000,1700000,1,2.5789473684210527,14700000,0.3333333333333333
2,Not Graduate,Yes,5800000,22500000,6,888,11900000,2600000,17100000,4800000,1,3.8793103448275863,36400000,0.6181318681318682
2,Not Graduate,No,3100000,10400000,10,420,6900000,5900000,10000000,3500000,0,3.3548387096774195,26300000,0.39543726235741444
0,Graduate,No,6800000,18400000,2,791,4000000,900000,20200000,9900000,1,2.7058823529411766,35000000,0.5257142857142857
5,Not Graduate,No,4600000,16200000,12,891,5900000,1200000,10800000,3700000,1,3.5217391304347827,21600000,0.75
2,Not Graduate,Yes,200000,700000,16,641,600000,200000,600000,100000,1,3.5,1500000,0.4666666666666667
3,Not Graduate,Yes,9500000,22800000,6,319,200000,18800000,34100000,9400000,0,2.4,62500000,0.3648
5,Not Graduate,Yes,6200000,22200000,20,819,13500000,6600000,21700000,8700000,1,3.5806451612903225,50500000,0.4396039603960396
4,Not Graduate,Yes,9700000,32300000,18,387,11600000,14300000,20000000,5400000,0,3.329896907216495,51300000,0.6296296296296297
5,Graduate,Yes,4200000,12300000,2,686,10500000,200000,15600000,4200000,1,2.9285714285714284,30500000,0.40327868852459015
1,Graduate,Yes,5700000,12000000,4,415,15700000,900000,17300000,7400000,0,2.1052631578947367,41300000,0.29055690072639223
2,Graduate,Yes,200000,500000,6,885,-100000,0,300000,200000,0,2.5,400000,1.25
4,Graduate,No,8000000,25500000,4,722,17200000,13900000,26200000,4900000,1,3.1875,62200000,0.409967845659164
4,Graduate,No,5200000,20400000,20,761,4700000,1600000,14300000,6200000,1,3.923076923076923,26800000,0.7611940298507462
1,Graduate,Yes,7100000,15200000,8,389,5900000,900000,24300000,5900000,0,2.140845070422535,37000000,0.41081081081081083
1,Graduate,Yes,9300000,27900000,12,600,2100000,4200000,29000000,6600000,1,3.0,41900000,0.665871121718377
5,Graduate,No,2000000,6100000,2,407,1900000,1900000,4600000,2000000,1,3.05,10400000,0.5865384615384616
3,Graduate,Yes,3900000,14000000,18,829,5200000,4000000,11600000,2700000,1,3.58974358974359,23500000,0.5957446808510638
2,Not Graduate,No,2800000,5900000,6,895,1000000,3900000,10900000,1500000,1,2.107142857142857,17300000,0.34104046242774566
5,Graduate,Yes,3000000,11100000,12,441,8500000,2500000,7300000,2000000,0,3.7,20300000,0.5467980295566502
4,Not Graduate,No,4500000,9800000,16,895,9800000,8200000,13900000,5500000,1,2.1777777777777776,37400000,0.2620320855614973
4,Graduate,No,1900000,4300000,4,826,2400000,0,7000000,900000,1,2.263157894736842,10300000,0.4174757281553398
1,Graduate,No,2300000,7200000,8,453,3000000,2100000,8100000,3400000,0,3.130434782608696,16600000,0.43373493975903615
0,Graduate,No,4700000,17500000,2,701,5400000,2300000,11700000,7000000,1,3.723404255319149,26400000,0.6628787878787878
2,Not Graduate,Yes,1300000,2700000,8,627,100000,300000,2600000,1300000,1,2.076923076923077,4300000,0.627906976744186
3,Graduate,No,3100000,11000000,2,543,5900000,2200000,9000000,2400000,1,3.5483870967741935,19500000,0.5641025641025641
0,Graduate,No,8400000,17500000,18,411,13200000,5300000,31300000,10400000,0,2.0833333333333335,60200000,0.29069767441860467
5,Graduate,Yes,1700000,5800000,4,583,2000000,1800000,6000000,2300000,1,3.411764705882353,12100000,0.4793388429752066
2,Not Graduate,No,1900000,7500000,2,889,600000,1100000,7100000,2600000,1,3.9473684210526314,11400000,0.6578947368421053
3,Not Graduate,No,2400000,8600000,8,684,3400000,2400000,6200000,1600000,1,3.5833333333333335,13600000,0.6323529411764706
5,Graduate,No,6800000,20500000,10,578,500000,11800000,27200000,3400000,1,3.014705882352941,42900000,0.47785547785547783
1,Graduate,No,2900000,10900000,20,445,6600000,2800000,9300000,2600000,0,3.7586206896551726,21300000,0.5117370892018779
4,Graduate,Yes,8900000,26300000,10,369,23900000,7000000,27400000,12100000,0,2.955056179775281,70400000,0.37357954545454547
1,Not Graduate,No,8800000,22200000,18,794,8400000,11900000,21000000,10500000,1,2.522727272727273,51800000,0.42857142857142855
0,Graduate,Yes,8200000,19200000,16,492,16500000,9200000,20000000,7200000,0,2.341463414634146,52900000,0.3629489603024575
3,Not Graduate,Yes,3600000,13200000,16,557,9800000,4000000,9900000,2100000,1,3.6666666666666665,25800000,0.5116279069767442
4,Graduate,Yes,9500000,31800000,6,519,5900000,1300000,28400000,12200000,0,3.3473684210526318,47800000,0.6652719665271967
0,Not Graduate,Yes,1900000,5700000,18,699,5500000,200000,6500000,2000000,1,3.0,14200000,0.4014084507042254
3,Not Graduate,Yes,9100000,24600000,2,741,8000000,4000000,35500000,13600000,1,2.7032967032967035,61100000,0.4026186579378069
5,Graduate,No,1100000,3800000,18,508,200000,1800000,2300000,900000,0,3.4545454545454546,5200000,0.7307692307692307
5,Not Graduate,Yes,1100000,2800000,10,647,2700000,2000000,4300000,1400000,1,2.5454545454545454,10400000,0.2692307692307692
1,Graduate,No,9300000,28600000,14,656,17300000,9100000,27400000,12500000,1,3.075268817204301,66300000,0.43137254901960786
4,Graduate,Yes,3900000,10600000,2,439,300000,7600000,14800000,2500000,0,2.717948717948718,25200000,0.42063492063492064
5,Not Graduate,Yes,1500000,4000000,12,350,2900000,1900000,4400000,1200000,0,2.6666666666666665,10400000,0.38461538461538464
5,Graduate,No,800000,2200000,6,493,900000,500000,2800000,1000000,0,2.75,5200000,0.4230769230769231
4,Graduate,No,600000,1800000,6,851,100000,1100000,2100000,800000,1,3.0,4100000,0.43902439024390244
2,Graduate,No,4400000,12500000,18,492,7900000,1200000,10100000,2700000,0,2.840909090909091,21900000,0.5707762557077626
4,Graduate,Yes,2700000,5400000,6,861,6300000,2400000,6700000,2700000,1,2.0,18100000,0.2983425414364641
3,Not Graduate,Yes,6200000,14600000,2,664,18300000,8400000,16800000,6600000,1,2.3548387096774195,50100000,0.29141716566866266
5,Graduate,Yes,700000,1300000,16,362,2100000,1300000,2000000,1000000,0,1.8571428571428572,6400000,0.203125
0,Graduate,No,3400000,9400000,6,703,600000,6000000,8600000,2600000,1,2.764705882352941,17800000,0.5280898876404494
1,Not Graduate,Yes,4900000,16800000,12,758,1700000,2700000,11100000,5900000,1,3.4285714285714284,21400000,0.7850467289719626
3,Not Graduate,Yes,4200000,9700000,2,396,700000,8200000,8600000,4300000,0,2.3095238095238093,21800000,0.44495412844036697
0,Graduate,Yes,5300000,10600000,2,828,8100000,6700000,17400000,5800000,1,2.0,38000000,0.2789473684210526
5,Graduate,Yes,3700000,10000000,20,709,8000000,800000,12000000,2200000,1,2.7027027027027026,23000000,0.43478260869565216
4,Not Graduate,Yes,5600000,17500000,10,528,14200000,2300000,12100000,7200000,0,3.125,35800000,0.4888268156424581
2,Graduate,Yes,4300000,16000000,14,623,9800000,6700000,17000000,4500000,1,3.7209302325581395,38000000,0.42105263157894735
4,Not Graduate,Yes,7100000,24500000,14,599,9100000,7000000,20400000,6800000,1,3.4507042253521125,43300000,0.5658198614318707
4,Graduate,Yes,5400000,12700000,4,622,11000000,3300000,15100000,6500000,1,2.3518518518518516,35900000,0.35376044568245124
0,Not Graduate,No,6000000,13100000,6,385,16600000,7600000,22000000,7400000,0,2.183333333333333,53600000,0.24440298507462688
4,Graduate,Yes,4100000,12500000,2,579,10900000,7200000,12200000,2000000,1,3.048780487804878,32300000,0.38699690402476783
4,Not Graduate,No,8300000,17900000,20,846,12700000,1300000,26800000,12200000,1,2.1566265060240966,53000000,0.33773584905660375
3,Graduate,No,8100000,23900000,10,449,7100000,6100000,28300000,8900000,0,2.950617283950617,50400000,0.4742063492063492
1,Not Graduate,No,7200000,24900000,14,666,3600000,11600000,16600000,5800000,1,3.4583333333333335,37600000,0.6622340425531915
5,Graduate,No,7200000,17500000,4,380,2300000,400000,17500000,6200000,0,2.4305555555555554,26400000,0.6628787878787878
2,Graduate,Yes,3500000,8100000,4,589,3800000,6700000,12500000,2700000,1,2.3142857142857145,25700000,0.3151750972762646
1,Graduate,No,6200000,19500000,12,845,9100000,2900000,15300000,4000000,1,3.1451612903225805,31300000,0.6230031948881789
3,Not Graduate,No,5200000,17300000,10,401,2600000,1400000,12700000,6400000,0,3.326923076923077,23100000,0.7489177489177489
0,Not Graduate,No,4500000,14500000,2,766,6100000,8400000,17200000,6600000,1,3.2222222222222223,38300000,0.3785900783289817
5,Not Graduate,No,5400000,15100000,12,522,5200000,4700000,13900000,5700000,0,2.7962962962962963,29500000,0.511864406779661
3,Not Graduate,Yes,2000000,6900000,6,834,2200000,2800000,6400000,3000000,1,3.45,14400000,0.4791666666666667
3,Graduate,No,8900000,25400000,8,588,19400000,12100000,18800000,4500000,1,2.853932584269663,54800000,0.4635036496350365
2,Graduate,No,5000000,10600000,4,570,11900000,900000,14800000,7100000,1,2.12,34700000,0.30547550432276654
2,Graduate,No,4900000,17600000,6,860,13600000,7500000,12700000,5600000,1,3.5918367346938775,39400000,0.4467005076142132
4,Graduate,Yes,5300000,19200000,4,655,14200000,6900000,17800000,3900000,1,3.6226415094339623,42800000,0.4485981308411215
3,Not Graduate,Yes,8500000,27700000,4,457,3600000,400000,18900000,5200000,1,3.2588235294117647,28100000,0.9857651245551602
5,Graduate,Yes,700000,2100000,14,863,100000,1200000,2700000,600000,1,3.0,4600000,0.45652173913043476
3,Not Graduate,Yes,5900000,18900000,4,742,10800000,4500000,23200000,8000000,1,3.2033898305084745,46500000,0.4064516129032258
3,Graduate,No,3500000,13300000,4,798,7400000,5300000,12100000,3600000,1,3.8,28400000,0.46830985915492956
5,Not Graduate,Yes,7700000,18900000,16,552,15600000,6100000,23900000,6600000,1,2.4545454545454546,52200000,0.3620689655172414
2,Not Graduate,Yes,4500000,12500000,12,418,400000,4300000,12400000,4300000,0,2.7777777777777777,21400000,0.5841121495327103
0,Graduate,No,9100000,22200000,6,419,7400000,600000,18200000,9800000,0,2.4395604395604398,36000000,0.6166666666666667
1,Not Graduate,Yes,9000000,29900000,2,668,22100000,7200000,24400000,4700000,1,3.3222222222222224,58400000,0.511986301369863
2,Not Graduate,No,8900000,29200000,8,608,10800000,5200000,33500000,11700000,1,3.2808988764044944,61200000,0.477124183006536
5,Not Graduate,No,6500000,13800000,10,342,15300000,2300000,14400000,7300000,0,2.123076923076923,39300000,0.3511450381679389
4,Not Graduate,Yes,8100000,18000000,8,817,1400000,7800000,16900000,10800000,1,2.2222222222222223,36900000,0.4878048780487805
1,Not Graduate,No,8400000,29900000,16,476,16100000,2400000,32700000,7500000,0,3.5595238095238093,58700000,0.5093696763202725
0,Not Graduate,No,5300000,20000000,6,881,15900000,3700000,19500000,4000000,1,3.7735849056603774,43100000,0.46403712296983757
2,Graduate,No,4100000,15600000,12,838,5500000,4800000,15100000,2700000,1,3.8048780487804876,28100000,0.5551601423487544
3,Not Graduate,No,6900000,27400000,4,406,10200000,6500000,23900000,5300000,1,3.971014492753623,45900000,0.5969498910675382
1,Graduate,Yes,5200000,19500000,12,778,5200000,4300000,19900000,5800000,1,3.75,35200000,0.5539772727272727
5,Not Graduate,Yes,2000000,7400000,14,799,3600000,3700000,4300000,1100000,1,3.7,12700000,0.5826771653543307
3,Graduate,No,4600000,17800000,20,716,12600000,2600000,10800000,4500000,1,3.869565217391304,30500000,0.5836065573770491
0,Graduate,Yes,7100000,20100000,16,756,8000000,5000000,17600000,5400000,1,2.8309859154929575,36000000,0.5583333333333333
0,Not Graduate,No,9300000,20100000,10,743,4800000,1800000,21900000,13600000,1,2.161290322580645,42100000,0.47743467933491684
3,Not Graduate,No,5400000,19400000,20,731,13800000,3200000,20000000,4300000,1,3.5925925925925926,41300000,0.46973365617433416
3,Not Graduate,No,4100000,8500000,2,833,12000000,0,16200000,3400000,1,2.073170731707317,31600000,0.2689873417721519
4,Not Graduate,No,4900000,11400000,8,470,12000000,7500000,14700000,4800000,0,2.326530612244898,39000000,0.2923076923076923
5,Graduate,Yes,5400000,21200000,20,734,7300000,1800000,11500000,7500000,1,3.925925925925926,28100000,0.7544483985765125
0,Graduate,No,3000000,9600000,12,620,7900000,0,8600000,3600000,1,3.2,20100000,0.47761194029850745
0,Not Graduate,Yes,6800000,14400000,8,812,15200000,4500000,21100000,6400000,1,2.1176470588235294,47200000,0.3050847457627119
4,Graduate,Yes,5100000,14000000,12,459,9800000,0,10400000,6800000,0,2.7450980392156863,27000000,0.5185185185185185
0,Graduate,Yes,9800000,32600000,10,704,7000000,12100000,30000000,4900000,1,3.326530612244898,54000000,0.6037037037037037
1,Graduate,Yes,1600000,4100000,6,391,4300000,1400000,5700000,700000,0,2.5625,12100000,0.33884297520661155
4,Graduate,No,8000000,29100000,4,421,3100000,12000000,27000000,8800000,1,3.6375,50900000,0.5717092337917485
5,Graduate,No,2900000,6700000,14,796,3800000,3700000,9700000,4200000,1,2.310344827586207,21400000,0.3130841121495327
4,Graduate,No,9200000,30300000,10,607,24000000,16600000,29600000,8900000,1,3.2934782608695654,79100000,0.38305941845764857
3,Not Graduate,No,9500000,20400000,14,376,2300000,6600000,25900000,8400000,0,2.1473684210526316,43200000,0.4722222222222222
0,Graduate,Yes,3700000,8500000,8,424,1900000,5600000,14800000,4100000,0,2.2972972972972974,26400000,0.32196969696969696
5,Graduate,Yes,7100000,20800000,6,442,2900000,7100000,28200000,7100000,0,2.9295774647887325,45300000,0.45916114790286977
5,Not Graduate,No,5600000,17600000,14,448,6700000,3500000,18900000,6800000,0,3.142857142857143,35900000,0.49025069637883006
0,Graduate,Yes,1200000,2700000,2,638,1500000,500000,2700000,1500000,1,2.25,6200000,0.43548387096774194
3,Not Graduate,No,1600000,5600000,6,710,3100000,800000,6000000,1600000,1,3.5,11500000,0.48695652173913045
4,Not Graduate,Yes,1600000,4800000,20,641,4200000,1000000,4100000,1400000,1,3.0,10700000,0.4485981308411215
2,Not Graduate,No,5300000,20200000,10,348,9200000,9500000,17300000,6100000,0,3.811320754716981,42100000,0.47980997624703087
5,Not Graduate,No,9100000,19900000,20,519,9300000,16400000,28900000,10500000,0,2.1868131868131866,65100000,0.30568356374807987
4,Not Graduate,Yes,9400000,35000000,10,517,10700000,15100000,27500000,6700000,0,3.723404255319149,60000000,0.5833333333333334
3,Not Graduate,No,5900000,22400000,6,375,6500000,10500000,18100000,4800000,0,3.7966101694915255,39900000,0.5614035087719298
2,Graduate,Yes,1100000,3400000,10,426,300000,800000,3900000,1400000,0,3.090909090909091,6400000,0.53125
4,Graduate,Yes,3100000,11500000,14,785,3200000,3100000,9100000,4200000,1,3.7096774193548385,19600000,0.5867346938775511
4,Not Graduate,No,2200000,8600000,20,373,4100000,1300000,5900000,1400000,0,3.909090909090909,12700000,0.6771653543307087
1,Graduate,No,6000000,20100000,6,476,13900000,10000000,15200000,5500000,0,3.35,44600000,0.45067264573991034
1,Graduate,Yes,2000000,5600000,18,320,2400000,2300000,4600000,2100000,0,2.8,11400000,0.49122807017543857
4,Graduate,No,7200000,22900000,18,657,14600000,400000,17400000,8800000,1,3.1805555555555554,41200000,0.5558252427184466
1,Not Graduate,Yes,500000,1900000,12,868,200000,500000,1800000,300000,1,3.8,2800000,0.6785714285714286
1,Not Graduate,Yes,5800000,13900000,6,345,4000000,9300000,20900000,5500000,0,2.396551724137931,39700000,0.3501259445843829
0,Not Graduate,No,200000,300000,6,472,400000,100000,700000,0,0,1.5,1200000,0.25
4,Not Graduate,Yes,4600000,9500000,20,613,5200000,5900000,13700000,3000000,1,2.0652173913043477,27800000,0.34172661870503596
5,Not Graduate,Yes,4600000,12800000,14,769,13100000,8600000,12100000,3500000,1,2.782608695652174,37300000,0.34316353887399464
1,Graduate,No,6500000,23100000,20,741,11400000,8500000,25700000,7900000,1,3.5538461538461537,53500000,0.43177570093457945
4,Not Graduate,Yes,4400000,16600000,14,889,800000,1400000,14900000,5900000,1,3.772727272727273,23000000,0.7217391304347827
0,Not Graduate,Yes,900000,3600000,10,683,1400000,700000,3500000,400000,1,4.0,6000000,0.6
0,Not Graduate,Yes,3200000,7400000,18,780,4200000,2600000,9000000,2800000,1,2.3125,18600000,0.3978494623655914
3,Graduate,No,600000,1100000,8,538,500000,800000,1400000,300000,0,1.8333333333333333,3000000,0.36666666666666664
1,Not Graduate,No,5200000,12600000,10,721,1100000,8700000,13900000,3600000,1,2.423076923076923,27300000,0.46153846153846156
3,Not Graduate,Yes,6400000,15200000,14,467,15500000,9100000,18400000,3200000,0,2.375,46200000,0.329004329004329
2,Not Graduate,No,1000000,2500000,6,551,1700000,200000,3700000,900000,1,2.5,6500000,0.38461538461538464
2,Not Graduate,No,6800000,14800000,14,803,11300000,3300000,19600000,6600000,1,2.176470588235294,40800000,0.3627450980392157
0,Graduate,No,3000000,8400000,10,361,7700000,200000,7300000,1800000,0,2.8,17000000,0.49411764705882355
1,Not Graduate,Yes,8700000,30700000,6,708,20600000,4500000,27600000,9300000,1,3.528735632183908,62000000,0.49516129032258066
4,Graduate,Yes,8800000,20900000,18,766,13500000,15400000,34500000,13100000,1,2.375,76500000,0.27320261437908494
1,Not Graduate,Yes,3900000,11500000,2,464,9300000,5700000,12400000,5100000,0,2.948717948717949,32500000,0.35384615384615387
5,Graduate,No,1700000,4300000,2,517,100000,200000,6200000,1600000,0,2.5294117647058822,8100000,0.5308641975308642
3,Not Graduate,Yes,900000,2300000,6,747,1200000,200000,2900000,600000,1,2.5555555555555554,4900000,0.46938775510204084
1,Not Graduate,No,7200000,24700000,6,596,8800000,1400000,21700000,5800000,1,3.4305555555555554,37700000,0.6551724137931034
0,Graduate,No,9200000,25400000,2,783,25400000,2000000,19600000,12400000,1,2.760869565217391,59400000,0.4276094276094276
3,Not Graduate,No,5700000,19400000,2,335,7400000,10600000,20600000,7100000,1,3.4035087719298245,45700000,0.424507658643326
5,Not Graduate,Yes,1100000,2700000,4,889,1900000,1000000,2200000,500000,1,2.4545454545454546,5600000,0.48214285714285715
2,Not Graduate,Yes,1100000,2200000,4,874,1900000,1300000,2100000,900000,1,2.0,6200000,0.3548387096774194
0,Graduate,Yes,6000000,23900000,4,394,6700000,5800000,21900000,4500000,1,3.9833333333333334,38900000,0.6143958868894601
2,Graduate,Yes,8100000,28500000,20,420,1500000,1400000,31800000,10000000,0,3.5185185185185186,44700000,0.6375838926174496
2,Not Graduate,Yes,6500000,25100000,20,848,11500000,8600000,17400000,4400000,1,3.8615384615384616,41900000,0.5990453460620525
0,Graduate,Yes,7600000,17900000,16,788,1700000,7800000,27100000,5900000,1,2.3552631578947367,42500000,0.4211764705882353
1,Graduate,No,2200000,4900000,8,509,3800000,0,5400000,2900000,0,2.227272727272727,12100000,0.4049586776859504
4,Graduate,Yes,6300000,23900000,6,899,-100000,11400000,20600000,6700000,1,3.7936507936507935,38600000,0.6191709844559585
4,Not Graduate,Yes,6700000,15800000,12,466,7500000,4600000,19900000,6600000,0,2.3582089552238807,38600000,0.40932642487046633
5,Graduate,Yes,1300000,4300000,2,595,1300000,500000,2900000,1500000,1,3.3076923076923075,6200000,0.6935483870967742
1,Not Graduate,No,2800000,6700000,12,322,1900000,2000000,8600000,2100000,0,2.392857142857143,14600000,0.4589041095890411
3,Graduate,No,7000000,18900000,2,691,6300000,7400000,15200000,3900000,1,2.7,32800000,0.5762195121951219
3,Not Graduate,Yes,8800000,26700000,10,379,10100000,15500000,27000000,9700000,0,3.034090909090909,62300000,0.42857142857142855
0,Graduate,No,8900000,25800000,18,531,12400000,3400000,22900000,5400000,0,2.898876404494382,44100000,0.5850340136054422
5,Not Graduate,No,7000000,21800000,4,631,8100000,7100000,14600000,10000000,1,3.1142857142857143,39800000,0.5477386934673367
0,Graduate,Yes,6900000,18600000,10,330,19600000,9400000,16400000,4500000,0,2.6956521739130435,49900000,0.3727454909819639
5,Graduate,No,9200000,29200000,16,383,17700000,13300000,30400000,5700000,0,3.1739130434782608,67100000,0.43517138599105815
0,Graduate,Yes,6100000,19700000,16,678,13700000,2300000,19300000,5500000,1,3.2295081967213113,40800000,0.48284313725490197
1,Graduate,Yes,4400000,14700000,8,894,11400000,6300000,9400000,2400000,1,3.340909090909091,29500000,0.49830508474576274
4,Not Graduate,No,9900000,22700000,12,567,28300000,9900000,29700000,5400000,1,2.292929292929293,73300000,0.3096862210095498
5,Not Graduate,No,3900000,14000000,4,708,700000,1800000,15600000,5200000,1,3.58974358974359,23300000,0.6008583690987125
3,Graduate,No,6800000,21200000,2,433,10700000,1900000,23200000,6300000,1,3.1176470588235294,42100000,0.503562945368171
4,Not Graduate,No,3600000,8700000,14,302,6400000,3700000,7800000,4100000,0,2.4166666666666665,22000000,0.39545454545454545
4,Graduate,No,700000,2600000,14,736,2100000,600000,1900000,400000,1,3.7142857142857144,5000000,0.52
2,Not Graduate,Yes,4000000,8500000,6,323,11200000,1000000,14300000,4100000,0,2.125,30600000,0.2777777777777778
4,Graduate,No,1800000,4100000,12,670,1900000,2900000,4700000,2200000,1,2.2777777777777777,11700000,0.3504273504273504
3,Not Graduate,No,5600000,21000000,12,609,8800000,11000000,15800000,4900000,1,3.75,40500000,0.5185185185185185
4,Not Graduate,No,6800000,24200000,18,349,18800000,0,15800000,9400000,0,3.5588235294117645,44000000,0.55
5,Not Graduate,Yes,600000,1500000,2,319,100000,1100000,2100000,600000,0,2.5,3900000,0.38461538461538464
1,Not Graduate,No,4200000,16200000,14,391,5800000,2100000,14100000,2600000,0,3.857142857142857,24600000,0.6585365853658537
4,Not Graduate,No,5000000,18700000,10,755,3600000,600000,13000000,2600000,1,3.74,19800000,0.9444444444444444
1,Not Graduate,No,4100000,12200000,6,354,7300000,5600000,16300000,3500000,0,2.975609756097561,32700000,0.3730886850152905
3,Not Graduate,Yes,2200000,8800000,2,877,5000000,1300000,6400000,3100000,1,4.0,15800000,0.5569620253164557
1,Not Graduate,No,3400000,8600000,16,312,6400000,6100000,8400000,3000000,0,2.5294117647058822,23900000,0.3598326359832636
0,Graduate,No,7100000,15900000,14,746,9500000,3900000,23500000,8000000,1,2.23943661971831,44900000,0.35412026726057905
3,Graduate,No,5800000,19600000,16,313,11100000,8100000,22700000,6300000,0,3.3793103448275863,48200000,0.4066390041493776
2,Graduate,No,3400000,12900000,14,857,3400000,2500000,8700000,1900000,1,3.7941176470588234,16500000,0.7818181818181819
2,Not Graduate,No,7700000,18300000,20,504,14600000,500000,18300000,4600000,0,2.3766233766233764,38000000,0.48157894736842105
0,Graduate,No,500000,1200000,14,556,900000,0,1800000,500000,1,2.4,3200000,0.375
2,Graduate,Yes,5300000,11000000,14,393,6800000,2400000,20500000,5200000,0,2.0754716981132075,34900000,0.3151862464183381
0,Graduate,No,4700000,14400000,14,881,11000000,6100000,17600000,2400000,1,3.0638297872340425,37100000,0.3881401617250674
2,Graduate,Yes,4300000,12200000,14,719,5100000,2600000,14000000,5700000,1,2.8372093023255816,27400000,0.44525547445255476
2,Graduate,Yes,900000,2500000,16,458,-100000,100000,3200000,1100000,0,2.7777777777777777,4300000,0.5813953488372093
4,Graduate,No,2000000,7500000,14,857,4300000,1500000,4200000,2100000,1,3.75,12100000,0.6198347107438017
2,Graduate,Yes,2000000,7600000,16,429,5300000,3100000,5800000,2200000,0,3.8,16400000,0.4634146341463415
3,Not Graduate,No,4100000,15900000,12,538,3900000,800000,8800000,5700000,0,3.8780487804878048,19200000,0.828125
1,Not Graduate,No,6900000,14400000,10,828,4600000,13000000,26700000,9000000,1,2.0869565217391304,53300000,0.2701688555347092
5,Graduate,Yes,2300000,6100000,6,339,5100000,2500000,8300000,2400000,0,2.652173913043478,18300000,0.3333333333333333
5,Graduate,Yes,5800000,16600000,18,376,2500000,7500000,21100000,2800000,0,2.8620689655172415,33900000,0.4896755162241888
5,Not Graduate,No,8000000,30000000,14,549,14800000,200000,17300000,7000000,0,3.75,39300000,0.7633587786259542
3,Not Graduate,Yes,3700000,12700000,18,587,11000000,3100000,8800000,4100000,1,3.4324324324324325,27000000,0.4703703703703704
0,Not Graduate,No,2600000,8400000,18,861,0,3500000,6200000,3800000,1,3.230769230769231,13500000,0.6222222222222222
0,Not Graduate,No,3000000,7000000,12,409,6400000,4900000,8000000,3500000,0,2.3333333333333335,22800000,0.30701754385964913
4,Graduate,No,2700000,10200000,4,528,7800000,2200000,10000000,1600000,1,3.7777777777777777,21600000,0.4722222222222222
4,Not Graduate,No,5700000,19600000,8,691,8800000,2200000,12100000,3000000,1,3.43859649122807,26100000,0.7509578544061303
2,Graduate,No,1500000,3600000,4,584,3900000,1300000,4800000,1700000,1,2.4,11700000,0.3076923076923077
5,Not Graduate,No,6800000,20000000,4,459,14500000,3000000,25000000,4900000,0,2.9411764705882355,47400000,0.4219409282700422
1,Graduate,Yes,8100000,31700000,10,755,0,12700000,30100000,4700000,1,3.9135802469135803,47500000,0.6673684210526316
3,Not Graduate,Yes,9200000,27700000,20,688,4800000,16300000,25800000,11200000,1,3.010869565217391,58100000,0.47676419965576594
1,Not Graduate,Yes,7600000,26000000,6,384,2600000,1200000,20000000,7900000,0,3.4210526315789473,31700000,0.8201892744479495
4,Graduate,No,600000,1600000,20,869,1400000,1000000,1700000,200000,1,2.6666666666666665,4300000,0.37209302325581395
1,Not Graduate,Yes,4700000,18700000,20,445,2100000,0,11100000,4000000,0,3.978723404255319,17200000,1.0872093023255813
0,Graduate,No,1400000,5500000,6,393,500000,1500000,5400000,1800000,0,3.9285714285714284,9200000,0.5978260869565217
3,Graduate,Yes,9400000,24600000,10,414,8800000,13400000,23800000,5600000,0,2.617021276595745,51600000,0.47674418604651164
2,Graduate,No,9700000,19900000,16,395,2800000,13700000,37000000,10800000,0,2.051546391752577,64300000,0.3094867807153966
3,Not Graduate,Yes,8900000,21000000,14,815,200000,10800000,21600000,6400000,1,2.359550561797753,39000000,0.5384615384615384
5,Graduate,No,4600000,10500000,8,758,3900000,4300000,15800000,2900000,1,2.282608695652174,26900000,0.3903345724907063
5,Not Graduate,Yes,5600000,14500000,10,457,6900000,7800000,20600000,4600000,0,2.5892857142857144,39900000,0.3634085213032581
0,Graduate,Yes,1000000,3200000,10,854,2600000,800000,2900000,1200000,1,3.2,7500000,0.4266666666666667
3,Graduate,No,3500000,10300000,16,324,2400000,900000,12600000,2400000,0,2.942857142857143,18300000,0.5628415300546448
0,Not Graduate,No,7900000,31500000,14,849,19400000,10300000,26600000,10600000,1,3.9873417721518987,66900000,0.47085201793721976
3,Graduate,Yes,6100000,24200000,12,672,300000,11100000,23500000,5000000,1,3.9672131147540983,39900000,0.606516290726817
3,Not Graduate,Yes,8900000,20900000,6,859,9600000,16500000,29300000,11100000,1,2.348314606741573,66500000,0.3142857142857143
4,Graduate,No,5300000,15400000,8,584,5100000,1700000,14000000,5000000,1,2.9056603773584904,25800000,0.5968992248062015
5,Not Graduate,No,1300000,4800000,4,346,3200000,1600000,3400000,1600000,1,3.6923076923076925,9800000,0.4897959183673469
3,Graduate,No,4000000,12800000,18,635,6000000,7000000,12900000,4200000,1,3.2,30100000,0.42524916943521596
2,Not Graduate,No,8700000,22700000,4,365,8200000,14800000,30200000,7200000,0,2.6091954022988504,60400000,0.3758278145695364
1,Not Graduate,No,9500000,20000000,16,856,24900000,0,35700000,6200000,1,2.1052631578947367,66800000,0.2994011976047904
5,Graduate,Yes,9000000,20000000,2,440,17100000,1000000,28500000,7600000,0,2.2222222222222223,54200000,0.36900369003690037
0,Graduate,Yes,7300000,23300000,2,616,15700000,5900000,25800000,4100000,1,3.191780821917808,51500000,0.4524271844660194
3,Graduate,Yes,7400000,25700000,2,461,5700000,2900000,15100000,5100000,1,3.472972972972973,28800000,0.8923611111111112
5,Not Graduate,No,3100000,10800000,10,681,5100000,1700000,7400000,1500000,1,3.4838709677419355,15700000,0.6878980891719745
2,Graduate,No,4300000,9400000,2,485,11000000,8100000,11000000,2200000,0,2.186046511627907,32300000,0.29102167182662536
1,Graduate,Yes,2400000,8300000,6,684,5500000,3500000,5300000,2300000,1,3.4583333333333335,16600000,0.5
1,Graduate,No,5400000,17900000,14,727,13100000,0,12300000,4700000,1,3.314814814814815,30100000,0.5946843853820598
2,Not Graduate,No,1600000,5100000,6,784,1400000,2400000,4500000,1400000,1,3.1875,9700000,0.5257731958762887
3,Not Graduate,Yes,9900000,20400000,4,865,26300000,3600000,36500000,12800000,1,2.0606060606060606,79200000,0.25757575757575757
3,Not Graduate,No,5800000,20100000,18,791,1400000,10800000,16300000,5600000,1,3.4655172413793105,34100000,0.5894428152492669
4,Not Graduate,No,2200000,8500000,16,866,4000000,1900000,6800000,2800000,1,3.8636363636363638,15500000,0.5483870967741935
0,Graduate,No,5000000,14400000,2,761,-100000,7300000,12600000,4500000,1,2.88,24300000,0.5925925925925926
2,Not Graduate,Yes,600000,2100000,18,572,400000,500000,1400000,300000,1,3.5,2600000,0.8076923076923077
4,Graduate,No,2200000,8600000,6,601,2700000,2900000,6700000,3300000,1,3.909090909090909,15600000,0.5512820512820513
1,Graduate,Yes,2600000,5500000,14,820,2700000,2400000,9300000,2000000,1,2.1153846153846154,16400000,0.3353658536585366
4,Not Graduate,No,1200000,4300000,8,598,1600000,1800000,3200000,1300000,1,3.5833333333333335,7900000,0.5443037974683544
2,Graduate,No,3100000,8700000,18,544,5300000,1100000,12200000,1500000,0,2.806451612903226,20100000,0.43283582089552236
5,Not Graduate,Yes,4600000,14500000,14,561,2300000,6200000,10200000,5800000,1,3.152173913043478,24500000,0.5918367346938775
4,Graduate,Yes,9300000,35500000,6,547,2800000,17800000,27000000,13900000,0,3.817204301075269,61500000,0.5772357723577236
4,Graduate,No,6300000,13400000,2,504,10500000,10900000,14500000,9400000,0,2.126984126984127,45300000,0.2958057395143488
2,Not Graduate,No,5900000,20800000,14,530,7100000,5800000,13100000,8800000,0,3.5254237288135593,34800000,0.5977011494252874
2,Graduate,Yes,2900000,10600000,6,614,1000000,300000,7600000,3600000,1,3.6551724137931036,12500000,0.848
4,Not Graduate,No,6100000,22400000,18,351,11800000,5000000,24400000,4800000,0,3.6721311475409837,46000000,0.48695652173913045
4,Graduate,Yes,5900000,19700000,10,431,3300000,9200000,22700000,5300000,0,3.3389830508474576,40500000,0.48641975308641977
1,Not Graduate,Yes,4600000,18400000,10,403,200000,8800000,17300000,2900000,0,4.0,29200000,0.6301369863013698
2,Not Graduate,No,7000000,20200000,8,668,16600000,5000000,26100000,9100000,1,2.8857142857142857,56800000,0.35563380281690143
3,Not Graduate,Yes,5100000,10400000,18,399,8000000,4300000,20100000,4600000,0,2.0392156862745097,37000000,0.2810810810810811
1,Graduate,No,3100000,10600000,14,665,6200000,800000,9500000,3900000,1,3.4193548387096775,20400000,0.5196078431372549
2,Graduate,No,4100000,12800000,16,344,10300000,7000000,15800000,4100000,0,3.1219512195121952,37200000,0.34408602150537637
0,Graduate,No,1800000,5400000,16,555,3900000,2900000,5100000,1700000,1,3.0,13600000,0.39705882352941174
4,Not Graduate,Yes,8200000,26900000,20,301,23800000,13600000,31000000,9900000,0,3.2804878048780486,78300000,0.34355044699872284
2,Not Graduate,Yes,800000,2100000,6,726,2000000,0,2600000,600000,1,2.625,5200000,0.40384615384615385
2,Graduate,No,8400000,23100000,6,689,5700000,2500000,18900000,11900000,1,2.75,39000000,0.5923076923076923
0,Not Graduate,No,8500000,33900000,4,665,8500000,12800000,17900000,4500000,1,3.988235294117647,43700000,0.7757437070938215
3,Not Graduate,Yes,3300000,12700000,16,608,3600000,6200000,12600000,4500000,1,3.8484848484848486,26900000,0.4721189591078067
3,Not Graduate,No,5800000,12800000,20,335,4400000,3000000,15300000,8000000,0,2.206896551724138,30700000,0.4169381107491857
3,Not Graduate,No,4400000,10500000,18,677,100000,2000000,12100000,5000000,1,2.3863636363636362,19200000,0.546875
1,Not Graduate,No,2600000,8500000,2,491,1700000,1800000,5300000,2600000,1,3.269230769230769,11400000,0.7456140350877193
2,Not Graduate,Yes,9600000,28100000,20,763,23000000,11800000,27500000,10300000,1,2.9270833333333335,72600000,0.38705234159779617
5,Not Graduate,Yes,5200000,18100000,8,809,2400000,6900000,14000000,5500000,1,3.480769230769231,28800000,0.6284722222222222
5,Not Graduate,Yes,9700000,36400000,16,544,3500000,15000000,31300000,5200000,0,3.752577319587629,55000000,0.6618181818181819
1,Graduate,Yes,200000,800000,14,624,600000,0,600000,0,1,4.0,1200000,0.6666666666666666
3,Graduate,No,6500000,16800000,10,388,9500000,800000,14900000,7200000,0,2.5846153846153848,32400000,0.5185185185185185
4,Graduate,Yes,7200000,23100000,14,644,13300000,3500000,18300000,4200000,1,3.2083333333333335,39300000,0.5877862595419847
0,Not Graduate,No,5200000,18400000,14,600,7300000,9700000,16500000,3600000,1,3.5384615384615383,37100000,0.49595687331536387
2,Not Graduate,No,6500000,14100000,2,709,1000000,12700000,20900000,4000000,1,2.169230769230769,38600000,0.36528497409326427
5,Graduate,Yes,2300000,5600000,8,642,2600000,1900000,8600000,2500000,1,2.4347826086956523,15600000,0.358974358974359
0,Not Graduate,Yes,3300000,10400000,4,423,7400000,4700000,11600000,3200000,1,3.1515151515151514,26900000,0.38661710037174724
0,Not Graduate,Yes,2000000,5900000,12,900,3800000,2400000,7100000,3000000,1,2.95,16300000,0.3619631901840491
2,Graduate,Yes,8300000,19500000,4,415,2300000,9400000,21700000,8600000,0,2.3493975903614457,42000000,0.4642857142857143
4,Graduate,Yes,3800000,14300000,4,645,1300000,1100000,10900000,4600000,1,3.763157894736842,17900000,0.7988826815642458
0,Not Graduate,No,5700000,15600000,16,742,700000,5800000,11400000,6800000,1,2.736842105263158,24700000,0.631578947368421
4,Not Graduate,No,7300000,19800000,8,724,5500000,6000000,29000000,10300000,1,2.712328767123288,50800000,0.38976377952755903
1,Graduate,No,1600000,5400000,12,707,600000,1700000,6200000,800000,1,3.375,9300000,0.5806451612903226
5,Not Graduate,Yes,800000,2500000,4,780,500000,900000,1700000,400000,1,3.125,3500000,0.7142857142857143
4,Not Graduate,No,6300000,21900000,10,538,9600000,5400000,19300000,7800000,0,3.4761904761904763,42100000,0.5201900237529691
2,Graduate,No,8800000,17700000,14,706,22900000,4300000,30300000,9200000,1,2.0113636363636362,66700000,0.2653673163418291
0,Graduate,No,7300000,14500000,16,811,1000000,12400000,16100000,9600000,1,1.9863013698630136,39100000,0.37084398976982097
2,Graduate,Yes,3800000,9100000,14,849,6300000,2400000,9500000,2500000,1,2.3947368421052633,20700000,0.4396135265700483
3,Graduate,No,6200000,16700000,10,880,15800000,8200000,20100000,9100000,1,2.693548387096774,53200000,0.31390977443609025
5,Not Graduate,Yes,3500000,9500000,4,664,9500000,500000,7800000,5200000,1,2.7142857142857144,23000000,0.41304347826086957
5,Graduate,Yes,1400000,5000000,2,465,0,2600000,5300000,1500000,1,3.5714285714285716,9400000,0.5319148936170213
3,Not Graduate,Yes,3500000,12000000,2,786,600000,6400000,10700000,1700000,1,3.4285714285714284,19400000,0.6185567010309279
1,Graduate,Yes,600000,2000000,10,326,400000,1000000,2400000,700000,0,3.3333333333333335,4500000,0.4444444444444444
0,Not Graduate,No,4100000,10800000,16,399,5900000,7600000,12700000,5300000,0,2.6341463414634148,31500000,0.34285714285714286
2,Not Graduate,Yes,5400000,11500000,6,841,6800000,100000,11100000,6600000,1,2.1296296296296298,24600000,0.46747967479674796
2,Not Graduate,Yes,2000000,6700000,14,638,4900000,200000,4900000,2300000,1,3.35,12300000,0.5447154471544715
4,Graduate,Yes,3500000,8900000,4,478,4000000,3900000,11300000,3800000,0,2.5428571428571427,23000000,0.3869565217391304
0,Graduate,Yes,8300000,30000000,4,600,14600000,12500000,24800000,12000000,1,3.6144578313253013,63900000,0.4694835680751174
0,Graduate,Yes,6700000,15600000,16,768,300000,1800000,26000000,3800000,1,2.328358208955224,31900000,0.4890282131661442
0,Not Graduate,No,1900000,6500000,10,523,2400000,1100000,6200000,1100000,0,3.4210526315789473,10800000,0.6018518518518519
2,Graduate,Yes,6500000,20900000,14,327,8200000,100000,22800000,4700000,0,3.2153846153846155,35800000,0.5837988826815642
1,Graduate,Yes,600000,1800000,8,799,1000000,700000,2200000,800000,1,3.0,4700000,0.3829787234042553
5,Graduate,No,7000000,23000000,18,803,18700000,6300000,27800000,4100000,1,3.2857142857142856,56900000,0.40421792618629176
2,Graduate,No,7700000,15400000,18,524,12900000,5100000,21000000,6600000,0,2.0,45600000,0.33771929824561403
1,Graduate,No,2600000,6600000,6,506,2300000,1900000,9600000,2100000,0,2.5384615384615383,15900000,0.41509433962264153
1,Graduate,No,9200000,18800000,2,351,22400000,2200000,31500000,13000000,0,2.0434782608695654,69100000,0.27206946454413894
2,Graduate,Yes,1800000,4200000,8,648,1200000,3100000,6200000,1600000,1,2.3333333333333335,12100000,0.34710743801652894
1,Not Graduate,No,4900000,18500000,4,612,6100000,5900000,16400000,2900000,1,3.7755102040816326,31300000,0.5910543130990416
1,Graduate,No,5700000,12400000,14,396,5400000,7500000,17600000,5600000,0,2.175438596491228,36100000,0.34349030470914127
3,Not Graduate,No,300000,800000,2,458,500000,0,1100000,200000,0,2.6666666666666665,1800000,0.4444444444444444
3,Graduate,Yes,1700000,3400000,6,488,100000,500000,4500000,1600000,0,2.0,6700000,0.5074626865671642
4,Graduate,No,7000000,18900000,6,475,1300000,6100000,14700000,5200000,0,2.7,27300000,0.6923076923076923
1,Not Graduate,No,2200000,7000000,18,417,2000000,3900000,6500000,1900000,0,3.1818181818181817,14300000,0.48951048951048953
2,Not Graduate,No,6800000,18700000,8,781,17600000,900000,23700000,5400000,1,2.75,47600000,0.39285714285714285
1,Not Graduate,Yes,2400000,6200000,12,337,3400000,2100000,9400000,2300000,0,2.5833333333333335,17200000,0.36046511627906974
0,Not Graduate,Yes,600000,1800000,12,511,300000,200000,2200000,400000,0,3.0,3100000,0.5806451612903226
4,Graduate,No,6200000,17300000,6,837,12600000,3700000,24700000,4600000,1,2.7903225806451615,45600000,0.3793859649122807
1,Not Graduate,No,7600000,24600000,12,810,1300000,10500000,30300000,5200000,1,3.236842105263158,47300000,0.5200845665961945
2,Not Graduate,No,4800000,10600000,8,588,3700000,5200000,15000000,4500000,1,2.2083333333333335,28400000,0.3732394366197183
5,Graduate,No,4200000,9200000,12,870,3200000,2400000,12300000,5700000,1,2.1904761904761907,23600000,0.3898305084745763
0,Not Graduate,Yes,7200000,20700000,10,733,15600000,12000000,19200000,9900000,1,2.875,56700000,0.36507936507936506
5,Not Graduate,Yes,6400000,20300000,16,348,10000000,10900000,20400000,6900000,0,3.171875,48200000,0.4211618257261411
0,Not Graduate,Yes,8900000,23000000,12,741,5600000,11200000,27100000,7100000,1,2.5842696629213484,51000000,0.45098039215686275
3,Not Graduate,No,5100000,14500000,12,306,700000,8800000,11600000,2900000,0,2.843137254901961,24000000,0.6041666666666666
2,Graduate,Yes,6300000,19500000,18,428,15900000,7200000,19900000,6500000,0,3.0952380952380953,49500000,0.3939393939393939
3,Graduate,No,6600000,22100000,4,455,3800000,3000000,25100000,7400000,1,3.3484848484848486,39300000,0.5623409669211196
1,Not Graduate,Yes,4800000,14700000,2,356,7100000,8800000,13400000,5500000,1,3.0625,34800000,0.4224137931034483
0,Graduate,No,200000,400000,4,594,500000,0,400000,100000,1,2.0,1000000,0.4
0,Not Graduate,Yes,7500000,25800000,18,844,9100000,600000,18600000,6500000,1,3.44,34800000,0.7413793103448276
4,Graduate,No,9000000,34700000,4,771,4800000,9500000,34100000,7700000,1,3.8555555555555556,56100000,0.6185383244206774
2,Graduate,No,5400000,12500000,4,622,14400000,2900000,11800000,5400000,1,2.314814814814815,34500000,0.36231884057971014
1,Not Graduate,Yes,1700000,4500000,20,480,200000,600000,5400000,1900000,0,2.6470588235294117,8100000,0.5555555555555556
4,Graduate,No,4300000,11500000,20,337,11100000,6000000,17000000,5200000,0,2.6744186046511627,39300000,0.2926208651399491
1,Graduate,No,5200000,11200000,6,698,14100000,7600000,18800000,2700000,1,2.1538461538461537,43200000,0.25925925925925924
4,Not Graduate,No,4400000,17000000,18,302,1000000,2100000,14000000,5700000,0,3.8636363636363638,22800000,0.7456140350877193
1,Not Graduate,Yes,3900000,7800000,14,349,11200000,500000,11800000,3600000,0,2.0,27100000,0.2878228782287823
0,Graduate,No,1100000,3300000,10,482,2800000,300000,2900000,1600000,0,3.0,7600000,0.4342105263157895
2,Graduate,No,2500000,8200000,10,429,1500000,4100000,5900000,2200000,0,3.28,13700000,0.5985401459854015
4,Graduate,No,500000,1300000,8,471,500000,300000,1500000,700000,0,2.6,3000000,0.43333333333333335
0,Graduate,Yes,9000000,32400000,10,895,16800000,5800000,20700000,9500000,1,3.6,52800000,0.6136363636363636
1,Not Graduate,Yes,5100000,20300000,18,757,11800000,3400000,13400000,3200000,1,3.980392156862745,31800000,0.6383647798742138
2,Graduate,No,5200000,13500000,2,777,7000000,5200000,15500000,6100000,1,2.5961538461538463,33800000,0.3994082840236686
5,Not Graduate,Yes,4400000,8900000,4,761,8100000,1000000,14200000,3000000,1,2.022727272727273,26300000,0.33840304182509506
1,Graduate,No,1900000,4200000,12,821,5200000,1500000,5000000,2700000,1,2.210526315789474,14400000,0.2916666666666667
4,Not Graduate,Yes,9200000,26500000,6,662,1000000,400000,26900000,5300000,1,2.880434782608696,33600000,0.7886904761904762
2,Not Graduate,Yes,4800000,16500000,10,350,2000000,6500000,11400000,2900000,0,3.4375,22800000,0.7236842105263158
4,Not Graduate,No,4900000,10700000,20,321,1200000,400000,11100000,6500000,0,2.183673469387755,19200000,0.5572916666666666
3,Graduate,Yes,4800000,10100000,4,368,9100000,5100000,16500000,3500000,0,2.1041666666666665,34200000,0.2953216374269006
4,Graduate,No,9300000,24900000,14,455,27600000,4700000,35100000,13900000,0,2.6774193548387095,81300000,0.3062730627306273
5,Not Graduate,Yes,7500000,24600000,8,744,1600000,3600000,16700000,9300000,1,3.28,31200000,0.7884615384615384
1,Graduate,No,5900000,16800000,4,806,11200000,9700000,22800000,7100000,1,2.847457627118644,50800000,0.33070866141732286
0,Graduate,No,9400000,27900000,6,456,21400000,18500000,35600000,7800000,0,2.9680851063829787,83300000,0.3349339735894358
5,Graduate,No,5300000,13400000,8,719,1600000,200000,11400000,5300000,1,2.5283018867924527,18500000,0.7243243243243244
4,Graduate,No,3700000,9000000,18,668,7800000,1600000,13400000,3100000,1,2.4324324324324325,25900000,0.3474903474903475
0,Graduate,Yes,2500000,5800000,18,494,5100000,4400000,8500000,2300000,0,2.32,20300000,0.2857142857142857
4,Not Graduate,No,2800000,10800000,2,841,700000,2600000,7100000,4100000,1,3.857142857142857,14500000,0.7448275862068966
0,Graduate,Yes,5400000,21400000,8,721,8200000,6400000,16700000,7400000,1,3.962962962962963,38700000,0.5529715762273901
5,Graduate,No,3100000,9400000,10,414,200000,5300000,8000000,2800000,0,3.032258064516129,16300000,0.5766871165644172
5,Not Graduate,No,4800000,15500000,10,812,9500000,1500000,17800000,3500000,1,3.2291666666666665,32300000,0.47987616099071206
1,Not Graduate,No,8800000,17500000,20,832,1800000,3600000,24000000,7400000,1,1.9886363636363635,36800000,0.47554347826086957
2,Graduate,No,4100000,14900000,12,571,-100000,5200000,13000000,3400000,1,3.6341463414634148,21500000,0.6930232558139535
5,Not Graduate,No,9700000,37000000,14,459,28700000,17900000,22800000,5600000,0,3.814432989690722,75000000,0.49333333333333335
2,Graduate,Yes,6400000,24100000,6,592,2500000,6300000,20200000,6000000,1,3.765625,35000000,0.6885714285714286
5,Graduate,No,3400000,13100000,20,527,900000,4500000,8600000,4000000,0,3.8529411764705883,18000000,0.7277777777777777
4,Not Graduate,No,3500000,10200000,12,333,7600000,6400000,8100000,3400000,0,2.914285714285714,25500000,0.4
3,Not Graduate,No,3200000,10000000,18,532,3300000,100000,9800000,2100000,0,3.125,15300000,0.6535947712418301
2,Graduate,Yes,4900000,13100000,18,754,8200000,3300000,16500000,7200000,1,2.673469387755102,35200000,0.3721590909090909
0,Graduate,Yes,1300000,4800000,4,835,500000,100000,3300000,800000,0,3.6923076923076925,4700000,1.0212765957446808
4,Graduate,No,2500000,5400000,10,592,3400000,1500000,9900000,2900000,1,2.16,17700000,0.3050847457627119
0,Graduate,No,7500000,27300000,20,553,11600000,2800000,26200000,6100000,1,3.64,46700000,0.5845824411134903
2,Graduate,No,700000,2000000,8,806,1900000,1100000,2200000,400000,1,2.857142857142857,5600000,0.35714285714285715
4,Graduate,Yes,8200000,28500000,2,378,6800000,11200000,26400000,11500000,1,3.475609756097561,55900000,0.5098389982110912
1,Not Graduate,No,6900000,26200000,4,534,14500000,11900000,14900000,9400000,1,3.7971014492753623,50700000,0.5167652859960552
1,Not Graduate,Yes,1500000,5900000,16,400,4200000,2400000,4800000,1500000,0,3.933333333333333,12900000,0.4573643410852713
3,Graduate,No,6300000,18300000,18,543,1800000,9400000,17700000,3500000,0,2.9047619047619047,32400000,0.5648148148148148
0,Not Graduate,Yes,8800000,25600000,10,715,25300000,2500000,34900000,8600000,1,2.909090909090909,71300000,0.3590462833099579
4,Graduate,Yes,8900000,20700000,6,684,1100000,9200000,20400000,6700000,1,2.3258426966292136,37400000,0.553475935828877
3,Not Graduate,Yes,2100000,6100000,8,346,5500000,600000,4500000,2900000,0,2.9047619047619047,13500000,0.45185185185185184
1,Graduate,Yes,9200000,29200000,6,669,9900000,12900000,23400000,11700000,1,3.1739130434782608,57900000,0.5043177892918825
2,Not Graduate,No,3600000,8000000,12,566,10500000,3000000,8900000,2700000,1,2.2222222222222223,25100000,0.3187250996015936
0,Not Graduate,Yes,8600000,23600000,2,361,25800000,5300000,24700000,7500000,0,2.744186046511628,63300000,0.37282780410742494
5,Graduate,No,3000000,8000000,6,333,3200000,400000,8200000,2200000,0,2.6666666666666665,14000000,0.5714285714285714
3,Not Graduate,Yes,5200000,16300000,8,335,9500000,7000000,13600000,7300000,0,3.1346153846153846,37400000,0.4358288770053476
3,Graduate,Yes,7200000,20400000,10,558,0,13200000,27200000,10600000,1,2.8333333333333335,51000000,0.4
1,Not Graduate,Yes,4000000,15600000,12,436,10400000,2800000,14800000,3200000,0,3.9,31200000,0.5
1,Not Graduate,No,2400000,5200000,2,371,6100000,3100000,8500000,1400000,0,2.1666666666666665,19100000,0.27225130890052357
2,Not Graduate,Yes,5500000,18400000,10,515,6800000,4400000,18500000,4100000,0,3.3454545454545452,33800000,0.5443786982248521
0,Not Graduate,Yes,9000000,24300000,10,599,12900000,3400000,26900000,6400000,1,2.7,49600000,0.4899193548387097
0,Not Graduate,Yes,7900000,24000000,20,728,18600000,15600000,21800000,7400000,1,3.037974683544304,63400000,0.3785488958990536
2,Not Graduate,Yes,6200000,21600000,20,679,18600000,2500000,24500000,9100000,1,3.4838709677419355,54700000,0.39488117001828155
3,Graduate,Yes,7900000,29200000,4,399,23200000,5500000,30200000,6900000,1,3.6962025316455698,65800000,0.44376899696048633
3,Not Graduate,No,1200000,4500000,6,819,1400000,1100000,4400000,900000,1,3.75,7800000,0.5769230769230769
1,Graduate,No,4700000,11700000,6,308,11800000,1100000,15100000,3700000,0,2.4893617021276597,31700000,0.36908517350157727
5,Graduate,Yes,5900000,15600000,2,730,12600000,4700000,15900000,5900000,1,2.6440677966101696,39100000,0.3989769820971867
4,Not Graduate,Yes,1400000,5100000,14,312,4000000,1000000,3200000,1400000,0,3.642857142857143,9600000,0.53125
3,Not Graduate,Yes,4700000,12800000,16,740,2200000,8600000,11700000,6100000,1,2.723404255319149,28600000,0.44755244755244755
5,Graduate,Yes,7600000,20000000,10,522,21500000,1400000,20400000,4300000,0,2.6315789473684212,47600000,0.42016806722689076
4,Graduate,No,7200000,16900000,4,702,15900000,7100000,22000000,9600000,1,2.3472222222222223,54600000,0.30952380952380953
4,Not Graduate,Yes,1400000,4300000,16,447,3600000,1200000,5300000,1000000,0,3.0714285714285716,11100000,0.38738738738738737
5,Graduate,No,1400000,2900000,4,829,800000,600000,5400000,1600000,1,2.0714285714285716,8400000,0.34523809523809523
2,Graduate,No,7900000,18500000,18,727,20200000,12400000,19600000,7100000,1,2.3417721518987342,59300000,0.31197301854974707
5,Not Graduate,Yes,7600000,18700000,14,509,8500000,8500000,22200000,3700000,0,2.460526315789474,42900000,0.4358974358974359
3,Graduate,Yes,9600000,34200000,2,745,2500000,2000000,33000000,6700000,1,3.5625,44200000,0.7737556561085973
1,Not Graduate,No,2300000,6600000,18,513,4600000,900000,9000000,1600000,0,2.869565217391304,16100000,0.40993788819875776
2,Not Graduate,No,8100000,18500000,6,372,19100000,10200000,31000000,7900000,0,2.2839506172839505,68200000,0.27126099706744866
2,Graduate,Yes,300000,700000,4,411,600000,0,1200000,100000,0,2.3333333333333335,1900000,0.3684210526315789
4,Graduate,No,4700000,10800000,20,495,11300000,6800000,17000000,4500000,0,2.297872340425532,39600000,0.2727272727272727
5,Not Graduate,No,1100000,2500000,4,827,2400000,1000000,4100000,600000,1,2.272727272727273,8100000,0.30864197530864196
4,Not Graduate,No,8600000,25100000,6,820,14400000,5000000,26000000,8300000,1,2.9186046511627906,53700000,0.46741154562383613
5,Graduate,Yes,8700000,28100000,10,660,25500000,800000,25900000,10100000,1,3.2298850574712645,62300000,0.4510433386837881
0,Not Graduate,No,2200000,8600000,4,563,900000,1000000,4400000,2800000,1,3.909090909090909,9100000,0.945054945054945
1,Not Graduate,Yes,500000,1400000,10,883,900000,0,1700000,300000,1,2.8,2900000,0.4827586206896552
0,Not Graduate,Yes,9100000,22000000,12,387,25300000,15600000,31700000,7000000,0,2.4175824175824174,79600000,0.27638190954773867
1,Graduate,No,2200000,8700000,12,613,500000,1800000,5700000,2400000,1,3.9545454545454546,10400000,0.8365384615384616
0,Not Graduate,Yes,2200000,8000000,14,335,2800000,3700000,6900000,2900000,0,3.6363636363636362,16300000,0.49079754601226994
1,Graduate,Yes,9600000,34500000,2,795,9500000,900000,32000000,9300000,1,3.59375,51700000,0.6673114119922631
1,Graduate,Yes,6500000,13900000,8,369,9600000,300000,17200000,8300000,0,2.1384615384615384,35400000,0.3926553672316384
4,Graduate,Yes,2400000,7400000,18,888,2700000,1600000,7600000,3200000,1,3.0833333333333335,15100000,0.4900662251655629
4,Not Graduate,No,5500000,12300000,6,742,12900000,2700000,19800000,4300000,1,2.2363636363636363,39700000,0.30982367758186397
0,Graduate,No,5000000,14400000,4,874,3000000,9300000,14100000,3900000,1,2.88,30300000,0.4752475247524752
1,Graduate,No,2700000,8100000,16,691,2000000,3600000,8100000,2100000,1,3.0,15800000,0.5126582278481012
3,Not Graduate,Yes,8500000,30300000,12,762,12700000,3700000,20000000,4200000,1,3.5647058823529414,40600000,0.7463054187192119
1,Graduate,No,4400000,10700000,18,324,2200000,3300000,12700000,5400000,0,2.4318181818181817,23600000,0.4533898305084746
4,Not Graduate,No,500000,1800000,20,777,900000,300000,1300000,200000,1,3.6,2700000,0.6666666666666666
0,Graduate,No,8300000,21400000,2,662,6100000,12300000,24500000,10200000,1,2.5783132530120483,53100000,0.4030131826741996
2,Not Graduate,Yes,6000000,13000000,12,462,2100000,2500000,14600000,5600000,0,2.1666666666666665,24800000,0.5241935483870968
3,Not Graduate,Yes,4000000,10400000,14,609,2100000,6900000,11700000,4600000,1,2.6,25300000,0.41106719367588934
5,Graduate,Yes,4400000,11700000,20,590,900000,2700000,15500000,2300000,1,2.659090909090909,21400000,0.5467289719626168
3,Graduate,Yes,4400000,15800000,18,779,7200000,5400000,14900000,3600000,1,3.590909090909091,31100000,0.5080385852090032
2,Graduate,Yes,1900000,5000000,14,641,1000000,900000,5500000,2400000,1,2.6315789473684212,9800000,0.5102040816326531
0,Graduate,Yes,5000000,18400000,12,752,14600000,4000000,10500000,6500000,1,3.68,35600000,0.5168539325842697
0,Graduate,No,8000000,23700000,10,305,22200000,11600000,17200000,12000000,0,2.9625,63000000,0.3761904761904762
4,Not Graduate,No,8200000,20700000,10,546,10800000,7000000,25000000,10600000,0,2.524390243902439,53400000,0.38764044943820225
2,Graduate,No,7000000,24200000,8,833,13700000,4100000,26100000,9100000,1,3.4571428571428573,53000000,0.45660377358490567
2,Not Graduate,No,2400000,8800000,18,421,3200000,1500000,6700000,1400000,0,3.6666666666666665,12800000,0.6875
5,Graduate,No,6600000,18800000,4,639,3200000,1100000,25100000,4300000,1,2.8484848484848486,33700000,0.5578635014836796
3,Graduate,No,3200000,6900000,20,735,1500000,3700000,9200000,3100000,1,2.15625,17500000,0.3942857142857143
0,Not Graduate,Yes,2600000,5400000,2,377,100000,4900000,6100000,2700000,0,2.076923076923077,13800000,0.391304347826087
3,Not Graduate,No,6900000,15600000,20,310,4500000,3600000,20400000,4800000,0,2.260869565217391,33300000,0.46846846846846846
4,Graduate,No,4800000,14000000,2,695,11300000,1700000,15400000,4600000,1,2.9166666666666665,33000000,0.42424242424242425
1,Not Graduate,Yes,300000,1200000,4,355,700000,300000,800000,200000,1,4.0,2000000,0.6
1,Not Graduate,Yes,4300000,14100000,12,525,2100000,1100000,14100000,5500000,0,3.2790697674418605,22800000,0.618421052631579
5,Not Graduate,No,700000,2400000,20,330,1300000,700000,2500000,500000,0,3.4285714285714284,5000000,0.48
5,Graduate,No,9400000,25800000,14,625,28200000,15400000,30800000,11100000,1,2.74468085106383,85500000,0.3017543859649123
3,Not Graduate,Yes,800000,2900000,10,644,600000,500000,2900000,400000,1,3.625,4400000,0.6590909090909091
5,Not Graduate,No,4400000,14900000,4,865,8200000,6200000,14900000,3500000,1,3.3863636363636362,32800000,0.45426829268292684
1,Graduate,Yes,4700000,14800000,6,661,8500000,6000000,13600000,6400000,1,3.148936170212766,34500000,0.4289855072463768
2,Not Graduate,No,2300000,5000000,8,884,1400000,1700000,6100000,1500000,1,2.1739130434782608,10700000,0.4672897196261682
5,Graduate,Yes,8500000,26700000,10,803,500000,16600000,24400000,9600000,1,3.1411764705882352,51100000,0.5225048923679061
2,Graduate,No,7600000,28300000,12,800,19700000,14800000,15600000,7800000,1,3.723684210526316,57900000,0.48877374784110533
2,Graduate,No,3200000,12600000,18,796,6200000,3500000,9600000,2000000,1,3.9375,21300000,0.5915492957746479
4,Not Graduate,No,2400000,5000000,4,716,1500000,2800000,6900000,1400000,1,2.0833333333333335,12600000,0.3968253968253968
0,Graduate,Yes,500000,1100000,18,479,1500000,500000,1800000,600000,0,2.2,4400000,0.25
3,Not Graduate,Yes,8500000,28300000,2,810,25200000,4300000,18500000,10700000,1,3.3294117647058825,58700000,0.48211243611584326
0,Graduate,Yes,8900000,20900000,18,568,18800000,700000,32700000,5300000,1,2.348314606741573,57500000,0.3634782608695652
0,Graduate,No,2800000,5600000,8,842,0,1300000,6100000,1900000,1,2.0,9300000,0.6021505376344086
3,Not Graduate,Yes,2900000,7000000,4,806,5700000,5600000,5900000,3000000,1,2.413793103448276,20200000,0.3465346534653465
1,Graduate,Yes,4900000,17700000,8,722,9200000,7300000,16400000,3000000,1,3.6122448979591835,35900000,0.49303621169916434
5,Not Graduate,No,9600000,20700000,14,442,25800000,9800000,31800000,8200000,0,2.15625,75600000,0.27380952380952384
3,Graduate,Yes,3300000,9800000,6,360,4500000,600000,11000000,4400000,0,2.9696969696969697,20500000,0.47804878048780486
3,Not Graduate,No,2800000,5900000,4,461,1600000,400000,8900000,2800000,0,2.107142857142857,13700000,0.4306569343065693
2,Graduate,No,7800000,22200000,10,735,9700000,4600000,23000000,6900000,1,2.8461538461538463,44200000,0.502262443438914
4,Graduate,Yes,2500000,8400000,12,761,6300000,1300000,8400000,1600000,1,3.36,17600000,0.4772727272727273
0,Graduate,No,4400000,10600000,20,653,6800000,4600000,16800000,5400000,1,2.409090909090909,33600000,0.31547619047619047
0,Not Graduate,No,7900000,30800000,4,726,5000000,14600000,23800000,5500000,1,3.8987341772151898,48900000,0.6298568507157464
1,Graduate,No,8900000,22600000,18,617,8400000,15500000,27900000,11700000,1,2.539325842696629,63500000,0.35590551181102364
0,Graduate,No,5600000,13400000,2,460,3400000,4100000,14800000,4100000,0,2.392857142857143,26400000,0.5075757575757576
1,Not Graduate,No,1400000,3300000,8,306,3200000,800000,2700000,800000,0,2.357142857142857,7500000,0.44
5,Graduate,Yes,500000,1400000,4,471,500000,100000,1300000,300000,0,2.8,2200000,0.6363636363636364
1,Graduate,Yes,5100000,15300000,4,628,6900000,3300000,17600000,2700000,1,3.0,30500000,0.5016393442622951
3,Graduate,No,9800000,25600000,10,404,24400000,6700000,37000000,11500000,0,2.6122448979591835,79600000,0.32160804020100503
2,Graduate,Yes,8600000,21600000,16,804,15400000,300000,26800000,7100000,1,2.511627906976744,49600000,0.43548387096774194
3,Not Graduate,No,1600000,3900000,20,804,900000,2500000,3200000,800000,1,2.4375,7400000,0.527027027027027
1,Not Graduate,Yes,2500000,6700000,2,502,3400000,2600000,9400000,1400000,0,2.68,16800000,0.39880952380952384
0,Graduate,No,9500000,22600000,6,861,24700000,13200000,29000000,5600000,1,2.3789473684210525,72500000,0.3117241379310345
2,Not Graduate,Yes,3000000,7800000,14,555,6600000,2700000,9600000,1700000,1,2.6,20600000,0.3786407766990291
0,Not Graduate,No,5100000,13600000,18,351,1700000,3700000,14400000,7600000,0,2.6666666666666665,27400000,0.49635036496350365
2,Not Graduate,Yes,7600000,23600000,6,358,20200000,2900000,22100000,10900000,0,3.1052631578947367,56100000,0.4206773618538324
5,Graduate,No,8800000,18800000,14,836,17300000,10100000,32700000,5400000,1,2.1363636363636362,65500000,0.2870229007633588
4,Not Graduate,Yes,1100000,2900000,4,554,2800000,1000000,4100000,1600000,1,2.6363636363636362,9500000,0.30526315789473685
3,Graduate,No,8700000,30500000,2,443,11800000,1800000,24600000,8100000,1,3.5057471264367814,46300000,0.6587473002159827
5,Not Graduate,No,6100000,23600000,4,725,17400000,5100000,15600000,4800000,1,3.8688524590163933,42900000,0.5501165501165501
2,Not Graduate,Yes,1900000,7000000,14,818,4800000,3500000,4500000,2100000,1,3.6842105263157894,14900000,0.4697986577181208
1,Not Graduate,No,9900000,38700000,6,670,19400000,12600000,35800000,6500000,1,3.909090909090909,74300000,0.5208613728129206
0,Graduate,No,5800000,21100000,6,414,7900000,2400000,16000000,5600000,0,3.6379310344827585,31900000,0.6614420062695925
2,Not Graduate,Yes,9500000,37000000,8,887,21800000,18300000,19200000,11700000,1,3.8947368421052633,71000000,0.5211267605633803
3,Graduate,Yes,7900000,26600000,12,409,17100000,1400000,22500000,8700000,0,3.367088607594937,49700000,0.5352112676056338
1,Not Graduate,Yes,1300000,4500000,14,679,2700000,2100000,3700000,1600000,1,3.4615384615384617,10100000,0.44554455445544555
4,Graduate,Yes,700000,2600000,18,478,600000,600000,2100000,300000,0,3.7142857142857144,3600000,0.7222222222222222
3,Graduate,No,600000,1200000,2,752,1100000,500000,2300000,700000,1,2.0,4600000,0.2608695652173913
0,Graduate,No,9400000,33000000,4,616,15400000,5000000,25100000,7800000,1,3.5106382978723403,53300000,0.6191369606003753
2,Not Graduate,Yes,3800000,12500000,14,842,3700000,6700000,14600000,5300000,1,3.289473684210526,30300000,0.41254125412541254
3,Graduate,Yes,7800000,26300000,20,840,1200000,11300000,24100000,5300000,1,3.371794871794872,41900000,0.6276849642004774
3,Graduate,Yes,7800000,27700000,6,430,2000000,8000000,26100000,5300000,0,3.551282051282051,41400000,0.6690821256038647
4,Not Graduate,No,2700000,7000000,4,351,1100000,2300000,8300000,2700000,0,2.5925925925925926,14400000,0.4861111111111111
5,Not Graduate,No,600000,2300000,4,347,0,0,1900000,200000,0,3.8333333333333335,2100000,1.0952380952380953
3,Not Graduate,Yes,8000000,28800000,10,576,18800000,7500000,16300000,11900000,1,3.6,54500000,0.5284403669724771
0,Not Graduate,Yes,4000000,11000000,8,799,4400000,6100000,14700000,4200000,1,2.75,29400000,0.3741496598639456
1,Not Graduate,Yes,3300000,10800000,2,550,6000000,3800000,11000000,4700000,1,3.272727272727273,25500000,0.4235294117647059
2,Graduate,No,5800000,13300000,4,878,8400000,5400000,18600000,4500000,1,2.293103448275862,36900000,0.3604336043360434
3,Graduate,Yes,2400000,4800000,12,895,6800000,300000,7300000,3300000,1,2.0,17700000,0.2711864406779661
4,Not Graduate,No,7600000,29700000,6,603,3200000,2900000,27800000,11000000,1,3.9078947368421053,44900000,0.6614699331848553
2,Not Graduate,Yes,2500000,6900000,12,325,5800000,1600000,6400000,3600000,0,2.76,17400000,0.39655172413793105
2,Graduate,No,3300000,11800000,4,393,5700000,3700000,6800000,2600000,1,3.5757575757575757,18800000,0.6276595744680851
3,Graduate,No,9800000,30300000,2,612,10700000,4600000,32100000,5600000,1,3.0918367346938775,53000000,0.5716981132075472
0,Graduate,Yes,1000000,3800000,8,553,2500000,1000000,2100000,1300000,1,3.8,6900000,0.5507246376811594
0,Not Graduate,Yes,2500000,8800000,14,389,7300000,1400000,8500000,3600000,0,3.52,20800000,0.4230769230769231
0,Graduate,No,1900000,6800000,4,782,100000,3400000,4900000,2400000,1,3.5789473684210527,10800000,0.6296296296296297
3,Graduate,No,3100000,8500000,12,493,8700000,5100000,12000000,2000000,0,2.7419354838709675,27800000,0.3057553956834532
5,Graduate,Yes,6000000,11900000,2,629,2500000,0,19200000,4200000,1,1.9833333333333334,25900000,0.4594594594594595
5,Not Graduate,No,6500000,21600000,10,419,1600000,10900000,22300000,6600000,0,3.3230769230769233,41400000,0.5217391304347826
2,Not Graduate,Yes,5900000,15800000,2,444,14300000,4300000,20300000,5500000,0,2.6779661016949152,44400000,0.35585585585585583
5,Not Graduate,Yes,6500000,15800000,16,301,9200000,9900000,17400000,7100000,0,2.4307692307692306,43600000,0.3623853211009174
0,Graduate,Yes,3800000,11200000,20,479,1100000,6400000,12000000,5400000,0,2.9473684210526314,24900000,0.4497991967871486
3,Not Graduate,Yes,3000000,11400000,10,424,1800000,4200000,10900000,1500000,0,3.8,18400000,0.6195652173913043
0,Graduate,No,4300000,16900000,18,469,200000,5800000,12000000,6200000,0,3.9302325581395348,24200000,0.6983471074380165
4,Not Graduate,Yes,3500000,8300000,2,897,7900000,5500000,12600000,1800000,1,2.3714285714285714,27800000,0.29856115107913667
3,Not Graduate,No,300000,500000,2,477,700000,200000,800000,400000,0,1.6666666666666667,2100000,0.23809523809523808
3,Not Graduate,Yes,600000,1400000,16,509,600000,300000,2400000,900000,0,2.3333333333333335,4200000,0.3333333333333333
0,Graduate,Yes,800000,1700000,4,752,2300000,1100000,3200000,400000,1,2.125,7000000,0.24285714285714285
0,Not Graduate,Yes,5600000,19100000,14,875,16700000,4700000,15100000,7700000,1,3.4107142857142856,44200000,0.4321266968325792
2,Not Graduate,Yes,1800000,3600000,4,343,3400000,1100000,6200000,1500000,0,2.0,12200000,0.29508196721311475
0,Graduate,No,6800000,20800000,20,819,16500000,11900000,26700000,8000000,1,3.0588235294117645,63100000,0.329635499207607
2,Graduate,Yes,4200000,16800000,2,433,3300000,0,14100000,3700000,1,4.0,21100000,0.7962085308056872
1,Not Graduate,Yes,200000,400000,6,768,300000,100000,600000,0,1,2.0,1000000,0.4
2,Graduate,Yes,8500000,31800000,6,714,17000000,900000,26600000,5600000,1,3.7411764705882353,50100000,0.6347305389221557
2,Not Graduate,Yes,2800000,10100000,16,531,2900000,2900000,7200000,4100000,0,3.607142857142857,17100000,0.5906432748538012
0,Graduate,Yes,3600000,8600000,6,529,3500000,3300000,11300000,5200000,0,2.388888888888889,23300000,0.36909871244635195
1,Not Graduate,No,6200000,19500000,20,448,3300000,7100000,22400000,8000000,0,3.1451612903225805,40800000,0.47794117647058826
1,Graduate,No,2700000,10000000,2,584,6500000,2700000,7700000,3400000,1,3.7037037037037037,20300000,0.49261083743842365
1,Graduate,No,6800000,22900000,4,501,3900000,9400000,17300000,4400000,1,3.3676470588235294,35000000,0.6542857142857142
2,Not Graduate,No,6300000,24500000,18,848,10200000,3500000,18200000,8200000,1,3.888888888888889,40100000,0.6109725685785536
4,Not Graduate,No,8800000,19100000,6,586,17600000,8800000,20600000,12400000,1,2.1704545454545454,59400000,0.32154882154882153
1,Graduate,No,5900000,13000000,2,386,16300000,5000000,12000000,3800000,0,2.2033898305084745,37100000,0.3504043126684636
5,Not Graduate,Yes,9800000,37900000,18,301,6700000,4900000,34300000,6200000,0,3.86734693877551,52100000,0.727447216890595
2,Graduate,No,3300000,8300000,6,653,4700000,3100000,8300000,4600000,1,2.515151515151515,20700000,0.40096618357487923
4,Graduate,Yes,300000,500000,14,448,700000,100000,800000,100000,0,1.6666666666666667,1700000,0.29411764705882354
1,Not Graduate,Yes,4800000,11600000,16,696,1400000,9400000,11800000,6500000,1,2.4166666666666665,29100000,0.39862542955326463
1,Graduate,No,7500000,28300000,16,707,9700000,1100000,16300000,6700000,1,3.7733333333333334,33800000,0.8372781065088757
2,Not Graduate,No,8600000,21700000,4,429,5500000,10800000,30900000,6000000,0,2.5232558139534884,53200000,0.40789473684210525
4,Not Graduate,No,8900000,21100000,6,631,4200000,200000,25800000,6200000,1,2.3707865168539324,36400000,0.5796703296703297
5,Not Graduate,Yes,9600000,29600000,4,446,22900000,3500000,36600000,13200000,1,3.0833333333333335,76200000,0.3884514435695538
0,Graduate,Yes,7700000,18100000,18,705,6100000,5100000,23800000,6300000,1,2.3506493506493507,41300000,0.43825665859564167
3,Not Graduate,Yes,7000000,15200000,2,709,10300000,12500000,20700000,4000000,1,2.1714285714285713,47500000,0.32
4,Not Graduate,Yes,7800000,19500000,14,739,1900000,9000000,20400000,4400000,1,2.5,35700000,0.5462184873949579
3,Graduate,No,5100000,11000000,6,336,-100000,5800000,11600000,7500000,0,2.156862745098039,24800000,0.4435483870967742
4,Graduate,No,9400000,32600000,4,898,18200000,4000000,22000000,10200000,1,3.4680851063829787,54400000,0.5992647058823529
4,Not Graduate,Yes,600000,2100000,6,558,1300000,1000000,2200000,300000,1,3.5,4800000,0.4375
3,Graduate,No,5100000,13300000,4,589,11200000,2700000,20200000,6100000,1,2.607843137254902,40200000,0.3308457711442786
2,Graduate,Yes,3800000,14400000,2,301,2300000,1400000,7600000,2400000,0,3.789473684210526,13700000,1.051094890510949
2,Not Graduate,Yes,5300000,21200000,14,516,2200000,5000000,20900000,7700000,0,4.0,35800000,0.5921787709497207
5,Not Graduate,No,1100000,3600000,12,315,1300000,700000,3100000,1400000,0,3.272727272727273,6500000,0.5538461538461539
3,Not Graduate,No,6400000,14400000,10,546,10600000,10000000,21200000,5100000,0,2.25,46900000,0.3070362473347548
0,Not Graduate,Yes,5100000,14500000,14,559,11000000,1100000,12300000,6000000,1,2.843137254901961,30400000,0.4769736842105263
3,Graduate,Yes,5300000,16900000,2,350,15800000,3100000,14300000,6800000,1,3.188679245283019,40000000,0.4225
1,Graduate,No,6700000,18700000,8,583,9300000,4100000,17100000,6900000,1,2.791044776119403,37400000,0.5
2,Not Graduate,No,4000000,9400000,8,874,4400000,3700000,10200000,4800000,1,2.35,23100000,0.4069264069264069
2,Not Graduate,Yes,3900000,11600000,8,808,5800000,3100000,12900000,5000000,1,2.9743589743589745,26800000,0.43283582089552236
1,Graduate,Yes,1600000,4900000,16,487,4300000,1100000,3900000,2000000,0,3.0625,11300000,0.4336283185840708
3,Graduate,No,2700000,7800000,14,870,5400000,5300000,5700000,2100000,1,2.888888888888889,18500000,0.42162162162162165
3,Graduate,No,1400000,3800000,8,840,1700000,200000,5300000,1500000,1,2.7142857142857144,8700000,0.4367816091954023
4,Not Graduate,Yes,8000000,19200000,18,682,2500000,8900000,19000000,5300000,1,2.4,35700000,0.5378151260504201
3,Graduate,Yes,8200000,28900000,10,668,23800000,4500000,28700000,10900000,1,3.524390243902439,67900000,0.4256259204712813
5,Graduate,Yes,4800000,10300000,8,781,4800000,6800000,11100000,4300000,1,2.1458333333333335,27000000,0.3814814814814815
4,Graduate,No,8100000,19000000,6,375,4100000,14500000,19100000,11900000,0,2.345679012345679,49600000,0.38306451612903225
4,Not Graduate,No,5900000,14900000,14,857,2600000,9500000,16000000,3500000,1,2.5254237288135593,31600000,0.47151898734177217
5,Graduate,Yes,8100000,32100000,6,823,18200000,1800000,24100000,6500000,1,3.962962962962963,50600000,0.6343873517786561
0,Graduate,No,1400000,5000000,8,686,1800000,1900000,3200000,1500000,1,3.5714285714285716,8400000,0.5952380952380952
1,Graduate,No,1600000,6300000,2,721,3000000,600000,5200000,900000,1,3.9375,9700000,0.6494845360824743
4,Graduate,No,4600000,9400000,18,545,800000,2400000,11500000,6300000,0,2.0434782608695654,21000000,0.44761904761904764
1,Not Graduate,No,2900000,8900000,6,523,900000,5600000,9700000,1800000,0,3.0689655172413794,18000000,0.49444444444444446
2,Graduate,Yes,8600000,24900000,20,607,13600000,7600000,31800000,5400000,1,2.895348837209302,58400000,0.4263698630136986
4,Not Graduate,No,3800000,14900000,20,428,6500000,3500000,12200000,2500000,0,3.9210526315789473,24700000,0.6032388663967612
0,Not Graduate,No,8200000,20300000,4,666,13100000,10200000,25900000,7800000,1,2.475609756097561,57000000,0.356140350877193
3,Graduate,No,3200000,10100000,20,704,3400000,4800000,9000000,3900000,1,3.15625,21100000,0.4786729857819905
0,Not Graduate,Yes,8100000,23800000,10,794,5400000,15500000,20700000,8800000,1,2.9382716049382718,50400000,0.4722222222222222
1,Graduate,Yes,9800000,23300000,12,430,3200000,12600000,30500000,13900000,0,2.377551020408163,60200000,0.38704318936877075
0,Not Graduate,No,200000,500000,20,615,500000,200000,600000,200000,1,2.5,1500000,0.3333333333333333
0,Not Graduate,No,6600000,14100000,20,360,6800000,5100000,25400000,7800000,0,2.1363636363636362,45100000,0.31263858093126384
0,Not Graduate,No,9100000,18300000,14,458,6100000,9200000,34100000,10000000,0,2.010989010989011,59400000,0.30808080808080807
2,Not Graduate,No,5500000,20400000,12,887,8800000,9400000,12300000,3300000,1,3.709090909090909,33800000,0.6035502958579881
4,Not Graduate,No,7200000,27400000,8,735,14100000,14200000,19400000,9500000,1,3.8055555555555554,57200000,0.479020979020979
1,Not Graduate,No,2400000,5600000,16,379,3700000,600000,7200000,3400000,0,2.3333333333333335,14900000,0.37583892617449666
4,Graduate,No,9600000,25500000,20,544,4000000,11400000,23800000,11100000,0,2.65625,50300000,0.5069582504970179
1,Graduate,Yes,5800000,16700000,12,721,1100000,9700000,17200000,7500000,1,2.8793103448275863,35500000,0.4704225352112676
4,Not Graduate,No,2300000,6000000,8,676,6000000,400000,4800000,2200000,1,2.608695652173913,13400000,0.44776119402985076
1,Not Graduate,No,300000,1200000,4,342,800000,100000,1100000,200000,1,4.0,2200000,0.5454545454545454
0,Not Graduate,No,9900000,27000000,16,566,3500000,17300000,36900000,11500000,1,2.727272727272727,69200000,0.3901734104046243
2,Not Graduate,No,3500000,14000000,2,355,8700000,1600000,11800000,2900000,1,4.0,25000000,0.56
2,Graduate,No,4800000,18500000,20,605,5700000,5500000,14700000,5800000,1,3.8541666666666665,31700000,0.583596214511041
2,Not Graduate,No,1600000,5200000,16,525,300000,2900000,5600000,1600000,0,3.25,10400000,0.5
5,Graduate,Yes,800000,2500000,12,403,500000,0,3200000,800000,0,3.125,4500000,0.5555555555555556
1,Graduate,Yes,9000000,33500000,18,727,18800000,10500000,28100000,5300000,1,3.7222222222222223,62700000,0.5342902711323764
1,Graduate,No,8300000,28900000,12,529,18300000,3900000,32500000,5800000,0,3.4819277108433737,60500000,0.47768595041322315
4,Graduate,No,2800000,6100000,18,415,2200000,4200000,8400000,2000000,0,2.1785714285714284,16800000,0.3630952380952381
1,Graduate,Yes,6400000,17300000,10,879,10000000,1100000,15400000,8200000,1,2.703125,34700000,0.49855907780979825
2,Not Graduate,Yes,6000000,12600000,16,649,4800000,5300000,23900000,5100000,1,2.1,39100000,0.32225063938618925
0,Graduate,No,2900000,9800000,16,395,5400000,4300000,8600000,2400000,0,3.3793103448275863,20700000,0.47342995169082125
0,Graduate,No,6500000,24100000,20,488,3300000,6000000,22900000,9700000,0,3.707692307692308,41900000,0.5751789976133651
1,Graduate,Yes,200000,400000,8,569,200000,200000,700000,300000,1,2.0,1400000,0.2857142857142857
1,Not Graduate,No,8400000,24600000,14,817,1800000,13100000,31300000,8200000,1,2.9285714285714284,54400000,0.4522058823529412
1,Graduate,Yes,6100000,17800000,20,706,16000000,10900000,16900000,4300000,1,2.918032786885246,48100000,0.3700623700623701
2,Graduate,Yes,8000000,31200000,8,553,6800000,3500000,21000000,10300000,1,3.9,41600000,0.75
5,Not Graduate,Yes,900000,1800000,14,464,2300000,300000,1800000,700000,0,2.0,5100000,0.35294117647058826
2,Graduate,No,7300000,20000000,6,729,13100000,10700000,17900000,9100000,1,2.73972602739726,50800000,0.3937007874015748
4,Not Graduate,Yes,3700000,7400000,12,363,4800000,6800000,10500000,4400000,0,2.0,26500000,0.2792452830188679
2,Graduate,No,5200000,17200000,12,565,3500000,1300000,20000000,6300000,1,3.3076923076923075,31100000,0.5530546623794212
1,Graduate,No,7200000,21000000,14,421,3500000,11600000,21800000,4600000,0,2.9166666666666665,41500000,0.5060240963855421
0,Not Graduate,Yes,9400000,34200000,10,512,13100000,15600000,32600000,6300000,0,3.6382978723404253,67600000,0.5059171597633136
3,Not Graduate,Yes,3400000,12400000,2,730,2500000,3900000,12200000,4600000,1,3.6470588235294117,23200000,0.5344827586206896
0,Graduate,No,600000,2300000,8,627,1800000,500000,2200000,300000,1,3.8333333333333335,4800000,0.4791666666666667
0,Not Graduate,Yes,3300000,10000000,16,434,3000000,4100000,12900000,4100000,0,3.0303030303030303,24100000,0.4149377593360996
2,Graduate,Yes,5900000,14300000,2,410,11900000,4400000,16900000,4100000,0,2.4237288135593222,37300000,0.38337801608579086
3,Not Graduate,No,1300000,3600000,16,624,2400000,2300000,3300000,1900000,1,2.769230769230769,9900000,0.36363636363636365
4,Graduate,Yes,5700000,16900000,4,656,13000000,7400000,22000000,8400000,1,2.9649122807017543,50800000,0.33267716535433073
2,Not Graduate,No,7700000,27300000,16,758,7300000,4600000,24800000,9100000,1,3.5454545454545454,45800000,0.5960698689956332
4,Not Graduate,Yes,7000000,23500000,18,336,15000000,9500000,19700000,7800000,0,3.357142857142857,52000000,0.4519230769230769
5,Graduate,No,8100000,21900000,18,378,5200000,3400000,16200000,9600000,0,2.7037037037037037,34400000,0.6366279069767442
1,Graduate,Yes,1900000,4200000,4,620,4700000,2800000,7500000,900000,1,2.210526315789474,15900000,0.2641509433962264
2,Graduate,No,4500000,9100000,18,593,-100000,600000,12400000,2500000,1,2.022222222222222,15400000,0.5909090909090909
0,Not Graduate,Yes,9600000,34000000,12,710,23800000,10300000,38100000,7800000,1,3.5416666666666665,80000000,0.425
1,Not Graduate,Yes,5400000,20700000,8,753,1900000,800000,19000000,3600000,1,3.8333333333333335,25300000,0.8181818181818182
1,Not Graduate,Yes,7800000,27200000,16,454,16100000,3400000,17100000,11400000,0,3.4871794871794872,48000000,0.5666666666666667
1,Graduate,Yes,8200000,19100000,8,619,17200000,12200000,31500000,6600000,1,2.3292682926829267,67500000,0.28296296296296297
2,Graduate,No,8900000,28500000,6,367,22200000,16600000,21500000,9300000,0,3.202247191011236,69600000,0.40948275862068967
1,Graduate,No,1400000,3100000,20,384,200000,1200000,4200000,1800000,0,2.2142857142857144,7400000,0.4189189189189189
2,Graduate,No,1700000,5900000,16,610,3100000,300000,3700000,1300000,1,3.4705882352941178,8400000,0.7023809523809523
0,Graduate,No,5300000,19500000,12,802,9800000,3300000,15200000,3200000,1,3.6792452830188678,31500000,0.6190476190476191
3,Graduate,No,6500000,25200000,10,858,15400000,10900000,14000000,8100000,1,3.876923076923077,48400000,0.5206611570247934
2,Graduate,No,5900000,14000000,8,599,4700000,9500000,17800000,6700000,1,2.3728813559322033,38700000,0.36175710594315247
4,Graduate,Yes,9800000,27000000,2,395,18700000,3000000,23000000,9700000,0,2.7551020408163267,54400000,0.4963235294117647
3,Graduate,Yes,7700000,16200000,6,380,11500000,15100000,22500000,6400000,0,2.103896103896104,55500000,0.2918918918918919
1,Graduate,No,7900000,27100000,10,803,20000000,9800000,22200000,6600000,1,3.430379746835443,58600000,0.46245733788395904
4,Graduate,No,3500000,8900000,20,809,7100000,1500000,13700000,3200000,1,2.5428571428571427,25500000,0.34901960784313724
4,Not Graduate,No,2400000,6600000,2,722,6100000,3300000,5600000,3000000,1,2.75,18000000,0.36666666666666664
5,Graduate,No,9900000,35700000,10,392,7900000,4300000,39200000,13000000,0,3.606060606060606,64400000,0.5543478260869565
0,Graduate,No,3900000,14500000,8,545,5900000,3000000,10300000,3400000,0,3.717948717948718,22600000,0.6415929203539823
2,Not Graduate,Yes,7300000,28500000,10,799,21500000,3100000,15800000,4300000,1,3.904109589041096,44700000,0.6375838926174496
0,Graduate,Yes,6400000,21900000,12,727,15400000,10100000,24000000,5300000,1,3.421875,54800000,0.39963503649635035
4,Graduate,No,7100000,19800000,18,530,7100000,3400000,20900000,7100000,0,2.788732394366197,38500000,0.5142857142857142
2,Not Graduate,No,8800000,19000000,14,637,13700000,13900000,27100000,6100000,1,2.159090909090909,60800000,0.3125
5,Graduate,No,7400000,21000000,4,561,21300000,3800000,26400000,3900000,1,2.8378378378378377,55400000,0.37906137184115524
2,Not Graduate,No,4400000,12000000,20,421,9300000,2700000,15700000,3400000,0,2.727272727272727,31100000,0.3858520900321543
3,Graduate,Yes,8600000,30300000,14,459,12000000,4100000,23800000,9100000,0,3.5232558139534884,49000000,0.6183673469387755
3,Not Graduate,No,6900000,26000000,14,828,14800000,4200000,18500000,3600000,1,3.7681159420289854,41100000,0.6326034063260341
4,Graduate,No,9600000,27500000,20,679,23400000,7500000,37800000,6300000,1,2.8645833333333335,75000000,0.36666666666666664
2,Graduate,Yes,8100000,25700000,8,455,22300000,11500000,19800000,9500000,0,3.1728395061728394,63100000,0.40729001584786056
0,Not Graduate,No,2600000,9400000,18,879,2800000,1400000,5100000,2300000,1,3.6153846153846154,11600000,0.8103448275862069
3,Graduate,Yes,9300000,26100000,14,636,4700000,16100000,34500000,11600000,1,2.806451612903226,66900000,0.3901345291479821
2,Not Graduate,Yes,2100000,5600000,16,426,400000,300000,7100000,1200000,0,2.6666666666666665,9000000,0.6222222222222222
4,Not Graduate,Yes,9000000,21500000,14,508,16600000,17300000,24300000,13100000,0,2.388888888888889,71300000,0.3015427769985975
3,Not Graduate,Yes,7000000,19200000,4,768,8600000,13700000,19200000,7700000,1,2.742857142857143,49200000,0.3902439024390244
3,Not Graduate,No,2200000,6400000,20,667,6300000,3900000,8300000,2900000,1,2.909090909090909,21400000,0.29906542056074764
5,Graduate,Yes,7500000,28200000,2,440,8200000,5800000,24400000,6000000,1,3.76,44400000,0.6351351351351351
1,Graduate,Yes,8300000,16800000,2,366,22000000,6600000,27300000,4500000,0,2.0240963855421685,60400000,0.2781456953642384
2,Not Graduate,No,300000,600000,2,383,600000,300000,1100000,400000,0,2.0,2400000,0.25
0,Not Graduate,Yes,300000,800000,4,603,800000,200000,600000,200000,1,2.6666666666666665,1800000,0.4444444444444444
3,Graduate,No,3900000,14900000,4,728,4700000,4000000,14900000,5500000,1,3.8205128205128207,29100000,0.5120274914089347
0,Not Graduate,No,6600000,20300000,6,549,10800000,900000,23100000,9800000,0,3.0757575757575757,44600000,0.4551569506726457
0,Graduate,No,4100000,10700000,8,855,11500000,700000,11200000,3100000,1,2.6097560975609757,26500000,0.4037735849056604
5,Graduate,Yes,1800000,5300000,12,461,2800000,2000000,4700000,2000000,0,2.9444444444444446,11500000,0.4608695652173913
3,Not Graduate,Yes,7000000,16100000,16,379,2000000,5200000,23000000,10000000,0,2.3,40200000,0.40049751243781095
2,Not Graduate,Yes,5100000,13700000,6,559,7800000,9800000,12700000,5100000,1,2.6862745098039214,35400000,0.3870056497175141
1,Not Graduate,Yes,300000,600000,8,816,600000,300000,1100000,200000,1,2.0,2200000,0.2727272727272727
4,Not Graduate,Yes,4300000,11400000,2,560,10000000,3900000,8900000,3300000,1,2.6511627906976742,26100000,0.4367816091954023
0,Graduate,Yes,3200000,12000000,14,645,5200000,1400000,12100000,3400000,1,3.75,22100000,0.5429864253393665
4,Not Graduate,Yes,4200000,11500000,6,551,10600000,7600000,11300000,5000000,1,2.738095238095238,34500000,0.3333333333333333
0,Not Graduate,Yes,9600000,22900000,8,515,4300000,14700000,33300000,7800000,0,2.3854166666666665,60100000,0.3810316139767055
4,Graduate,No,1300000,3600000,10,657,3200000,1900000,2900000,1100000,1,2.769230769230769,9100000,0.3956043956043956
3,Not Graduate,No,2400000,9300000,2,682,3100000,4400000,5200000,1500000,1,3.875,14200000,0.6549295774647887
0,Graduate,No,600000,1600000,10,588,1600000,100000,1100000,300000,1,2.6666666666666665,3100000,0.5161290322580645
5,Graduate,Yes,9600000,38000000,10,359,2100000,13600000,38200000,9400000,0,3.9583333333333335,63300000,0.6003159557661928
0,Graduate,No,400000,1200000,4,766,900000,300000,1200000,300000,1,3.0,2700000,0.4444444444444444
4,Graduate,No,5900000,19900000,14,469,14200000,6800000,22100000,3200000,0,3.3728813559322033,46300000,0.4298056155507559
0,Graduate,Yes,700000,1400000,10,618,1300000,200000,1700000,500000,1,2.0,3700000,0.3783783783783784
0,Not Graduate,Yes,8600000,17700000,20,711,22000000,0,30800000,7400000,1,2.058139534883721,60200000,0.29401993355481726
0,Graduate,Yes,9000000,34000000,4,549,2000000,8900000,20000000,12400000,1,3.7777777777777777,43300000,0.7852193995381063
3,Graduate,Yes,5100000,20400000,6,754,1700000,2600000,11800000,7600000,1,4.0,23700000,0.8607594936708861
4,Not Graduate,Yes,500000,1500000,6,461,1300000,500000,1700000,200000,0,3.0,3700000,0.40540540540540543
2,Graduate,No,1600000,3800000,10,837,3800000,1100000,5500000,1600000,1,2.375,12000000,0.31666666666666665
0,Graduate,Yes,9800000,23900000,14,459,1000000,13400000,21100000,7200000,0,2.438775510204082,42700000,0.5597189695550351
4,Graduate,No,7800000,29700000,20,614,22000000,700000,26800000,6300000,1,3.8076923076923075,55800000,0.532258064516129
4,Not Graduate,No,6500000,24000000,16,373,5600000,5100000,15600000,6700000,0,3.6923076923076925,33000000,0.7272727272727273
5,Graduate,Yes,7500000,26500000,12,512,16500000,2900000,23700000,6000000,0,3.533333333333333,49100000,0.539714867617108
4,Graduate,Yes,8900000,23400000,18,781,16500000,3100000,24900000,5800000,1,2.6292134831460676,50300000,0.46520874751491054
4,Graduate,Yes,1800000,5800000,14,305,600000,3300000,3600000,2000000,0,3.2222222222222223,9500000,0.6105263157894737
1,Not Graduate,Yes,7600000,27800000,6,447,1300000,700000,20100000,10900000,0,3.6578947368421053,33000000,0.8424242424242424
4,Graduate,Yes,1200000,4600000,6,757,1900000,200000,4800000,1500000,1,3.8333333333333335,8400000,0.5476190476190477
5,Graduate,Yes,2700000,10400000,2,723,2800000,700000,10300000,1400000,1,3.8518518518518516,15200000,0.6842105263157895
1,Not Graduate,Yes,4600000,10900000,12,463,1200000,1200000,10900000,6600000,0,2.369565217391304,19900000,0.5477386934673367
2,Not Graduate,No,6900000,18700000,10,699,12800000,5700000,21200000,5200000,1,2.710144927536232,44900000,0.41648106904231624
4,Graduate,Yes,8400000,25200000,2,308,8100000,9300000,27700000,10500000,1,3.0,55600000,0.45323741007194246
0,Graduate,No,300000,500000,18,702,300000,400000,1200000,100000,1,1.6666666666666667,2000000,0.25
2,Not Graduate,Yes,9500000,37500000,4,456,10200000,16800000,34100000,12900000,1,3.9473684210526314,74000000,0.5067567567567568
3,Graduate,Yes,1900000,5900000,8,651,700000,2100000,6200000,1500000,1,3.1052631578947367,10500000,0.5619047619047619
3,Not Graduate,No,4200000,14500000,20,840,4500000,5900000,8900000,4600000,1,3.4523809523809526,23900000,0.606694560669456
4,Graduate,Yes,2200000,7900000,18,848,5100000,1700000,8500000,1600000,1,3.590909090909091,16900000,0.46745562130177515
5,Graduate,Yes,7100000,19700000,4,727,7700000,12900000,23600000,5800000,1,2.7746478873239435,50000000,0.394
4,Graduate,No,3500000,11600000,10,335,6300000,5200000,10300000,2300000,0,3.3142857142857145,24100000,0.48132780082987553
5,Not Graduate,No,400000,800000,18,304,900000,500000,1400000,400000,0,2.0,3200000,0.25
2,Graduate,Yes,8800000,34400000,2,712,10500000,12500000,29300000,5900000,1,3.909090909090909,58200000,0.5910652920962199
0,Not Graduate,No,1800000,6600000,10,737,5000000,2000000,6000000,1500000,1,3.6666666666666665,14500000,0.45517241379310347
1,Graduate,Yes,7600000,29300000,14,690,13900000,4000000,30000000,9100000,1,3.8552631578947367,57000000,0.5140350877192983
1,Graduate,Yes,1000000,3200000,4,888,2000000,1500000,2200000,1300000,1,3.2,7000000,0.45714285714285713
2,Not Graduate,Yes,8200000,27200000,10,839,9200000,6400000,25500000,6000000,1,3.317073170731707,47100000,0.5774946921443737
5,Not Graduate,Yes,3600000,12400000,8,333,8800000,1000000,10700000,4000000,0,3.4444444444444446,24500000,0.5061224489795918
5,Graduate,No,9400000,23700000,18,862,21500000,3500000,22400000,5600000,1,2.521276595744681,53000000,0.44716981132075473
5,Not Graduate,No,2600000,9100000,4,309,6400000,1400000,5900000,3400000,1,3.5,17100000,0.5321637426900585
5,Not Graduate,No,9500000,30700000,10,823,16300000,3700000,30300000,13100000,1,3.231578947368421,63400000,0.4842271293375394
0,Graduate,Yes,3500000,11700000,14,649,2700000,700000,11400000,4800000,1,3.342857142857143,19600000,0.5969387755102041
5,Not Graduate,Yes,9800000,35700000,10,726,9400000,18900000,31200000,12000000,1,3.642857142857143,71500000,0.4993006993006993
4,Graduate,No,800000,3100000,18,712,400000,700000,1900000,1100000,1,3.875,4100000,0.7560975609756098
0,Not Graduate,No,9700000,37300000,20,701,12100000,16200000,24100000,10500000,1,3.845360824742268,62900000,0.5930047694753577
3,Graduate,No,6200000,21300000,12,655,6500000,11600000,19200000,5000000,1,3.435483870967742,42300000,0.5035460992907801
1,Not Graduate,Yes,4400000,16600000,18,385,800000,5300000,13400000,5100000,0,3.772727272727273,24600000,0.6747967479674797
2,Graduate,No,1800000,3800000,4,777,5100000,2700000,4600000,1400000,1,2.111111111111111,13800000,0.2753623188405797
3,Graduate,No,1700000,5300000,14,696,300000,700000,4500000,800000,1,3.1176470588235294,6300000,0.8412698412698413
3,Graduate,No,3900000,14100000,16,496,2500000,2200000,13700000,2900000,0,3.6153846153846154,21300000,0.6619718309859155
2,Graduate,Yes,2200000,7900000,6,659,3400000,1800000,8600000,2400000,1,3.590909090909091,16200000,0.4876543209876543
3,Not Graduate,Yes,6300000,17700000,2,542,16800000,900000,16400000,5300000,0,2.8095238095238093,39400000,0.44923857868020306
2,Not Graduate,No,2200000,8700000,18,729,3900000,3300000,7600000,1300000,1,3.9545454545454546,16100000,0.5403726708074534
1,Graduate,No,8100000,28400000,6,744,20300000,10500000,21800000,7700000,1,3.506172839506173,60300000,0.4709784411276949
4,Not Graduate,No,6800000,17000000,2,749,18000000,3800000,27100000,9400000,1,2.5,58300000,0.2915951972555746
0,Graduate,No,4700000,14800000,20,755,12300000,5000000,15400000,3700000,1,3.148936170212766,36400000,0.4065934065934066
3,Graduate,Yes,2200000,5300000,2,506,1600000,1700000,5800000,2800000,0,2.409090909090909,11900000,0.44537815126050423
3,Graduate,Yes,3500000,13000000,6,391,6100000,3500000,13300000,4300000,0,3.7142857142857144,27200000,0.47794117647058826
1,Not Graduate,Yes,3500000,11600000,10,898,3100000,2700000,9000000,4500000,1,3.3142857142857145,19300000,0.6010362694300518
5,Not Graduate,No,500000,1500000,12,527,100000,600000,1100000,200000,0,3.0,2000000,0.75
5,Not Graduate,No,9900000,35800000,20,470,9500000,18400000,39100000,14700000,0,3.6161616161616164,81700000,0.43818849449204406
1,Graduate,No,8400000,25000000,12,694,5300000,14900000,23000000,7700000,1,2.9761904761904763,50900000,0.4911591355599214
1,Graduate,No,5000000,18800000,14,325,13100000,5700000,12800000,4300000,0,3.76,35900000,0.5236768802228412
4,Not Graduate,Yes,5500000,13400000,10,880,300000,800000,19900000,2800000,1,2.4363636363636365,23800000,0.5630252100840336
5,Graduate,Yes,3000000,11900000,14,459,6000000,4800000,11700000,4200000,0,3.966666666666667,26700000,0.44569288389513106
3,Not Graduate,Yes,9400000,21400000,10,323,5100000,15500000,29600000,11300000,0,2.276595744680851,61500000,0.34796747967479674
4,Graduate,No,7600000,29000000,8,739,22100000,8100000,22100000,8800000,1,3.8157894736842106,61100000,0.4746317512274959
0,Not Graduate,Yes,5500000,16300000,10,724,11900000,1500000,11900000,6200000,1,2.963636363636364,31500000,0.5174603174603175
1,Graduate,No,3100000,7400000,18,487,8400000,1200000,9200000,4500000,0,2.3870967741935485,23300000,0.31759656652360513
3,Graduate,No,7700000,27700000,4,439,13900000,7500000,27100000,6200000,1,3.5974025974025974,54700000,0.506398537477148
2,Graduate,No,9800000,25400000,2,655,19900000,4600000,21300000,7900000,1,2.5918367346938775,53700000,0.4729981378026071
3,Not Graduate,No,3200000,9200000,14,443,3300000,1100000,7200000,4500000,0,2.875,16100000,0.5714285714285714
2,Graduate,No,700000,2600000,20,489,100000,200000,2400000,900000,0,3.7142857142857144,3600000,0.7222222222222222
4,Not Graduate,Yes,3100000,8600000,14,427,3100000,3800000,9900000,3700000,0,2.774193548387097,20500000,0.4195121951219512
0,Graduate,Yes,4500000,10500000,20,417,9800000,2000000,9600000,5800000,0,2.3333333333333335,27200000,0.3860294117647059
5,Not Graduate,Yes,8900000,24800000,18,842,16200000,5000000,20000000,8100000,1,2.7865168539325844,49300000,0.5030425963488844
3,Not Graduate,No,5900000,23200000,2,307,15500000,10000000,21100000,6300000,1,3.9322033898305087,52900000,0.43856332703213613
2,Not Graduate,No,1500000,4500000,18,428,4500000,1200000,5600000,1100000,0,3.0,12400000,0.3629032258064516
4,Not Graduate,Yes,6300000,15200000,16,415,15500000,1800000,20700000,7900000,0,2.4126984126984126,45900000,0.3311546840958606
3,Not Graduate,Yes,6500000,18200000,20,405,10400000,2800000,21300000,6700000,0,2.8,41200000,0.441747572815534
4,Graduate,No,8000000,31500000,18,683,10300000,7900000,30100000,9600000,1,3.9375,57900000,0.5440414507772021
1,Graduate,Yes,3300000,10600000,14,742,300000,600000,8400000,4500000,1,3.212121212121212,13800000,0.7681159420289855
4,Not Graduate,No,3900000,10000000,10,530,10900000,200000,12300000,1900000,0,2.5641025641025643,25300000,0.3952569169960474
3,Graduate,No,1600000,3500000,10,844,4500000,2200000,5200000,1600000,1,2.1875,13500000,0.25925925925925924
2,Not Graduate,Yes,3900000,13900000,18,715,5000000,5600000,9900000,2100000,1,3.5641025641025643,22600000,0.6150442477876106
3,Graduate,Yes,8000000,26300000,12,476,21700000,6600000,16400000,9000000,0,3.2875,53700000,0.4897579143389199
2,Graduate,No,2200000,4800000,6,721,1800000,100000,6900000,2200000,1,2.1818181818181817,11000000,0.43636363636363634
4,Not Graduate,No,7600000,30300000,12,339,20400000,8000000,22200000,5800000,0,3.986842105263158,56400000,0.5372340425531915
5,Not Graduate,Yes,2700000,6800000,6,461,4500000,2000000,8200000,1700000,0,2.5185185185185186,16400000,0.4146341463414634
2,Graduate,Yes,6300000,23200000,12,556,7000000,8300000,24200000,5300000,1,3.6825396825396823,44800000,0.5178571428571429
3,Not Graduate,No,7700000,18700000,8,483,15100000,5600000,24600000,10200000,0,2.4285714285714284,55500000,0.33693693693693694
2,Graduate,No,4500000,17200000,18,406,4100000,6300000,13800000,3300000,0,3.8222222222222224,27500000,0.6254545454545455
2,Graduate,Yes,9400000,24800000,14,513,24200000,18200000,37200000,7500000,0,2.6382978723404253,87100000,0.2847301951779564
0,Not Graduate,No,4600000,12600000,16,574,3400000,6200000,15100000,3600000,1,2.739130434782609,28300000,0.4452296819787986
0,Graduate,Yes,5200000,15700000,6,692,3800000,7000000,12800000,5500000,1,3.019230769230769,29100000,0.5395189003436426
5,Graduate,Yes,8000000,29800000,18,867,17700000,14100000,22800000,9200000,1,3.725,63800000,0.4670846394984326
1,Not Graduate,Yes,9900000,38500000,2,875,19600000,2900000,20200000,6500000,1,3.888888888888889,49200000,0.782520325203252
4,Graduate,Yes,8500000,18600000,10,597,16600000,3200000,21000000,11600000,1,2.1882352941176473,52400000,0.3549618320610687
2,Graduate,Yes,4900000,12000000,20,513,14200000,8100000,18300000,4800000,0,2.4489795918367347,45400000,0.2643171806167401
3,Graduate,Yes,7000000,24200000,2,354,18200000,7000000,15900000,7900000,1,3.4571428571428573,49000000,0.49387755102040815
2,Not Graduate,No,9600000,25900000,18,647,11800000,9900000,35600000,11500000,1,2.6979166666666665,68800000,0.376453488372093
1,Graduate,No,9700000,23700000,6,875,11500000,14400000,38100000,10400000,1,2.443298969072165,74400000,0.3185483870967742
1,Graduate,No,6200000,14300000,20,819,7500000,11700000,16700000,4300000,1,2.306451612903226,40200000,0.35572139303482586
4,Not Graduate,Yes,4100000,9600000,10,521,11900000,7100000,14100000,4900000,0,2.341463414634146,38000000,0.25263157894736843
0,Graduate,Yes,6100000,19900000,20,761,4500000,3700000,12700000,7100000,1,3.262295081967213,28000000,0.7107142857142857
0,Graduate,No,700000,1900000,18,572,1400000,1000000,2000000,300000,1,2.7142857142857144,4700000,0.40425531914893614
3,Graduate,No,6400000,24100000,12,571,19000000,11500000,13200000,7500000,1,3.765625,51200000,0.470703125
4,Graduate,Yes,3800000,7800000,20,891,4600000,7000000,14300000,3300000,1,2.0526315789473686,29200000,0.2671232876712329
1,Not Graduate,No,4900000,14800000,12,895,8600000,8200000,18300000,5200000,1,3.020408163265306,40300000,0.36724565756823824
2,Graduate,No,2100000,6600000,20,580,3800000,4100000,6200000,2100000,1,3.142857142857143,16200000,0.4074074074074074
2,Graduate,No,6200000,23400000,8,605,10000000,10800000,21800000,9200000,1,3.774193548387097,51800000,0.4517374517374517
4,Not Graduate,No,1600000,5100000,8,705,2400000,800000,5100000,1900000,1,3.1875,10200000,0.5
1,Not Graduate,Yes,1300000,5000000,20,423,900000,800000,3900000,1600000,0,3.8461538461538463,7200000,0.6944444444444444
5,Not Graduate,Yes,7300000,22500000,2,846,9800000,4700000,20300000,5700000,1,3.0821917808219177,40500000,0.5555555555555556
2,Not Graduate,No,2100000,5000000,4,542,700000,600000,6600000,3100000,0,2.380952380952381,11000000,0.45454545454545453
5,Not Graduate,No,600000,2400000,18,631,600000,300000,2100000,900000,1,4.0,3900000,0.6153846153846154
4,Graduate,No,7000000,24500000,18,318,4300000,1700000,16300000,3600000,0,3.5,25900000,0.9459459459459459
1,Not Graduate,Yes,3000000,6800000,10,541,5800000,5700000,10700000,2900000,0,2.2666666666666666,25100000,0.27091633466135456
1,Graduate,No,900000,2900000,20,782,0,1500000,3500000,800000,1,3.2222222222222223,5800000,0.5
2,Graduate,No,9600000,35000000,2,888,12600000,6500000,37900000,5800000,1,3.6458333333333335,62800000,0.5573248407643312
0,Graduate,No,1500000,3600000,14,747,200000,1400000,3000000,1200000,1,2.4,5800000,0.6206896551724138
0,Graduate,Yes,5000000,18900000,6,641,4300000,8500000,19600000,6700000,1,3.78,39100000,0.4833759590792839
3,Graduate,Yes,500000,1700000,4,640,400000,700000,1300000,200000,1,3.4,2600000,0.6538461538461539
4,Not Graduate,No,7600000,28100000,12,324,12500000,8500000,19900000,11100000,0,3.6973684210526314,52000000,0.5403846153846154
4,Graduate,No,5500000,21200000,20,359,4200000,5300000,18600000,6400000,0,3.8545454545454545,34500000,0.6144927536231884
0,Not Graduate,Yes,6600000,23300000,12,338,2400000,800000,18900000,9300000,0,3.5303030303030303,31400000,0.7420382165605095
0,Graduate,No,1400000,3200000,14,384,3100000,800000,3400000,2000000,0,2.2857142857142856,9300000,0.34408602150537637
5,Not Graduate,Yes,8800000,26600000,16,545,19100000,16600000,30400000,7600000,0,3.022727272727273,73700000,0.36092265943012214
5,Not Graduate,No,6200000,24200000,18,610,10200000,7800000,19600000,8300000,1,3.903225806451613,45900000,0.5272331154684096
2,Graduate,Yes,8300000,27900000,18,840,12600000,3500000,19100000,9200000,1,3.36144578313253,44400000,0.6283783783783784
3,Not Graduate,No,2400000,8100000,6,630,5100000,2900000,9100000,2300000,1,3.375,19400000,0.4175257731958763
1,Graduate,No,9100000,31200000,4,508,12800000,11700000,31100000,7800000,1,3.4285714285714284,63400000,0.4921135646687697
0,Not Graduate,Yes,9500000,34900000,4,535,800000,14100000,25600000,14000000,1,3.6736842105263157,54500000,0.6403669724770642
1,Graduate,No,1200000,3400000,20,717,3100000,1500000,2500000,900000,1,2.8333333333333335,8000000,0.425
2,Graduate,Yes,7700000,19300000,8,735,1200000,1900000,23800000,10400000,1,2.5064935064935066,37300000,0.517426273458445
5,Graduate,Yes,7800000,22000000,20,528,5800000,8800000,24700000,4900000,0,2.8205128205128207,44200000,0.497737556561086
0,Graduate,Yes,9400000,20000000,4,350,3300000,1400000,37200000,4700000,0,2.127659574468085,46600000,0.4291845493562232
0,Not Graduate,No,1700000,5700000,12,422,3400000,1100000,6500000,900000,0,3.3529411764705883,11900000,0.4789915966386555
5,Graduate,No,4000000,13700000,6,496,-100000,1400000,15800000,3700000,0,3.425,20800000,0.6586538461538461
4,Not Graduate,No,4200000,15500000,18,794,7300000,700000,13400000,2200000,1,3.6904761904761907,23600000,0.6567796610169492
2,Graduate,No,2400000,7700000,6,719,6000000,1700000,6700000,1600000,1,3.2083333333333335,16000000,0.48125
3,Not Graduate,Yes,2700000,6100000,14,630,3900000,2800000,10600000,2300000,1,2.259259259259259,19600000,0.3112244897959184
3,Not Graduate,Yes,600000,1800000,4,843,1400000,300000,1700000,400000,1,3.0,3800000,0.47368421052631576
2,Graduate,No,4600000,15600000,2,764,7700000,1500000,16000000,5800000,1,3.391304347826087,31000000,0.5032258064516129
3,Graduate,No,7200000,17700000,4,662,13100000,11500000,16300000,5300000,1,2.4583333333333335,46200000,0.38311688311688313
0,Not Graduate,No,4700000,15500000,16,311,12800000,200000,17500000,2700000,0,3.297872340425532,33200000,0.46686746987951805
4,Not Graduate,No,4300000,10100000,2,606,9900000,1800000,8900000,5500000,1,2.3488372093023258,26100000,0.38697318007662834
5,Graduate,No,4700000,10200000,16,874,10800000,7700000,11100000,7000000,1,2.1702127659574466,36600000,0.2786885245901639
4,Not Graduate,Yes,8700000,30000000,4,370,17600000,15600000,34600000,12100000,1,3.4482758620689653,79900000,0.37546933667083854
1,Graduate,No,7000000,20500000,10,414,19700000,7500000,20700000,5100000,0,2.9285714285714284,53000000,0.3867924528301887
2,Not Graduate,No,600000,1100000,10,800,1200000,200000,2300000,900000,1,1.8333333333333333,4600000,0.2391304347826087
1,Not Graduate,No,6800000,16900000,12,779,13800000,10200000,23400000,4400000,1,2.485294117647059,51800000,0.32625482625482627
1,Not Graduate,No,6400000,14100000,20,553,11700000,4500000,20000000,3600000,1,2.203125,39800000,0.3542713567839196
4,Not Graduate,No,7600000,29900000,18,445,4800000,13900000,18400000,5700000,0,3.9342105263157894,42800000,0.6985981308411215
3,Not Graduate,No,9000000,21400000,8,496,16400000,7300000,31800000,12500000,0,2.3777777777777778,68000000,0.31470588235294117
0,Graduate,Yes,2400000,5900000,10,650,5100000,3700000,5300000,2300000,1,2.4583333333333335,16400000,0.3597560975609756
3,Not Graduate,No,6800000,17900000,6,783,20000000,9800000,23600000,5500000,1,2.6323529411764706,58900000,0.30390492359932086
5,Graduate,Yes,3500000,13500000,10,535,3100000,5700000,12500000,3100000,0,3.857142857142857,24400000,0.5532786885245902
4,Graduate,Yes,8900000,34000000,20,415,13500000,3100000,33600000,12800000,0,3.8202247191011236,63000000,0.5396825396825397
0,Not Graduate,No,6000000,15300000,8,709,8900000,1700000,16400000,3500000,1,2.55,30500000,0.5016393442622951
3,Not Graduate,No,700000,2500000,14,819,1600000,1000000,2100000,900000,1,3.5714285714285716,5600000,0.44642857142857145
0,Not Graduate,Yes,6800000,17300000,18,841,10500000,8600000,16000000,8700000,1,2.5441176470588234,43800000,0.3949771689497717
4,Not Graduate,Yes,5300000,10700000,12,700,15800000,1900000,20500000,2900000,1,2.018867924528302,41100000,0.26034063260340634
1,Graduate,Yes,1400000,4200000,4,881,2800000,1200000,5100000,1300000,1,3.0,10400000,0.40384615384615385
2,Graduate,Yes,1400000,4600000,4,804,1900000,2200000,5200000,700000,1,3.2857142857142856,10000000,0.46
4,Not Graduate,No,9200000,21700000,6,653,22700000,4600000,29400000,8600000,1,2.358695652173913,65300000,0.332312404287902
1,Graduate,Yes,7900000,29200000,2,663,19600000,12100000,28600000,10100000,1,3.6962025316455698,70400000,0.4147727272727273
0,Not Graduate,No,4500000,17500000,10,495,10300000,3500000,9700000,6200000,0,3.888888888888889,29700000,0.5892255892255892
1,Not Graduate,No,3800000,9800000,8,335,100000,5100000,14200000,1800000,0,2.5789473684210527,21200000,0.46226415094339623
5,Graduate,Yes,1500000,4900000,6,618,3400000,1000000,3200000,900000,1,3.2666666666666666,8500000,0.5764705882352941
3,Not Graduate,No,1200000,2400000,12,480,3000000,100000,3100000,1700000,0,2.0,7900000,0.3037974683544304
4,Not Graduate,No,1700000,4900000,18,843,4800000,2200000,6200000,1800000,1,2.8823529411764706,15000000,0.32666666666666666
4,Graduate,No,5200000,14100000,16,483,11800000,800000,19200000,2700000,0,2.7115384615384617,34500000,0.40869565217391307
1,Not Graduate,No,1600000,5100000,12,548,2200000,2700000,3600000,800000,0,3.1875,9300000,0.5483870967741935
4,Graduate,Yes,6600000,16000000,16,379,6500000,12600000,24700000,4500000,0,2.4242424242424243,48300000,0.33126293995859213
5,Not Graduate,Yes,9400000,26600000,20,771,10200000,12600000,36900000,11700000,1,2.8297872340425534,71400000,0.37254901960784315
4,Graduate,Yes,300000,500000,2,353,600000,100000,1200000,400000,0,1.6666666666666667,2300000,0.21739130434782608
5,Not Graduate,No,4600000,11500000,16,668,6500000,3100000,10200000,5500000,1,2.5,25300000,0.45454545454545453
3,Not Graduate,Yes,6100000,21300000,2,387,7100000,3100000,16300000,4100000,1,3.4918032786885247,30600000,0.696078431372549
0,Not Graduate,Yes,1500000,4100000,12,789,3600000,1600000,5800000,1300000,1,2.7333333333333334,12300000,0.3333333333333333
0,Graduate,Yes,400000,900000,2,855,-100000,500000,1300000,400000,1,2.25,2100000,0.42857142857142855
0,Not Graduate,No,8700000,33600000,14,751,7100000,13700000,22800000,7000000,1,3.8620689655172415,50600000,0.6640316205533597
3,Not Graduate,No,7000000,21600000,12,739,1600000,7600000,24500000,8400000,1,3.085714285714286,42100000,0.5130641330166271
4,Graduate,No,4700000,13100000,14,492,1000000,4500000,14100000,6400000,0,2.7872340425531914,26000000,0.5038461538461538
4,Not Graduate,Yes,7600000,23800000,16,896,3700000,4500000,15400000,6400000,1,3.1315789473684212,30000000,0.7933333333333333
1,Not Graduate,Yes,9200000,24500000,4,545,25700000,0,20600000,13300000,0,2.6630434782608696,59600000,0.4110738255033557
5,Not Graduate,No,9400000,36800000,20,891,13900000,16600000,19300000,8900000,1,3.9148936170212765,58700000,0.626916524701874
0,Graduate,No,4800000,15100000,6,848,1300000,300000,18800000,3500000,1,3.1458333333333335,23900000,0.6317991631799164
3,Not Graduate,Yes,600000,2400000,12,884,600000,800000,1400000,600000,1,4.0,3400000,0.7058823529411765
3,Graduate,Yes,4900000,14300000,14,439,10300000,5600000,17400000,5100000,0,2.9183673469387754,38400000,0.3723958333333333
3,Graduate,Yes,3300000,8500000,12,586,7500000,5100000,7800000,3900000,1,2.5757575757575757,24300000,0.3497942386831276
3,Graduate,Yes,9100000,18800000,20,308,14500000,10200000,20500000,4800000,0,2.065934065934066,50000000,0.376
5,Graduate,No,6100000,23500000,16,300,300000,700000,22800000,4800000,0,3.8524590163934427,28600000,0.8216783216783217
3,Graduate,Yes,8400000,19600000,2,741,21500000,200000,18700000,8300000,1,2.3333333333333335,48700000,0.4024640657084189
4,Graduate,No,7900000,31400000,8,698,16500000,11400000,28700000,5100000,1,3.9746835443037973,61700000,0.5089141004862237
2,Not Graduate,Yes,6100000,22300000,10,733,12100000,9700000,17200000,5600000,1,3.6557377049180326,44600000,0.5
3,Not Graduate,Yes,2000000,4200000,16,571,1700000,3900000,5800000,1300000,1,2.1,12700000,0.33070866141732286
3,Graduate,Yes,9900000,29900000,20,490,10500000,9100000,27100000,7400000,0,3.0202020202020203,54100000,0.5526802218114603
2,Not Graduate,No,9500000,25400000,16,451,19000000,2900000,33800000,11400000,0,2.6736842105263157,67100000,0.37853949329359166
4,Graduate,Yes,1900000,6800000,6,559,3600000,2200000,6200000,1200000,1,3.5789473684210527,13200000,0.5151515151515151
4,Graduate,Yes,6900000,21400000,10,577,12500000,2200000,14900000,6300000,1,3.101449275362319,35900000,0.596100278551532
2,Not Graduate,Yes,1500000,5000000,4,613,4400000,1300000,5200000,2100000,1,3.3333333333333335,13000000,0.38461538461538464
4,Not Graduate,No,1900000,3800000,20,785,1000000,600000,6100000,1500000,1,2.0,9200000,0.41304347826086957
0,Graduate,Yes,2300000,6000000,8,690,5500000,2900000,6000000,2000000,1,2.608695652173913,16400000,0.36585365853658536
2,Not Graduate,No,7800000,17100000,14,351,19000000,7200000,19300000,7100000,0,2.1923076923076925,52600000,0.32509505703422054
4,Not Graduate,No,400000,1000000,10,447,0,300000,900000,300000,0,2.5,1500000,0.6666666666666666
0,Graduate,Yes,9400000,19200000,20,708,21200000,16300000,23400000,13200000,1,2.0425531914893615,74100000,0.2591093117408907
2,Graduate,No,9100000,21700000,12,549,25500000,11000000,34700000,12200000,0,2.3846153846153846,83400000,0.26019184652278177
1,Graduate,Yes,9000000,18800000,8,797,4100000,9400000,22900000,7500000,1,2.088888888888889,43900000,0.428246013667426
4,Not Graduate,No,7100000,14300000,14,537,13700000,10400000,18200000,6100000,0,2.0140845070422535,48400000,0.29545454545454547
3,Graduate,No,800000,2500000,12,828,1700000,0,1500000,700000,1,3.125,3900000,0.6410256410256411
0,Graduate,Yes,4500000,9600000,14,471,3200000,7700000,11000000,3600000,0,2.1333333333333333,25500000,0.3764705882352941
5,Graduate,No,8500000,25400000,4,336,8500000,1200000,30600000,9000000,0,2.988235294117647,49300000,0.5152129817444219
3,Not Graduate,Yes,2500000,9800000,16,424,4700000,3200000,5800000,1300000,0,3.92,15000000,0.6533333333333333
2,Graduate,No,1500000,3300000,18,440,800000,2300000,3000000,1800000,0,2.2,7900000,0.4177215189873418
0,Not Graduate,No,6200000,17300000,8,583,3700000,3900000,13600000,3300000,1,2.7903225806451615,24500000,0.7061224489795919
1,Not Graduate,Yes,1300000,2900000,6,480,2900000,300000,2900000,1400000,0,2.230769230769231,7500000,0.38666666666666666
5,Not Graduate,No,6600000,25800000,10,670,4600000,7200000,20600000,8500000,1,3.909090909090909,40900000,0.6308068459657702
0,Graduate,Yes,5300000,13700000,6,329,8800000,7600000,11200000,2800000,0,2.5849056603773586,30400000,0.4506578947368421
5,Not Graduate,No,1400000,3000000,6,754,3500000,2700000,5300000,1400000,1,2.142857142857143,12900000,0.23255813953488372
2,Not Graduate,Yes,2900000,7800000,18,588,400000,100000,11600000,4200000,1,2.689655172413793,16300000,0.4785276073619632
3,Not Graduate,No,6500000,16500000,4,551,5300000,800000,18500000,7600000,1,2.5384615384615383,32200000,0.5124223602484472
3,Graduate,No,8300000,18900000,4,316,20200000,9700000,21300000,8200000,0,2.2771084337349397,59400000,0.3181818181818182
2,Not Graduate,Yes,8900000,32200000,12,382,0,11300000,20500000,5400000,0,3.6179775280898876,37200000,0.8655913978494624
3,Graduate,No,5300000,15000000,6,717,7000000,4100000,17100000,5300000,1,2.830188679245283,33500000,0.44776119402985076
0,Graduate,No,2800000,7300000,6,676,3500000,2200000,5700000,3200000,1,2.607142857142857,14600000,0.5
1,Not Graduate,No,8000000,27800000,6,667,6000000,12600000,22500000,9900000,1,3.475,51000000,0.5450980392156862
3,Not Graduate,No,3900000,10500000,20,821,1600000,6300000,11000000,3900000,1,2.6923076923076925,22800000,0.4605263157894737
0,Graduate,No,6200000,20100000,20,345,9300000,5900000,17400000,4100000,0,3.2419354838709675,36700000,0.547683923705722
3,Not Graduate,Yes,5900000,19200000,10,442,9500000,500000,18300000,4700000,0,3.2542372881355934,33000000,0.5818181818181818
1,Graduate,Yes,6000000,23300000,12,672,2000000,11300000,19600000,6400000,1,3.8833333333333333,39300000,0.5928753180661578
3,Not Graduate,Yes,9100000,29300000,2,508,19000000,5100000,31600000,11900000,1,3.21978021978022,67600000,0.4334319526627219
5,Graduate,Yes,3400000,12300000,10,615,7000000,1600000,11400000,3500000,1,3.6176470588235294,23500000,0.5234042553191489
1,Graduate,Yes,1800000,4400000,8,689,3200000,2500000,3800000,1600000,1,2.4444444444444446,11100000,0.3963963963963964
1,Graduate,No,300000,1200000,18,747,100000,0,700000,200000,0,4.0,1000000,1.2
1,Graduate,Yes,9000000,22800000,10,412,0,15600000,32000000,4700000,0,2.533333333333333,52300000,0.4359464627151052
1,Graduate,No,6400000,16900000,2,703,6300000,7300000,15900000,7400000,1,2.640625,36900000,0.45799457994579945
5,Not Graduate,No,5800000,22200000,16,884,1200000,4800000,19500000,8500000,1,3.8275862068965516,34000000,0.6529411764705882
5,Graduate,Yes,2600000,8600000,18,651,1000000,100000,7800000,2600000,1,3.3076923076923075,11500000,0.7478260869565218
4,Not Graduate,No,6600000,17300000,14,793,16700000,1400000,17500000,3900000,1,2.621212121212121,39500000,0.4379746835443038
2,Not Graduate,No,6100000,21800000,4,407,9800000,100000,20200000,5800000,1,3.5737704918032787,35900000,0.6072423398328691
2,Not Graduate,No,4100000,11100000,8,390,800000,3100000,10100000,3400000,0,2.707317073170732,17400000,0.6379310344827587
3,Not Graduate,Yes,300000,1000000,12,469,600000,400000,700000,300000,0,3.3333333333333335,2000000,0.5
4,Graduate,No,4700000,10400000,6,373,6800000,8600000,14300000,5400000,0,2.2127659574468086,35100000,0.2962962962962963
4,Graduate,Yes,1500000,5800000,2,304,2400000,1600000,3300000,1400000,1,3.8666666666666667,8700000,0.6666666666666666
5,Not Graduate,No,2700000,8300000,8,833,4600000,1300000,6800000,3300000,1,3.074074074074074,16000000,0.51875
2,Graduate,No,6900000,20900000,2,302,18700000,10700000,26900000,9200000,1,3.028985507246377,65500000,0.3190839694656489
0,Graduate,No,7600000,28700000,6,397,11000000,13200000,24600000,3800000,0,3.776315789473684,52600000,0.5456273764258555
1,Graduate,No,4100000,10000000,6,891,4900000,300000,12600000,3600000,1,2.4390243902439024,21400000,0.4672897196261682
3,Not Graduate,No,4100000,12200000,2,457,700000,500000,14100000,4900000,0,2.975609756097561,20200000,0.6039603960396039
4,Not Graduate,No,1600000,3200000,16,657,200000,100000,5700000,1200000,1,2.0,7200000,0.4444444444444444
2,Not Graduate,Yes,400000,1400000,2,480,200000,700000,1600000,200000,1,3.5,2700000,0.5185185185185185
5,Graduate,Yes,4400000,17300000,20,840,3600000,5100000,12900000,2300000,1,3.9318181818181817,23900000,0.7238493723849372
2,Not Graduate,Yes,3800000,8000000,12,866,6000000,600000,8400000,1900000,1,2.1052631578947367,16900000,0.47337278106508873
0,Not Graduate,No,4300000,17000000,8,619,4100000,6600000,17100000,3900000,1,3.953488372093023,31700000,0.5362776025236593
1,Graduate,Yes,9000000,33500000,2,748,7900000,9800000,25700000,11500000,1,3.7222222222222223,54900000,0.6102003642987249
3,Not Graduate,Yes,9500000,25500000,12,881,27000000,14100000,21600000,8900000,1,2.6842105263157894,71600000,0.35614525139664804
2,Graduate,Yes,6900000,13900000,8,829,14300000,8100000,22400000,4600000,1,2.0144927536231885,49400000,0.2813765182186235
3,Not Graduate,No,4300000,11100000,6,312,4800000,3800000,10100000,3300000,0,2.5813953488372094,22000000,0.5045454545454545
3,Not Graduate,No,6600000,21400000,10,467,15200000,6000000,20300000,5200000,0,3.242424242424242,46700000,0.4582441113490364
1,Graduate,Yes,5200000,14300000,18,650,5400000,2300000,17600000,3600000,1,2.75,28900000,0.49480968858131485
3,Graduate,Yes,400000,1100000,6,711,100000,300000,1400000,100000,1,2.75,1900000,0.5789473684210527
4,Not Graduate,No,1300000,4100000,18,886,2800000,500000,3800000,600000,1,3.1538461538461537,7700000,0.5324675324675324
5,Not Graduate,No,9700000,28400000,4,494,5300000,12000000,24400000,10000000,0,2.9278350515463916,51700000,0.5493230174081238
2,Graduate,Yes,5400000,10900000,14,741,1300000,6000000,20400000,5600000,1,2.0185185185185186,33300000,0.32732732732732733
4,Not Graduate,No,1200000,3300000,12,876,400000,100000,3800000,1000000,1,2.75,5300000,0.6226415094339622
0,Graduate,Yes,7000000,26400000,14,610,14300000,0,13900000,5300000,1,3.7714285714285714,33500000,0.7880597014925373
5,Graduate,No,7600000,26000000,6,778,12900000,2400000,25500000,10900000,1,3.4210526315789473,51700000,0.5029013539651838
5,Graduate,Yes,700000,1800000,14,571,200000,400000,1900000,400000,1,2.5714285714285716,2900000,0.6206896551724138
3,Graduate,Yes,7500000,25100000,18,554,12500000,7900000,28500000,4700000,1,3.3466666666666667,53600000,0.46828358208955223
0,Not Graduate,Yes,2300000,6200000,8,712,6800000,1700000,8800000,1500000,1,2.6956521739130435,18800000,0.32978723404255317
5,Not Graduate,Yes,5600000,11500000,4,695,9500000,7100000,11700000,7800000,1,2.0535714285714284,36100000,0.3185595567867036
0,Not Graduate,Yes,5400000,10900000,20,366,3700000,500000,21000000,4800000,0,2.0185185185185186,30000000,0.36333333333333334
1,Not Graduate,Yes,1800000,5500000,10,426,5000000,1500000,5900000,1600000,0,3.0555555555555554,14000000,0.39285714285714285
0,Not Graduate,No,2900000,6900000,10,320,5100000,500000,7700000,1500000,0,2.3793103448275863,14800000,0.46621621621621623
3,Not Graduate,Yes,1400000,4600000,8,543,1500000,1200000,2700000,2000000,0,3.2857142857142856,7400000,0.6216216216216216
2,Graduate,No,2800000,11000000,16,525,8200000,1800000,5800000,2400000,0,3.9285714285714284,18200000,0.6043956043956044
0,Not Graduate,Yes,3300000,13100000,12,812,4800000,4900000,7500000,4300000,1,3.9696969696969697,21500000,0.6093023255813953
0,Not Graduate,No,7000000,25300000,14,697,15100000,10400000,14300000,6700000,1,3.6142857142857143,46500000,0.5440860215053763
1,Not Graduate,No,3900000,15100000,12,527,10600000,5100000,11100000,3800000,0,3.871794871794872,30600000,0.4934640522875817
1,Not Graduate,No,5700000,17200000,4,512,4300000,7000000,21400000,3000000,1,3.017543859649123,35700000,0.48179271708683474
0,Graduate,No,4100000,9200000,4,671,3400000,6300000,10400000,4900000,1,2.2439024390243905,25000000,0.368
1,Graduate,Yes,2200000,8700000,20,539,1000000,4000000,8200000,2600000,0,3.9545454545454546,15800000,0.5506329113924051
5,Not Graduate,No,2200000,7200000,10,532,2700000,300000,7500000,1600000,0,3.272727272727273,12100000,0.5950413223140496
3,Not Graduate,Yes,2500000,7700000,16,485,2000000,3600000,5600000,3200000,0,3.08,14400000,0.5347222222222222
0,Not Graduate,Yes,900000,2100000,6,521,100000,1700000,2100000,700000,0,2.3333333333333335,4600000,0.45652173913043476
1,Not Graduate,No,2900000,7400000,10,874,400000,1200000,10100000,3300000,1,2.5517241379310347,15000000,0.49333333333333335
2,Not Graduate,No,9800000,22900000,10,788,1300000,10300000,27200000,14000000,1,2.336734693877551,52800000,0.4337121212121212
2,Not Graduate,No,5200000,14800000,12,659,11500000,5200000,18100000,4100000,1,2.8461538461538463,38900000,0.38046272493573263
1,Graduate,Yes,8600000,19600000,16,498,14800000,3000000,21000000,5300000,0,2.2790697674418605,44100000,0.4444444444444444
2,Graduate,Yes,4800000,13200000,20,310,11800000,4600000,12900000,4200000,0,2.75,33500000,0.3940298507462687
0,Graduate,No,2000000,4700000,6,785,2900000,1800000,6700000,1700000,1,2.35,13100000,0.35877862595419846
0,Graduate,No,3600000,8700000,10,309,6300000,1000000,8600000,3300000,0,2.4166666666666665,19200000,0.453125
3,Not Graduate,Yes,5300000,19600000,2,433,14700000,9900000,10800000,3000000,1,3.69811320754717,38400000,0.5104166666666666
1,Not Graduate,Yes,400000,1300000,18,801,100000,0,1500000,600000,1,3.25,2200000,0.5909090909090909
3,Graduate,Yes,6500000,22400000,6,488,16800000,11700000,21700000,6800000,0,3.4461538461538463,57000000,0.3929824561403509
0,Not Graduate,Yes,2300000,6000000,16,756,2900000,2100000,7500000,1200000,1,2.608695652173913,13700000,0.43795620437956206
3,Graduate,No,1000000,2800000,4,757,2500000,100000,3800000,900000,1,2.8,7300000,0.3835616438356164
5,Not Graduate,No,3200000,10100000,6,828,8500000,6000000,8700000,3000000,1,3.15625,26200000,0.38549618320610685
3,Graduate,Yes,3400000,7200000,12,733,4800000,2700000,8100000,2200000,1,2.1176470588235294,17800000,0.4044943820224719
0,Not Graduate,No,9600000,38200000,8,421,1600000,14100000,33600000,13800000,0,3.9791666666666665,63100000,0.6053882725832013
3,Not Graduate,No,5300000,20300000,4,872,4300000,7300000,18400000,7600000,1,3.830188679245283,37600000,0.5398936170212766
3,Graduate,No,4700000,17400000,10,393,12400000,5300000,18700000,5300000,0,3.702127659574468,41700000,0.4172661870503597
3,Graduate,No,9700000,37800000,12,700,13400000,6100000,25800000,11900000,1,3.8969072164948453,57200000,0.6608391608391608
5,Graduate,No,8800000,21600000,18,613,15400000,12100000,30000000,8400000,1,2.4545454545454546,65900000,0.3277693474962064
5,Graduate,No,5900000,13400000,6,455,3200000,11200000,21600000,6900000,0,2.2711864406779663,42900000,0.3123543123543124
4,Graduate,Yes,2400000,7100000,16,871,7000000,300000,8500000,3500000,1,2.9583333333333335,19300000,0.36787564766839376
4,Graduate,Yes,7900000,21500000,16,497,2200000,5200000,23100000,7700000,0,2.721518987341772,38200000,0.56282722513089
0,Graduate,No,1400000,2700000,2,649,2600000,1000000,5500000,1100000,1,1.9285714285714286,10200000,0.2647058823529412
0,Graduate,Yes,3500000,10000000,14,709,5300000,1800000,9200000,5000000,1,2.857142857142857,21300000,0.4694835680751174
4,Graduate,No,3400000,13500000,12,705,10000000,1100000,8300000,4900000,1,3.9705882352941178,24300000,0.5555555555555556
2,Graduate,No,6100000,23600000,2,476,4600000,2900000,22500000,3800000,1,3.8688524590163933,33800000,0.6982248520710059
2,Not Graduate,Yes,3000000,7100000,4,819,5400000,4800000,6000000,2100000,1,2.3666666666666667,18300000,0.3879781420765027
5,Not Graduate,Yes,3400000,9400000,16,535,3100000,5600000,12900000,3200000,0,2.764705882352941,24800000,0.3790322580645161
0,Graduate,Yes,400000,1200000,14,889,1100000,200000,700000,200000,1,3.0,2200000,0.5454545454545454
0,Graduate,No,5900000,11800000,12,468,9100000,10000000,17500000,6200000,0,2.0,42800000,0.2757009345794392
5,Graduate,Yes,400000,800000,2,759,100000,500000,1300000,300000,1,2.0,2200000,0.36363636363636365
3,Graduate,Yes,9000000,33600000,2,426,21600000,16200000,20700000,11900000,1,3.7333333333333334,70400000,0.4772727272727273
0,Graduate,Yes,8800000,23600000,8,712,400000,11300000,19300000,11100000,1,2.6818181818181817,42100000,0.5605700712589073
4,Graduate,Yes,2000000,4700000,2,615,500000,100000,6700000,3000000,1,2.35,10300000,0.4563106796116505
2,Graduate,No,4700000,14000000,12,784,13400000,2700000,14800000,6900000,1,2.978723404255319,37800000,0.37037037037037035
4,Not Graduate,No,2700000,6100000,16,677,100000,3300000,6500000,3800000,1,2.259259259259259,13700000,0.44525547445255476
1,Not Graduate,No,2600000,7900000,12,306,2000000,2400000,7600000,3300000,0,3.0384615384615383,15300000,0.5163398692810458
1,Not Graduate,Yes,9000000,25400000,16,655,22000000,8800000,29100000,7200000,1,2.8222222222222224,67100000,0.37853949329359166
4,Not Graduate,No,5100000,19400000,8,755,2200000,300000,14900000,5300000,1,3.803921568627451,22700000,0.8546255506607929
2,Graduate,No,6600000,25800000,18,598,3800000,3100000,16400000,5900000,1,3.909090909090909,29200000,0.8835616438356164
2,Graduate,No,4400000,9800000,18,712,5400000,200000,8800000,6400000,1,2.227272727272727,20800000,0.47115384615384615
4,Not Graduate,Yes,1500000,4600000,6,524,3700000,2000000,5000000,1400000,0,3.066666666666667,12100000,0.38016528925619836
1,Not Graduate,No,6200000,23100000,16,838,9100000,1400000,23500000,7000000,1,3.725806451612903,41000000,0.5634146341463414
4,Graduate,Yes,900000,2900000,6,560,1500000,900000,3100000,900000,1,3.2222222222222223,6400000,0.453125
3,Not Graduate,No,7700000,26400000,12,759,3400000,2900000,21900000,10800000,1,3.4285714285714284,39000000,0.676923076923077
2,Graduate,Yes,600000,2400000,6,454,100000,600000,2300000,300000,0,4.0,3300000,0.7272727272727273
4,Not Graduate,No,4300000,16500000,4,539,10600000,6100000,9300000,2100000,1,3.8372093023255816,28100000,0.5871886120996441
2,Not Graduate,Yes,8200000,27800000,16,827,11500000,8700000,26000000,10700000,1,3.3902439024390243,56900000,0.48857644991212656
0,Not Graduate,No,3500000,11900000,12,686,4400000,4800000,10100000,2500000,1,3.4,21800000,0.5458715596330275
1,Graduate,Yes,9900000,34100000,14,371,24400000,7100000,29300000,6200000,0,3.4444444444444446,67000000,0.508955223880597
5,Graduate,No,700000,1900000,4,784,500000,1000000,2100000,600000,1,2.7142857142857144,4200000,0.4523809523809524
1,Graduate,Yes,2100000,7300000,16,826,1600000,3500000,7700000,1400000,1,3.4761904761904763,14200000,0.5140845070422535
2,Not Graduate,No,3200000,10500000,12,502,4300000,1500000,10000000,4500000,0,3.28125,20300000,0.5172413793103449
0,Graduate,No,2900000,7800000,8,367,700000,3700000,7700000,3600000,0,2.689655172413793,15700000,0.4968152866242038
0,Not Graduate,No,7000000,18300000,6,541,6300000,6400000,20800000,8300000,0,2.6142857142857143,41800000,0.43779904306220097
1,Graduate,No,3700000,13600000,16,608,400000,2200000,13400000,2800000,1,3.675675675675676,18800000,0.723404255319149
3,Not Graduate,Yes,4500000,13100000,12,570,10500000,2000000,10100000,5800000,1,2.911111111111111,28400000,0.4612676056338028
3,Graduate,No,200000,800000,18,752,200000,200000,300000,200000,1,4.0,900000,0.8888888888888888
5,Not Graduate,Yes,5600000,20500000,8,873,5500000,9500000,19400000,7800000,1,3.6607142857142856,42200000,0.48578199052132703
5,Graduate,No,5400000,18600000,2,538,7700000,2700000,18800000,4000000,1,3.4444444444444446,33200000,0.5602409638554217
4,Not Graduate,No,300000,1000000,10,819,700000,300000,900000,200000,1,3.3333333333333335,2100000,0.47619047619047616
1,Graduate,Yes,7500000,29800000,18,770,1400000,5200000,28000000,8700000,1,3.973333333333333,43300000,0.6882217090069284
5,Not Graduate,Yes,2500000,9600000,6,345,1900000,1900000,6800000,2600000,0,3.84,13200000,0.7272727272727273
4,Graduate,Yes,3100000,8100000,12,730,6300000,4500000,9000000,4500000,1,2.6129032258064515,24300000,0.3333333333333333
1,Graduate,Yes,7600000,19300000,20,835,5800000,2300000,22000000,8200000,1,2.539473684210526,38300000,0.5039164490861618
3,Not Graduate,Yes,500000,1700000,2,811,500000,500000,1400000,200000,1,3.4,2600000,0.6538461538461539
2,Not Graduate,No,2700000,5900000,14,662,3200000,1600000,7300000,3800000,1,2.185185185185185,15900000,0.3710691823899371
2,Not Graduate,Yes,3500000,13300000,4,420,6400000,1700000,8000000,2300000,1,3.8,18400000,0.7228260869565217
5,Not Graduate,No,3700000,11700000,4,413,8400000,5500000,12000000,2700000,1,3.1621621621621623,28600000,0.4090909090909091
2,Not Graduate,Yes,5600000,20000000,10,367,13700000,5000000,19100000,6000000,0,3.5714285714285716,43800000,0.45662100456621
5,Not Graduate,Yes,4800000,16400000,14,390,8400000,2400000,9500000,4000000,0,3.4166666666666665,24300000,0.6748971193415638
4,Not Graduate,Yes,5200000,12200000,2,602,10300000,800000,20500000,7700000,1,2.3461538461538463,39300000,0.3104325699745547
3,Graduate,No,2900000,11500000,16,843,2300000,2600000,10700000,4300000,1,3.9655172413793105,19900000,0.5778894472361809
1,Graduate,No,2700000,6800000,20,713,500000,3300000,6100000,1900000,1,2.5185185185185186,11800000,0.576271186440678
3,Graduate,No,5000000,16200000,8,591,1900000,3400000,14000000,5000000,1,3.24,24300000,0.6666666666666666
2,Not Graduate,Yes,2700000,9400000,14,701,400000,3400000,9900000,1900000,1,3.4814814814814814,15600000,0.6025641025641025
4,Not Graduate,Yes,2800000,10000000,12,655,4900000,3600000,8500000,3300000,1,3.5714285714285716,20300000,0.49261083743842365
3,Not Graduate,Yes,7300000,20000000,18,720,15500000,9900000,23000000,9800000,1,2.73972602739726,58200000,0.3436426116838488
0,Graduate,Yes,5900000,15100000,10,794,6000000,4300000,14900000,5400000,1,2.559322033898305,30600000,0.4934640522875817
0,Graduate,No,8100000,21300000,2,392,14200000,6600000,31500000,11000000,0,2.6296296296296298,63300000,0.33649289099526064
3,Graduate,Yes,1900000,7100000,6,583,400000,2800000,6500000,2000000,1,3.736842105263158,11700000,0.6068376068376068
5,Graduate,No,1800000,6800000,18,457,2200000,1100000,3800000,1400000,0,3.7777777777777777,8500000,0.8
0,Not Graduate,Yes,7600000,17800000,14,570,15200000,12100000,21500000,9900000,1,2.3421052631578947,58700000,0.303236797274276
1,Graduate,No,9100000,30100000,14,890,17800000,12400000,32500000,7500000,1,3.3076923076923075,70200000,0.4287749287749288
2,Not Graduate,Yes,5300000,12300000,14,472,10000000,1600000,20400000,3300000,0,2.3207547169811322,35300000,0.34844192634560905
2,Not Graduate,No,3700000,10900000,12,788,1700000,700000,12200000,2600000,1,2.945945945945946,17200000,0.6337209302325582
0,Not Graduate,No,9500000,35300000,6,605,10000000,12700000,31100000,7000000,1,3.7157894736842105,60800000,0.5805921052631579
3,Graduate,No,8300000,30500000,10,473,13300000,9400000,23300000,11800000,0,3.674698795180723,57800000,0.527681660899654
5,Graduate,No,6400000,21500000,16,728,300000,5200000,17400000,9600000,1,3.359375,32500000,0.6615384615384615
5,Graduate,Yes,5300000,17800000,16,505,9200000,8500000,14600000,4100000,0,3.358490566037736,36400000,0.489010989010989
0,Graduate,Yes,5600000,19300000,6,407,3400000,3600000,14200000,8400000,0,3.4464285714285716,29600000,0.652027027027027
1,Graduate,Yes,900000,1700000,18,464,1300000,0,1900000,700000,0,1.8888888888888888,3900000,0.4358974358974359
0,Graduate,Yes,2400000,7200000,20,514,4100000,2100000,6700000,1800000,0,3.0,14700000,0.4897959183673469
1,Graduate,No,9500000,23000000,10,627,28500000,11500000,21700000,9100000,1,2.4210526315789473,70800000,0.3248587570621469
2,Not Graduate,Yes,7400000,14900000,20,627,15900000,10100000,19000000,10300000,1,2.0135135135135136,55300000,0.2694394213381555
4,Not Graduate,Yes,1500000,3200000,10,858,1500000,0,4700000,1700000,1,2.1333333333333333,7900000,0.4050632911392405
3,Graduate,Yes,8800000,30200000,8,607,13600000,12700000,21500000,5900000,1,3.4318181818181817,53700000,0.5623836126629422
5,Not Graduate,Yes,4900000,14300000,4,663,8500000,6100000,19600000,5500000,1,2.9183673469387754,39700000,0.3602015113350126
1,Not Graduate,Yes,8100000,26900000,6,522,23000000,2100000,18700000,4200000,0,3.3209876543209877,48000000,0.5604166666666667
2,Not Graduate,Yes,2300000,9100000,20,610,3700000,600000,7800000,3400000,1,3.9565217391304346,15500000,0.5870967741935483
5,Not Graduate,Yes,3000000,6600000,16,462,5500000,3500000,9100000,3600000,0,2.2,21700000,0.30414746543778803
2,Not Graduate,Yes,3900000,9300000,8,591,10900000,2700000,9600000,3300000,1,2.3846153846153846,26500000,0.35094339622641507
4,Graduate,Yes,1700000,6500000,20,636,1700000,900000,6200000,2300000,1,3.823529411764706,11100000,0.5855855855855856
0,Not Graduate,Yes,2100000,4900000,10,359,1000000,800000,6100000,1000000,0,2.3333333333333335,8900000,0.550561797752809
4,Graduate,Yes,9700000,25000000,4,542,9800000,12000000,29300000,13400000,0,2.577319587628866,64500000,0.3875968992248062
5,Not Graduate,Yes,3500000,11800000,4,642,2300000,2900000,11900000,3600000,1,3.3714285714285714,20700000,0.5700483091787439
5,Not Graduate,Yes,1500000,5500000,4,414,800000,1400000,2900000,1200000,1,3.6666666666666665,6300000,0.873015873015873
3,Not Graduate,Yes,8800000,26200000,20,865,19300000,9800000,27700000,12500000,1,2.977272727272727,69300000,0.37806637806637805
3,Graduate,No,900000,3100000,10,369,1400000,100000,1700000,500000,0,3.4444444444444446,3700000,0.8378378378378378
0,Graduate,Yes,3500000,10800000,14,838,4700000,6800000,13900000,1700000,1,3.085714285714286,27100000,0.3985239852398524
5,Not Graduate,No,5500000,21200000,4,582,12100000,8300000,17100000,3100000,1,3.8545454545454545,40600000,0.5221674876847291
5,Not Graduate,Yes,9800000,23200000,10,416,11000000,17300000,21600000,8500000,0,2.36734693877551,58400000,0.3972602739726027
5,Graduate,No,2100000,5500000,20,705,5400000,1400000,4600000,1200000,1,2.619047619047619,12600000,0.4365079365079365
0,Graduate,No,1800000,5700000,18,306,500000,700000,5600000,1700000,0,3.1666666666666665,8500000,0.6705882352941176
5,Graduate,Yes,5800000,13000000,8,851,6700000,8700000,17700000,4100000,1,2.2413793103448274,37200000,0.34946236559139787
5,Graduate,No,6700000,17200000,18,613,9700000,6800000,24600000,7100000,1,2.5671641791044775,48200000,0.35684647302904565
3,Graduate,No,4300000,16300000,10,366,6900000,6700000,12300000,5500000,0,3.7906976744186047,31400000,0.5191082802547771
1,Graduate,No,1200000,2800000,12,431,900000,400000,2900000,900000,0,2.3333333333333335,5100000,0.5490196078431373
5,Not Graduate,Yes,9700000,25900000,2,754,9000000,10000000,28500000,6700000,1,2.670103092783505,54200000,0.477859778597786
5,Graduate,Yes,5400000,11200000,10,447,300000,7900000,21400000,6000000,0,2.074074074074074,35600000,0.3146067415730337
1,Not Graduate,Yes,5300000,14100000,14,510,13300000,10400000,18900000,7800000,0,2.660377358490566,50400000,0.27976190476190477
1,Graduate,No,7300000,24200000,20,324,12900000,3700000,18400000,9000000,0,3.315068493150685,44000000,0.55
5,Graduate,No,9500000,19200000,2,523,13500000,1500000,21000000,6700000,0,2.0210526315789474,42700000,0.4496487119437939
0,Not Graduate,Yes,7200000,15600000,2,362,2700000,2400000,20800000,5900000,0,2.1666666666666665,31800000,0.49056603773584906
3,Graduate,Yes,9000000,32900000,6,657,9900000,600000,29200000,12000000,1,3.6555555555555554,51700000,0.6363636363636364
5,Not Graduate,No,6500000,23300000,12,790,600000,9700000,15500000,9500000,1,3.5846153846153848,35300000,0.660056657223796
1,Graduate,Yes,9500000,30500000,18,500,1300000,3300000,20500000,5500000,0,3.210526315789474,30600000,0.9967320261437909
2,Not Graduate,Yes,9900000,33200000,4,465,26300000,17000000,24400000,5000000,1,3.3535353535353534,72700000,0.45667125171939477
4,Not Graduate,No,2900000,8700000,6,409,3700000,5500000,8200000,2200000,0,3.0,19600000,0.44387755102040816
4,Graduate,Yes,700000,1800000,20,626,500000,600000,1400000,300000,1,2.5714285714285716,2800000,0.6428571428571429
5,Not Graduate,No,4200000,13400000,16,545,9800000,8200000,12500000,3500000,0,3.1904761904761907,34000000,0.3941176470588235
3,Not Graduate,No,4200000,11400000,10,654,8800000,400000,16200000,5700000,1,2.7142857142857144,31100000,0.3665594855305466
0,Not Graduate,No,7600000,26500000,6,515,6200000,14900000,22000000,4000000,0,3.486842105263158,47100000,0.5626326963906582
2,Graduate,Yes,7100000,18800000,12,838,1100000,5200000,16600000,4900000,1,2.647887323943662,27800000,0.6762589928057554
1,Not Graduate,Yes,4700000,16000000,14,406,4000000,5300000,14300000,3300000,0,3.404255319148936,26900000,0.5947955390334573
0,Graduate,Yes,9800000,23200000,10,573,23900000,3300000,23600000,14600000,1,2.36734693877551,65400000,0.3547400611620795
0,Graduate,Yes,9800000,38700000,2,611,6600000,10400000,33000000,6000000,1,3.9489795918367347,56000000,0.6910714285714286
0,Not Graduate,No,5100000,13400000,16,649,6800000,1600000,15700000,3900000,1,2.627450980392157,28000000,0.4785714285714286
0,Not Graduate,Yes,3300000,7700000,12,775,8200000,2100000,7400000,4200000,1,2.3333333333333335,21900000,0.3515981735159817
3,Graduate,No,4500000,12500000,12,469,4100000,7600000,14200000,3400000,0,2.7777777777777777,29300000,0.42662116040955633
0,Graduate,Yes,3900000,12800000,18,587,4500000,5300000,12600000,5000000,1,3.282051282051282,27400000,0.46715328467153283
3,Graduate,Yes,3200000,9900000,10,316,9100000,5500000,8800000,3600000,0,3.09375,27000000,0.36666666666666664
2,Graduate,No,3200000,10400000,10,556,8200000,5600000,11500000,4500000,1,3.25,29800000,0.348993288590604
2,Not Graduate,No,9600000,31200000,12,578,9900000,2200000,26500000,13500000,1,3.25,52100000,0.5988483685220729
2,Not Graduate,Yes,8700000,18900000,2,554,3900000,1900000,18000000,11500000,1,2.1724137931034484,35300000,0.5354107648725213
2,Not Graduate,Yes,1900000,6800000,6,892,2600000,2200000,6400000,900000,1,3.5789473684210527,12100000,0.5619834710743802
2,Not Graduate,Yes,2900000,10200000,10,315,8100000,400000,6500000,1600000,0,3.5172413793103448,16600000,0.6144578313253012
0,Not Graduate,No,6200000,12900000,10,695,1900000,3700000,22200000,4200000,1,2.0806451612903225,32000000,0.403125
0,Not Graduate,No,5900000,20300000,4,806,300000,3700000,16400000,4800000,1,3.440677966101695,25200000,0.8055555555555556
4,Not Graduate,Yes,3200000,12800000,8,638,4300000,2600000,8000000,3800000,1,4.0,18700000,0.6844919786096256
1,Not Graduate,Yes,1300000,5000000,4,610,3400000,800000,4500000,900000,1,3.8461538461538463,9600000,0.5208333333333334
2,Not Graduate,Yes,1300000,3200000,4,810,3800000,2100000,4300000,800000,1,2.4615384615384617,11000000,0.2909090909090909
1,Graduate,No,8700000,33200000,4,866,19600000,15900000,23700000,10500000,1,3.8160919540229883,69700000,0.4763271162123386
3,Not Graduate,No,6300000,23800000,10,760,12700000,1300000,18400000,8800000,1,3.7777777777777777,41200000,0.5776699029126213
3,Graduate,No,4300000,11200000,6,556,11000000,4300000,14500000,5100000,1,2.604651162790698,34900000,0.3209169054441261
3,Not Graduate,Yes,6400000,23500000,12,684,17200000,10300000,25300000,7400000,1,3.671875,60200000,0.3903654485049834
5,Not Graduate,Yes,7700000,25800000,18,578,5000000,7700000,27200000,10600000,1,3.3506493506493507,50500000,0.5108910891089109
2,Not Graduate,No,6900000,23900000,12,814,13000000,1900000,26600000,6000000,1,3.463768115942029,47500000,0.5031578947368421
0,Not Graduate,No,4200000,14800000,20,510,9200000,5700000,11900000,2600000,0,3.5238095238095237,29400000,0.5034013605442177
4,Not Graduate,No,3900000,9000000,2,674,8700000,5700000,14000000,3100000,1,2.3076923076923075,31500000,0.2857142857142857
0,Graduate,Yes,2000000,4900000,14,570,3800000,300000,6600000,1300000,1,2.45,12000000,0.4083333333333333
1,Not Graduate,No,500000,1700000,2,680,700000,800000,1400000,700000,1,3.4,3600000,0.4722222222222222
0,Graduate,No,3500000,8800000,12,803,5400000,300000,8400000,3400000,1,2.5142857142857142,17500000,0.5028571428571429
2,Not Graduate,Yes,3100000,10700000,16,357,9200000,1900000,7700000,3800000,0,3.4516129032258065,22600000,0.47345132743362833
3,Not Graduate,Yes,4900000,19000000,4,575,14100000,9100000,16500000,4600000,1,3.877551020408163,44300000,0.4288939051918736
1,Not Graduate,No,1000000,3600000,4,546,2500000,0,2600000,500000,1,3.6,5600000,0.6428571428571429
2,Graduate,No,6700000,21400000,8,370,3200000,11800000,20100000,8600000,0,3.1940298507462686,43700000,0.4897025171624714
1,Graduate,No,4100000,9400000,6,713,0,1000000,11100000,3100000,1,2.292682926829268,15200000,0.618421052631579
4,Not Graduate,Yes,1600000,3800000,2,896,1200000,400000,4800000,2000000,1,2.375,8400000,0.4523809523809524
3,Graduate,Yes,2400000,9200000,14,626,300000,3600000,8500000,2000000,1,3.8333333333333335,14400000,0.6388888888888888
0,Graduate,No,2200000,6400000,4,854,900000,1600000,6500000,1300000,1,2.909090909090909,10300000,0.6213592233009708
4,Graduate,No,3200000,8400000,18,802,400000,0,9100000,4700000,1,2.625,14200000,0.5915492957746479
4,Not Graduate,Yes,1600000,4400000,20,382,1700000,300000,5200000,1900000,0,2.75,9100000,0.4835164835164835
2,Not Graduate,No,3900000,14900000,6,415,2200000,4300000,9500000,4600000,0,3.8205128205128207,20600000,0.7233009708737864
5,Graduate,Yes,2000000,6300000,4,366,5300000,2200000,5400000,2800000,1,3.15,15700000,0.4012738853503185
1,Graduate,Yes,7600000,25400000,10,595,7900000,400000,24900000,11000000,1,3.3421052631578947,44200000,0.5746606334841629
1,Not Graduate,No,9800000,21300000,2,356,23000000,12300000,25700000,14600000,0,2.173469387755102,75600000,0.28174603174603174
5,Not Graduate,No,7900000,29900000,6,568,5800000,13900000,15900000,8700000,1,3.7848101265822787,44300000,0.6749435665914221
1,Graduate,No,1600000,4000000,10,615,2200000,2700000,5500000,1400000,1,2.5,11800000,0.3389830508474576
1,Graduate,Yes,6400000,13900000,12,313,18600000,6300000,18600000,4900000,0,2.171875,48400000,0.2871900826446281
1,Graduate,Yes,6400000,17900000,6,575,6600000,7600000,23100000,5300000,1,2.796875,42600000,0.42018779342723006
4,Graduate,No,1600000,5500000,10,577,400000,1200000,4100000,1400000,1,3.4375,7100000,0.7746478873239436
0,Graduate,No,9200000,30700000,10,455,24900000,2000000,32900000,5200000,0,3.3369565217391304,65000000,0.4723076923076923
1,Not Graduate,No,7800000,24900000,6,500,15300000,10000000,16500000,4500000,0,3.1923076923076925,46300000,0.5377969762419006
1,Not Graduate,Yes,4000000,9400000,8,509,1000000,4100000,10800000,5500000,0,2.35,21400000,0.4392523364485981
2,Not Graduate,Yes,6100000,19400000,8,379,5300000,10800000,14300000,4100000,0,3.180327868852459,34500000,0.5623188405797102
5,Graduate,No,7100000,14500000,14,664,5300000,12900000,15700000,9200000,1,2.0422535211267605,43100000,0.33642691415313225
0,Not Graduate,Yes,2500000,9900000,6,623,6000000,1800000,6200000,1800000,1,3.96,15800000,0.6265822784810127
5,Graduate,No,3200000,8700000,16,558,2600000,2500000,9100000,1800000,1,2.71875,16000000,0.54375
4,Graduate,No,1700000,4300000,18,580,1500000,2400000,6600000,1700000,1,2.5294117647058822,12200000,0.3524590163934426
4,Graduate,No,6300000,17600000,6,612,16000000,3300000,23500000,3200000,1,2.7936507936507935,46000000,0.3826086956521739
4,Graduate,Yes,700000,2400000,14,705,0,100000,2000000,700000,1,3.4285714285714284,2800000,0.8571428571428571
4,Graduate,Yes,1100000,2700000,18,301,2800000,1600000,3300000,1500000,0,2.4545454545454546,9200000,0.29347826086956524
1,Not Graduate,Yes,8900000,32000000,16,711,4300000,1200000,22100000,5200000,1,3.595505617977528,32800000,0.975609756097561
3,Graduate,No,300000,700000,20,735,900000,200000,900000,400000,1,2.3333333333333335,2400000,0.2916666666666667
1,Not Graduate,No,2200000,5200000,14,682,2600000,600000,6100000,1800000,1,2.3636363636363638,11100000,0.46846846846846846
3,Not Graduate,No,3400000,13500000,10,348,7900000,3700000,8200000,4700000,0,3.9705882352941178,24500000,0.5510204081632653
0,Graduate,Yes,7900000,23500000,20,750,16800000,15300000,21200000,4000000,1,2.9746835443037973,57300000,0.41012216404886565
3,Not Graduate,Yes,5800000,18200000,16,835,1000000,6100000,14600000,7900000,1,3.1379310344827585,29600000,0.6148648648648649
0,Graduate,Yes,9400000,20000000,6,389,16000000,7100000,19400000,10200000,0,2.127659574468085,52700000,0.3795066413662239
2,Graduate,No,4800000,18900000,4,866,10200000,6000000,13900000,5900000,1,3.9375,36000000,0.525
3,Not Graduate,No,7600000,26600000,4,689,5300000,600000,24300000,8600000,1,3.5,38800000,0.6855670103092784
0,Not Graduate,No,5900000,17600000,16,645,13000000,3100000,23400000,8600000,1,2.983050847457627,48100000,0.3659043659043659
1,Graduate,Yes,4300000,10100000,2,797,4400000,4500000,16300000,4700000,1,2.3488372093023258,29900000,0.3377926421404682
5,Graduate,No,6100000,17800000,6,849,2900000,10900000,16100000,7800000,1,2.918032786885246,37700000,0.47214854111405835
5,Graduate,No,5400000,19700000,20,423,6500000,10000000,15700000,7300000,0,3.6481481481481484,39500000,0.49873417721518987
1,Not Graduate,Yes,5200000,11200000,2,370,9900000,10200000,16700000,6400000,0,2.1538461538461537,43200000,0.25925925925925924
5,Not Graduate,No,8500000,31300000,12,378,21400000,13100000,30400000,8800000,0,3.6823529411764704,73700000,0.42469470827679784
4,Not Graduate,No,900000,1900000,20,417,1000000,800000,2800000,900000,0,2.111111111111111,5500000,0.34545454545454546
1,Not Graduate,No,1400000,4100000,20,530,1200000,1100000,3000000,1900000,0,2.9285714285714284,7200000,0.5694444444444444
1,Not Graduate,Yes,2400000,9300000,20,543,700000,800000,5000000,3400000,0,3.875,9900000,0.9393939393939394
4,Graduate,No,6300000,15000000,18,750,800000,6500000,15400000,7700000,1,2.380952380952381,30400000,0.4934210526315789
1,Graduate,No,3100000,7600000,20,346,700000,4600000,8100000,4400000,0,2.4516129032258065,17800000,0.42696629213483145
4,Graduate,Yes,6900000,19000000,14,330,9300000,7100000,18800000,8400000,0,2.753623188405797,43600000,0.43577981651376146
2,Not Graduate,Yes,3000000,7400000,10,712,5100000,1000000,11600000,3800000,1,2.466666666666667,21500000,0.34418604651162793
0,Not Graduate,No,3100000,10100000,14,376,6400000,2600000,11600000,4300000,0,3.2580645161290325,24900000,0.40562248995983935
4,Not Graduate,No,600000,1200000,14,338,500000,500000,2300000,500000,0,2.0,3800000,0.3157894736842105
4,Not Graduate,Yes,4700000,13700000,14,600,12100000,8400000,17700000,5000000,1,2.9148936170212765,43200000,0.31712962962962965
1,Graduate,No,2500000,6900000,20,495,4800000,3300000,5700000,3700000,0,2.76,17500000,0.3942857142857143
0,Graduate,No,9700000,30400000,4,300,17100000,16600000,38100000,9200000,1,3.134020618556701,81000000,0.37530864197530867
4,Not Graduate,Yes,7600000,20000000,18,691,5000000,8700000,23400000,11200000,1,2.6315789473684212,48300000,0.4140786749482402
1,Graduate,No,8400000,24700000,8,519,12900000,16700000,17300000,6000000,0,2.9404761904761907,52900000,0.4669187145557656
3,Graduate,Yes,3800000,15100000,20,540,9400000,1000000,9300000,3600000,0,3.973684210526316,23300000,0.648068669527897
3,Not Graduate,Yes,3100000,11400000,16,562,3600000,3600000,7200000,3100000,1,3.6774193548387095,17500000,0.6514285714285715
2,Not Graduate,No,5700000,21300000,10,323,1600000,11200000,16200000,5100000,0,3.736842105263158,34100000,0.624633431085044
1,Graduate,Yes,5500000,19700000,10,312,12800000,4800000,19500000,3300000,0,3.581818181818182,40400000,0.4876237623762376
1,Not Graduate,Yes,200000,600000,2,511,500000,100000,800000,200000,1,3.0,1600000,0.375
3,Not Graduate,Yes,3700000,13800000,10,621,4000000,800000,11900000,5300000,1,3.72972972972973,22000000,0.6272727272727273
2,Not Graduate,Yes,1600000,4300000,20,512,3200000,2500000,6300000,900000,0,2.6875,12900000,0.3333333333333333
4,Graduate,No,3900000,11000000,2,786,7900000,1600000,10700000,2100000,1,2.8205128205128207,22300000,0.49327354260089684
3,Not Graduate,Yes,700000,1600000,18,303,600000,500000,2000000,600000,0,2.2857142857142856,3700000,0.43243243243243246
3,Graduate,Yes,5800000,16700000,18,633,8100000,8400000,14700000,3700000,1,2.8793103448275863,34900000,0.4785100286532951
4,Graduate,Yes,3800000,14000000,6,711,9500000,7300000,14500000,3100000,1,3.6842105263157894,34400000,0.4069767441860465
2,Graduate,No,6400000,16900000,16,472,11100000,6000000,16300000,4500000,0,2.640625,37900000,0.44591029023746703
1,Graduate,Yes,5500000,12100000,4,350,6300000,9200000,17200000,6900000,0,2.2,39600000,0.3055555555555556
1,Not Graduate,Yes,6800000,13700000,10,879,500000,2600000,22000000,6800000,1,2.014705882352941,31900000,0.42946708463949845
4,Not Graduate,No,6700000,13400000,10,436,3600000,1200000,23200000,7500000,0,2.0,35500000,0.37746478873239436
1,Graduate,Yes,5300000,11500000,14,848,1300000,3600000,14700000,5700000,1,2.169811320754717,25300000,0.45454545454545453
2,Graduate,No,6600000,23200000,16,555,9900000,6500000,23300000,3300000,1,3.515151515151515,43000000,0.5395348837209303
2,Graduate,No,6600000,13100000,20,885,10900000,4300000,20600000,6200000,1,1.9848484848484849,42000000,0.3119047619047619
0,Not Graduate,No,7600000,25200000,6,888,12700000,10900000,24500000,7500000,1,3.3157894736842106,55600000,0.45323741007194246
4,Not Graduate,Yes,2500000,6100000,20,478,5900000,800000,9500000,3200000,0,2.44,19400000,0.31443298969072164
4,Not Graduate,No,1100000,2500000,4,603,1900000,1400000,3900000,500000,1,2.272727272727273,7700000,0.3246753246753247
1,Not Graduate,No,2300000,8200000,8,784,2000000,0,7600000,1100000,1,3.5652173913043477,10700000,0.7663551401869159
1,Graduate,Yes,3300000,11700000,4,682,3500000,5500000,12300000,1600000,1,3.5454545454545454,22900000,0.5109170305676856
4,Graduate,Yes,2600000,5900000,6,471,3500000,1900000,7300000,3400000,0,2.269230769230769,16100000,0.36645962732919257
4,Not Graduate,Yes,9300000,36700000,20,808,16500000,14700000,26500000,7100000,1,3.946236559139785,64800000,0.566358024691358
4,Not Graduate,No,5300000,18500000,8,470,2900000,9300000,14900000,4900000,0,3.490566037735849,32000000,0.578125
2,Not Graduate,No,5400000,13800000,20,574,900000,9200000,10900000,3700000,1,2.5555555555555554,24700000,0.5587044534412956
4,Not Graduate,Yes,3500000,12000000,8,314,7700000,100000,12600000,2700000,0,3.4285714285714284,23100000,0.5194805194805194
2,Graduate,No,4200000,10200000,14,407,5900000,4500000,12000000,2500000,0,2.4285714285714284,24900000,0.40963855421686746
0,Not Graduate,Yes,9200000,34900000,4,702,16900000,16000000,24100000,9800000,1,3.7934782608695654,66800000,0.5224550898203593
2,Graduate,No,4300000,9800000,2,499,4400000,4500000,12600000,5100000,0,2.2790697674418605,26600000,0.3684210526315789
1,Graduate,Yes,7500000,19900000,10,669,1800000,8800000,18100000,7300000,1,2.6533333333333333,36000000,0.5527777777777778
5,Not Graduate,Yes,5400000,18800000,20,326,9700000,10100000,14800000,3200000,0,3.4814814814814814,37800000,0.4973544973544973
3,Not Graduate,No,5500000,16200000,18,778,4700000,10700000,15300000,6100000,1,2.9454545454545453,36800000,0.44021739130434784
2,Not Graduate,Yes,2100000,4500000,2,787,4800000,2800000,6000000,2100000,1,2.142857142857143,15700000,0.28662420382165604
0,Graduate,No,3700000,12300000,16,831,8000000,2200000,11200000,2400000,1,3.324324324324324,23800000,0.5168067226890757
0,Graduate,No,8800000,32900000,18,576,1300000,8700000,32600000,5600000,1,3.7386363636363638,48200000,0.6825726141078838
5,Not Graduate,No,5800000,22800000,12,600,16000000,1100000,20700000,5700000,1,3.9310344827586206,43500000,0.5241379310344828
4,Graduate,No,7900000,30600000,2,569,7600000,3400000,20100000,7400000,1,3.8734177215189876,38500000,0.7948051948051948
1,Not Graduate,Yes,3100000,6300000,20,867,1900000,6100000,6600000,4000000,1,2.032258064516129,18600000,0.3387096774193548
0,Not Graduate,No,4100000,14500000,12,441,9900000,300000,15700000,3900000,0,3.5365853658536586,29800000,0.4865771812080537
2,Not Graduate,Yes,9800000,32700000,2,304,4700000,19000000,24500000,8600000,1,3.336734693877551,56800000,0.5757042253521126
5,Not Graduate,No,3300000,8400000,18,520,500000,6300000,11000000,4000000,0,2.5454545454545454,21800000,0.3853211009174312
0,Graduate,No,2000000,6200000,14,613,100000,1800000,5400000,1300000,1,3.1,8600000,0.7209302325581395
2,Not Graduate,Yes,600000,1100000,8,885,700000,0,1200000,300000,1,1.8333333333333333,2200000,0.5
4,Not Graduate,Yes,3600000,9500000,2,841,4900000,4400000,13500000,2100000,1,2.638888888888889,24900000,0.3815261044176707
2,Not Graduate,No,7500000,29100000,20,815,12400000,9500000,25300000,9100000,1,3.88,56300000,0.5168738898756661
5,Graduate,Yes,200000,400000,18,822,200000,300000,600000,300000,1,2.0,1400000,0.2857142857142857
4,Not Graduate,No,9900000,29100000,18,772,24100000,19400000,26800000,11700000,1,2.9393939393939394,82000000,0.3548780487804878
5,Graduate,Yes,6100000,22500000,6,776,17600000,9900000,13800000,4800000,1,3.6885245901639343,46100000,0.4880694143167028
4,Not Graduate,Yes,3500000,10300000,10,337,9000000,5600000,10500000,4500000,0,2.942857142857143,29600000,0.34797297297297297
0,Not Graduate,Yes,7800000,19000000,12,333,15400000,14900000,30600000,9600000,0,2.4358974358974357,70500000,0.2695035460992908
3,Not Graduate,Yes,8700000,29300000,4,312,9000000,2800000,30000000,4900000,1,3.367816091954023,46700000,0.6274089935760171
2,Graduate,Yes,5500000,12400000,14,842,-100000,6800000,15800000,5800000,1,2.2545454545454544,28300000,0.4381625441696113
3,Graduate,Yes,1800000,5100000,8,790,100000,0,3700000,2000000,1,2.8333333333333335,5800000,0.8793103448275862
2,Graduate,No,8000000,31900000,16,806,19900000,1800000,23200000,5400000,1,3.9875,50300000,0.6341948310139165
5,Not Graduate,Yes,7500000,17000000,8,300,7800000,8300000,18900000,6700000,0,2.2666666666666666,41700000,0.407673860911271
5,Graduate,Yes,3700000,12000000,12,605,4900000,1800000,13200000,3100000,1,3.2432432432432434,23000000,0.5217391304347826
2,Graduate,Yes,1600000,4700000,12,582,1500000,1300000,5200000,1000000,1,2.9375,9000000,0.5222222222222223
5,Graduate,No,1300000,2700000,6,607,800000,1500000,4700000,1600000,1,2.076923076923077,8600000,0.313953488372093
5,Graduate,Yes,2400000,8200000,10,709,2100000,3700000,8800000,2800000,1,3.4166666666666665,17400000,0.47126436781609193
4,Graduate,Yes,4100000,11600000,14,854,500000,6900000,12700000,5700000,1,2.8292682926829267,25800000,0.4496124031007752
2,Not Graduate,Yes,7300000,15200000,20,776,14700000,9600000,26400000,4100000,1,2.0821917808219177,54800000,0.2773722627737226
1,Graduate,Yes,8000000,24600000,12,649,10800000,1600000,21800000,9200000,1,3.075,43400000,0.5668202764976958
3,Not Graduate,No,7900000,28000000,4,394,22800000,13200000,18200000,3900000,1,3.5443037974683542,58100000,0.4819277108433735
4,Not Graduate,No,7200000,18900000,16,371,6600000,14100000,18900000,4900000,0,2.625,44500000,0.4247191011235955
3,Not Graduate,No,6200000,13200000,14,707,17200000,8900000,23100000,4200000,1,2.129032258064516,53400000,0.24719101123595505
2,Not Graduate,Yes,5700000,18100000,20,491,6800000,100000,17700000,3900000,0,3.175438596491228,28500000,0.6350877192982456
0,Graduate,Yes,5800000,14100000,16,570,8200000,4200000,16400000,3700000,1,2.4310344827586206,32500000,0.4338461538461538
1,Not Graduate,No,900000,3500000,18,395,2500000,800000,3000000,1300000,0,3.888888888888889,7600000,0.4605263157894737
0,Not Graduate,Yes,2200000,7500000,10,497,2300000,2100000,5700000,1800000,0,3.409090909090909,11900000,0.6302521008403361
3,Not Graduate,Yes,1800000,5300000,14,440,2000000,100000,3700000,1000000,0,2.9444444444444446,6800000,0.7794117647058824
0,Not Graduate,Yes,800000,2400000,16,825,700000,0,3100000,1100000,1,3.0,4900000,0.4897959183673469
2,Graduate,Yes,7600000,18100000,14,320,14700000,2600000,28100000,8500000,0,2.3815789473684212,53900000,0.3358070500927644
2,Graduate,Yes,4100000,13500000,4,846,8900000,7800000,11400000,2400000,1,3.292682926829268,30500000,0.4426229508196721
3,Graduate,Yes,4600000,10900000,12,856,13500000,5100000,9400000,3300000,1,2.369565217391304,31300000,0.34824281150159747
3,Graduate,No,2300000,6800000,10,418,2800000,2700000,6300000,1400000,0,2.9565217391304346,13200000,0.5151515151515151
0,Not Graduate,Yes,8000000,21100000,6,306,16100000,11800000,28200000,8700000,0,2.6375,64800000,0.3256172839506173
2,Not Graduate,Yes,3800000,14500000,16,567,2400000,2600000,10500000,3000000,1,3.8157894736842106,18500000,0.7837837837837838
2,Not Graduate,Yes,9500000,36800000,6,493,24100000,13800000,32100000,6200000,0,3.873684210526316,76200000,0.48293963254593175
2,Graduate,No,9300000,21200000,2,509,2800000,2600000,35800000,6600000,0,2.2795698924731185,47800000,0.4435146443514644
4,Graduate,No,4700000,17000000,4,364,2900000,4600000,18800000,6200000,1,3.617021276595745,32500000,0.5230769230769231
5,Not Graduate,No,6000000,24000000,20,639,300000,7300000,15100000,6600000,1,4.0,29300000,0.8191126279863481
2,Graduate,Yes,5500000,21700000,2,309,11800000,1000000,21600000,7600000,1,3.9454545454545453,42000000,0.5166666666666667
0,Not Graduate,Yes,4600000,14800000,6,433,12100000,4600000,11100000,6700000,0,3.217391304347826,34500000,0.4289855072463768
5,Not Graduate,No,9900000,33600000,20,580,7000000,10800000,37400000,14700000,1,3.393939393939394,69900000,0.48068669527896996
1,Graduate,Yes,6200000,16200000,4,888,-100000,12000000,24300000,4000000,1,2.6129032258064515,40200000,0.40298507462686567
4,Not Graduate,Yes,400000,1100000,6,644,1000000,300000,1600000,400000,1,2.75,3300000,0.3333333333333333
1,Not Graduate,Yes,7800000,22200000,10,763,11200000,1400000,27000000,4900000,1,2.8461538461538463,44500000,0.49887640449438203
0,Graduate,Yes,2900000,10800000,20,694,6400000,200000,10600000,2100000,1,3.7241379310344827,19300000,0.5595854922279793
3,Not Graduate,No,500000,1200000,6,757,1300000,100000,1200000,600000,1,2.4,3200000,0.375
0,Not Graduate,No,2500000,6900000,12,471,7100000,4000000,5200000,1500000,0,2.76,17800000,0.38764044943820225
5,Not Graduate,No,9000000,35200000,2,437,18400000,17800000,18300000,10400000,1,3.911111111111111,64900000,0.5423728813559322
4,Not Graduate,Yes,5200000,11400000,10,406,14700000,2000000,13000000,4400000,0,2.1923076923076925,34100000,0.3343108504398827
5,Not Graduate,No,6000000,19700000,20,376,14700000,10700000,17100000,5500000,0,3.283333333333333,48000000,0.41041666666666665
1,Graduate,No,5100000,13800000,14,350,6200000,2200000,12600000,3600000,0,2.7058823529411766,24600000,0.5609756097560976
5,Not Graduate,Yes,8000000,22500000,20,784,7600000,7300000,26000000,10800000,1,2.8125,51700000,0.43520309477756286
4,Graduate,Yes,9200000,25400000,14,765,21200000,6600000,25100000,5600000,1,2.760869565217391,58500000,0.4341880341880342
4,Not Graduate,No,9800000,32200000,18,593,9500000,400000,34000000,14300000,1,3.2857142857142856,58200000,0.5532646048109966
3,Graduate,Yes,7600000,30000000,10,344,19000000,13700000,27600000,11100000,0,3.9473684210526314,71400000,0.42016806722689076
1,Graduate,No,5100000,11800000,12,314,14700000,7600000,12400000,4900000,0,2.3137254901960786,39600000,0.29797979797979796
4,Graduate,Yes,1500000,3300000,16,382,200000,2400000,3200000,1100000,0,2.2,6900000,0.4782608695652174
2,Not Graduate,Yes,6200000,16500000,4,510,14100000,4700000,18200000,6300000,0,2.661290322580645,43300000,0.3810623556581986
2,Graduate,Yes,6300000,24600000,8,464,7700000,2200000,13000000,6900000,0,3.9047619047619047,29800000,0.825503355704698
1,Graduate,Yes,5500000,14900000,2,403,7400000,8900000,19700000,4100000,0,2.709090909090909,40100000,0.371571072319202
3,Not Graduate,No,8100000,30400000,12,606,900000,1100000,31900000,11600000,1,3.753086419753086,45500000,0.6681318681318681
1,Graduate,No,6300000,22000000,20,646,9500000,7900000,13500000,5500000,1,3.492063492063492,36400000,0.6043956043956044
1,Graduate,No,1100000,3600000,20,495,1600000,1100000,3100000,500000,0,3.272727272727273,6300000,0.5714285714285714
3,Not Graduate,Yes,7200000,21600000,2,626,10600000,1600000,26900000,3700000,1,3.0,42800000,0.5046728971962616
1,Not Graduate,Yes,3000000,6000000,16,518,3800000,1700000,11600000,3900000,0,2.0,21000000,0.2857142857142857
5,Graduate,No,2700000,7600000,8,746,900000,2200000,7200000,3400000,1,2.814814814814815,13700000,0.5547445255474452
0,Not Graduate,No,5000000,16300000,12,737,2600000,3400000,11800000,4400000,1,3.26,22200000,0.7342342342342343
0,Not Graduate,No,8400000,22300000,14,371,8300000,3700000,22300000,9100000,0,2.6547619047619047,43400000,0.5138248847926268
1,Graduate,No,7700000,27300000,8,509,10100000,2200000,20200000,10800000,0,3.5454545454545454,43300000,0.6304849884526559
1,Graduate,No,4700000,14000000,2,411,4600000,5100000,10600000,3700000,0,2.978723404255319,24000000,0.5833333333333334
2,Not Graduate,No,4300000,11800000,20,701,11600000,4600000,14200000,3300000,1,2.744186046511628,33700000,0.35014836795252224
5,Not Graduate,No,2500000,8800000,10,769,3700000,1600000,8200000,2700000,1,3.52,16200000,0.5432098765432098
5,Not Graduate,Yes,4400000,12500000,6,740,8200000,2300000,9900000,5400000,1,2.840909090909091,25800000,0.4844961240310077
5,Not Graduate,No,5700000,11600000,4,892,10200000,6100000,19800000,7400000,1,2.0350877192982457,43500000,0.26666666666666666
2,Not Graduate,No,5300000,13100000,14,417,4900000,6200000,18200000,6800000,0,2.4716981132075473,36100000,0.3628808864265928
5,Graduate,No,4600000,14400000,6,785,6500000,6300000,14700000,6200000,1,3.130434782608696,33700000,0.42729970326409494
3,Not Graduate,No,400000,1100000,16,504,200000,400000,800000,400000,0,2.75,1800000,0.6111111111111112
0,Not Graduate,No,2100000,5900000,14,402,4400000,0,4800000,1000000,0,2.8095238095238093,10200000,0.5784313725490197
2,Graduate,Yes,1200000,3500000,16,540,3100000,1800000,3500000,800000,0,2.9166666666666665,9200000,0.3804347826086957
2,Graduate,Yes,8000000,28400000,10,607,11400000,3800000,29000000,11600000,1,3.55,55800000,0.5089605734767025
1,Graduate,Yes,5000000,19400000,10,410,11600000,6200000,11700000,4500000,0,3.88,34000000,0.5705882352941176
0,Not Graduate,No,8500000,17200000,12,624,6500000,8400000,18600000,5100000,1,2.023529411764706,38600000,0.44559585492227977
4,Graduate,No,4600000,16600000,16,805,4800000,8000000,11500000,2800000,1,3.608695652173913,27100000,0.6125461254612546
2,Graduate,No,4600000,16100000,18,709,7100000,9000000,13800000,5400000,1,3.5,35300000,0.45609065155807366
2,Not Graduate,Yes,8500000,30900000,14,511,23300000,4400000,21900000,5500000,0,3.635294117647059,55100000,0.5607985480943739
1,Graduate,Yes,7800000,25100000,18,766,6900000,7200000,16600000,10200000,1,3.217948717948718,40900000,0.6136919315403423
3,Not Graduate,Yes,1400000,3800000,16,451,3100000,1300000,4300000,1300000,0,2.7142857142857144,10000000,0.38
1,Not Graduate,Yes,3700000,10200000,4,447,300000,2000000,14500000,3200000,0,2.7567567567567566,20000000,0.51
3,Not Graduate,Yes,1000000,2500000,18,763,400000,1100000,2100000,1400000,1,2.5,5000000,0.5
5,Not Graduate,No,900000,3100000,20,834,1000000,900000,2100000,1300000,1,3.4444444444444446,5300000,0.5849056603773585
2,Graduate,No,5600000,19500000,8,429,6100000,2200000,21100000,7200000,0,3.482142857142857,36600000,0.5327868852459017
4,Not Graduate,No,3200000,10600000,16,693,7800000,4900000,10400000,1800000,1,3.3125,24900000,0.42570281124497994
1,Graduate,No,2900000,11100000,20,478,4200000,2900000,8500000,3000000,0,3.8275862068965516,18600000,0.5967741935483871
2,Graduate,Yes,300000,800000,10,752,600000,300000,1000000,400000,1,2.6666666666666665,2300000,0.34782608695652173
0,Graduate,Yes,2400000,5900000,14,319,2000000,4200000,9500000,3300000,0,2.4583333333333335,19000000,0.3105263157894737
3,Graduate,No,5000000,17600000,8,303,6300000,9600000,12800000,6900000,0,3.52,35600000,0.4943820224719101
3,Not Graduate,Yes,5000000,16700000,20,420,1100000,5000000,18700000,6900000,0,3.34,31700000,0.526813880126183
2,Not Graduate,Yes,200000,600000,8,552,400000,200000,700000,200000,1,3.0,1500000,0.4
3,Not Graduate,Yes,6000000,16000000,12,606,2600000,11600000,19300000,7800000,1,2.6666666666666665,41300000,0.387409200968523
2,Not Graduate,No,5600000,13700000,2,558,7500000,9300000,12100000,6700000,1,2.4464285714285716,35600000,0.3848314606741573
1,Not Graduate,No,4500000,12400000,6,504,12000000,3200000,13100000,2200000,0,2.7555555555555555,30500000,0.4065573770491803
5,Not Graduate,Yes,200000,300000,8,412,-100000,100000,500000,100000,0,1.5,600000,0.5
4,Not Graduate,Yes,6200000,18300000,4,900,16900000,3400000,15300000,6400000,1,2.9516129032258065,42000000,0.4357142857142857
4,Not Graduate,Yes,9800000,23800000,8,634,12800000,9300000,37600000,6100000,1,2.4285714285714284,65800000,0.3617021276595745
5,Graduate,Yes,3900000,9000000,8,340,4900000,6800000,9000000,5200000,0,2.3076923076923075,25900000,0.3474903474903475
3,Not Graduate,Yes,8300000,20900000,4,615,4400000,200000,19000000,9600000,1,2.5180722891566263,33200000,0.6295180722891566
2,Graduate,Yes,4900000,12200000,18,353,7000000,200000,14400000,3600000,0,2.489795918367347,25200000,0.48412698412698413
4,Graduate,Yes,6900000,16300000,8,606,5800000,900000,23700000,3600000,1,2.36231884057971,34000000,0.47941176470588237
2,Not Graduate,No,4500000,14500000,18,498,7900000,200000,13500000,4800000,0,3.2222222222222223,26400000,0.5492424242424242
4,Not Graduate,No,7500000,21900000,2,585,6800000,12200000,27500000,8100000,1,2.92,54600000,0.4010989010989011
1,Not Graduate,Yes,2300000,6400000,8,578,3600000,1800000,7000000,3000000,1,2.782608695652174,15400000,0.4155844155844156
1,Graduate,No,7400000,15500000,2,693,3000000,12800000,21800000,9300000,1,2.0945945945945947,46900000,0.3304904051172708
4,Graduate,No,4800000,14300000,6,795,5900000,0,11100000,2600000,1,2.9791666666666665,19600000,0.7295918367346939
1,Graduate,No,2600000,9900000,6,594,2900000,4300000,6700000,2500000,1,3.8076923076923075,16400000,0.6036585365853658
3,Not Graduate,Yes,2700000,10600000,8,840,500000,3000000,9000000,1900000,1,3.925925925925926,14400000,0.7361111111111112
3,Not Graduate,No,3700000,10900000,16,301,7800000,2300000,9600000,3400000,0,2.945945945945946,23100000,0.47186147186147187
4,Graduate,Yes,2600000,9400000,18,481,2700000,4400000,8600000,2400000,0,3.6153846153846154,18100000,0.5193370165745856
5,Not Graduate,Yes,8800000,23100000,16,531,20800000,2600000,22100000,8000000,0,2.625,53500000,0.43177570093457945
2,Not Graduate,No,7500000,15400000,8,332,8300000,3100000,23700000,5400000,0,2.0533333333333332,40500000,0.3802469135802469
0,Graduate,No,4700000,18500000,4,516,1000000,8400000,10400000,6100000,1,3.9361702127659575,25900000,0.7142857142857143
2,Not Graduate,No,7100000,26600000,6,727,16500000,9800000,21100000,7900000,1,3.7464788732394365,55300000,0.4810126582278481
3,Not Graduate,Yes,5500000,19300000,10,344,14400000,1300000,12400000,6600000,0,3.5090909090909093,34700000,0.5561959654178674
2,Graduate,No,9500000,31500000,12,650,17600000,16600000,22200000,11400000,1,3.3157894736842106,67800000,0.4646017699115044
3,Graduate,Yes,4200000,15400000,8,362,9900000,5300000,15500000,5600000,0,3.6666666666666665,36300000,0.42424242424242425
5,Graduate,Yes,6900000,18600000,18,307,3500000,4800000,25300000,4200000,0,2.6956521739130435,37800000,0.49206349206349204
5,Graduate,No,9900000,24600000,2,530,24200000,12800000,20400000,13000000,0,2.484848484848485,70400000,0.3494318181818182
5,Graduate,No,6700000,17700000,6,482,3200000,10400000,18500000,5700000,0,2.6417910447761193,37800000,0.46825396825396826
0,Not Graduate,Yes,9300000,22200000,14,701,600000,10100000,35900000,5700000,1,2.3870967741935485,52300000,0.42447418738049714
2,Graduate,No,5600000,17200000,16,586,13700000,2100000,14300000,4300000,1,3.0714285714285716,34400000,0.5
0,Graduate,Yes,8100000,17600000,16,384,15200000,13300000,31700000,10200000,0,2.1728395061728394,70400000,0.25
4,Not Graduate,No,6000000,18000000,18,882,6700000,2500000,12200000,7500000,1,3.0,28900000,0.6228373702422145
5,Not Graduate,Yes,4200000,11200000,2,758,5300000,6500000,9600000,3800000,1,2.6666666666666665,25200000,0.4444444444444444
5,Graduate,No,1600000,4000000,18,529,300000,1200000,5300000,2000000,0,2.5,8800000,0.45454545454545453
3,Graduate,Yes,800000,1500000,2,589,1500000,1100000,1800000,400000,1,1.875,4800000,0.3125
1,Graduate,No,500000,1300000,6,670,1000000,500000,1400000,700000,1,2.6,3600000,0.3611111111111111
5,Not Graduate,Yes,4300000,14100000,12,532,12600000,5700000,12000000,4600000,0,3.2790697674418605,34900000,0.4040114613180516
0,Not Graduate,No,4000000,12500000,18,868,11000000,800000,14400000,2300000,1,3.125,28500000,0.43859649122807015
2,Not Graduate,No,2900000,7300000,2,776,8300000,3000000,8500000,3400000,1,2.5172413793103448,23200000,0.3146551724137931
5,Graduate,Yes,2300000,9100000,16,644,4000000,2600000,6600000,3100000,1,3.9565217391304346,16300000,0.558282208588957
0,Graduate,Yes,1800000,6000000,12,658,2900000,2300000,4500000,2400000,1,3.3333333333333335,12100000,0.49586776859504134
1,Graduate,Yes,8700000,33900000,10,766,16300000,700000,19500000,9000000,1,3.896551724137931,45500000,0.7450549450549451
3,Not Graduate,No,7800000,21100000,12,717,1200000,10700000,19900000,6200000,1,2.7051282051282053,38000000,0.5552631578947368
2,Graduate,No,3200000,6300000,10,339,300000,4900000,7300000,2700000,0,1.96875,15200000,0.4144736842105263
0,Not Graduate,No,1600000,4500000,18,463,100000,2000000,4100000,1800000,0,2.8125,8000000,0.5625
4,Not Graduate,No,2400000,7300000,4,540,2500000,300000,7800000,2200000,1,3.0416666666666665,12800000,0.5703125
1,Graduate,No,1800000,5900000,16,804,800000,2500000,5000000,1000000,1,3.2777777777777777,9300000,0.6344086021505376
1,Graduate,No,7500000,16000000,10,541,16300000,4500000,22400000,5100000,0,2.1333333333333333,48300000,0.33126293995859213
4,Not Graduate,Yes,6700000,18400000,10,371,1900000,1400000,15700000,4400000,0,2.746268656716418,23400000,0.7863247863247863
5,Graduate,No,5800000,13700000,6,369,10500000,2700000,12100000,3000000,0,2.3620689655172415,28300000,0.4840989399293286
0,Not Graduate,No,500000,1800000,2,651,700000,0,1700000,200000,1,3.6,2600000,0.6923076923076923
0,Graduate,Yes,9400000,30700000,10,477,17400000,900000,27500000,6200000,0,3.265957446808511,52000000,0.5903846153846154
4,Not Graduate,No,1600000,6200000,18,554,3200000,800000,5500000,1100000,1,3.875,10600000,0.5849056603773585
0,Graduate,Yes,9300000,25000000,14,362,14900000,16100000,32300000,11000000,0,2.6881720430107525,74300000,0.3364737550471063
5,Graduate,No,3700000,14000000,2,469,3800000,600000,8000000,2800000,1,3.7837837837837838,15200000,0.9210526315789473
3,Not Graduate,No,900000,1900000,12,547,2400000,400000,3000000,400000,0,2.111111111111111,6200000,0.3064516129032258
4,Not Graduate,No,500000,1300000,6,809,200000,300000,900000,500000,1,2.6,1900000,0.6842105263157895
1,Graduate,Yes,7800000,16200000,2,335,4900000,7900000,28700000,6400000,0,2.076923076923077,47900000,0.33820459290187893
5,Not Graduate,Yes,5300000,13700000,18,708,7600000,900000,19200000,5900000,1,2.5849056603773586,33600000,0.40773809523809523
0,Graduate,No,300000,700000,16,779,200000,0,1000000,400000,1,2.3333333333333335,1600000,0.4375
0,Graduate,Yes,5000000,19900000,6,748,8300000,8500000,11300000,3000000,1,3.98,31100000,0.639871382636656
0,Graduate,No,7900000,28600000,18,541,400000,3900000,22300000,6700000,0,3.6202531645569622,33300000,0.8588588588588588
4,Graduate,No,5300000,15800000,2,527,3800000,5200000,19700000,3900000,0,2.981132075471698,32600000,0.48466257668711654
0,Not Graduate,Yes,5500000,15300000,4,859,4600000,9500000,21400000,2900000,1,2.7818181818181817,38400000,0.3984375
0,Graduate,No,1500000,5600000,18,604,2000000,2400000,4400000,1800000,1,3.7333333333333334,10600000,0.5283018867924528
5,Graduate,No,6600000,20100000,18,348,6900000,2500000,22500000,7200000,0,3.0454545454545454,39100000,0.5140664961636828
4,Graduate,Yes,6200000,16200000,20,734,8800000,4000000,14600000,4400000,1,2.6129032258064515,31800000,0.5094339622641509
3,Graduate,No,6300000,17000000,16,388,11700000,2100000,16100000,3200000,0,2.6984126984126986,33100000,0.513595166163142
0,Graduate,Yes,3800000,8100000,20,831,6500000,1700000,7700000,2000000,1,2.1315789473684212,17900000,0.45251396648044695
5,Not Graduate,No,500000,1500000,6,433,-100000,700000,1900000,700000,0,3.0,3200000,0.46875
2,Graduate,Yes,5000000,15900000,16,699,8800000,5900000,18100000,7200000,1,3.18,40000000,0.3975
0,Not Graduate,No,4500000,17100000,8,303,7400000,8200000,17400000,4200000,0,3.8,37200000,0.4596774193548387
4,Not Graduate,No,1000000,3800000,2,611,1700000,1800000,2500000,600000,1,3.8,6600000,0.5757575757575758
2,Graduate,No,1700000,3700000,20,558,4100000,1400000,5000000,2500000,1,2.176470588235294,13000000,0.2846153846153846
4,Graduate,Yes,1200000,4800000,2,752,2800000,900000,3000000,600000,1,4.0,7300000,0.6575342465753424
5,Not Graduate,Yes,8500000,25800000,14,786,13900000,11000000,32400000,11300000,1,3.0352941176470587,68600000,0.3760932944606414
0,Graduate,No,8600000,29000000,18,481,21200000,2600000,27700000,5400000,0,3.372093023255814,56900000,0.5096660808435852
2,Graduate,No,400000,1300000,16,507,200000,200000,1500000,300000,0,3.25,2200000,0.5909090909090909
4,Graduate,No,8700000,19800000,14,715,13500000,13400000,32000000,8500000,1,2.2758620689655173,67400000,0.29376854599406527
0,Not Graduate,No,1800000,5700000,20,392,3800000,2400000,3500000,1400000,0,3.1666666666666665,11100000,0.5135135135135135
0,Graduate,Yes,4700000,17700000,16,887,1300000,4900000,13200000,6700000,1,3.765957446808511,26100000,0.6781609195402298
0,Not Graduate,No,7300000,21600000,2,479,17900000,12300000,15900000,7500000,0,2.958904109589041,53600000,0.40298507462686567
2,Graduate,No,8400000,32100000,20,328,16300000,4600000,19500000,8000000,0,3.8214285714285716,48400000,0.6632231404958677
2,Graduate,Yes,4800000,12900000,8,740,9300000,900000,11000000,3700000,1,2.6875,24900000,0.5180722891566265
2,Graduate,No,9200000,34200000,2,456,12200000,11300000,25800000,5700000,1,3.717391304347826,55000000,0.6218181818181818
1,Not Graduate,No,6200000,21100000,10,467,15600000,10500000,23500000,5300000,0,3.403225806451613,54900000,0.3843351548269581
0,Graduate,Yes,200000,700000,10,587,-100000,100000,500000,100000,0,3.5,600000,1.1666666666666667
0,Not Graduate,Yes,2500000,6700000,16,569,4500000,3400000,6200000,1300000,1,2.68,15400000,0.43506493506493504
3,Not Graduate,Yes,8000000,24400000,14,399,19100000,5400000,20600000,11600000,0,3.05,56700000,0.43033509700176364
1,Not Graduate,No,4600000,15200000,4,593,13800000,3800000,11700000,3900000,1,3.3043478260869565,33200000,0.4578313253012048
3,Not Graduate,Yes,4900000,12700000,8,409,2000000,2500000,19300000,4700000,0,2.5918367346938775,28500000,0.4456140350877193
4,Not Graduate,No,9500000,21300000,18,353,22900000,2300000,21400000,11100000,0,2.2421052631578946,57700000,0.36915077989601386
5,Graduate,Yes,4500000,11600000,20,306,4800000,1900000,11900000,5700000,0,2.577777777777778,24300000,0.4773662551440329
2,Graduate,Yes,5900000,14200000,12,499,9200000,11600000,20200000,4400000,0,2.406779661016949,45400000,0.31277533039647576
4,Graduate,No,4200000,14600000,6,324,6300000,5900000,11700000,3000000,0,3.4761904761904763,26900000,0.5427509293680297
2,Not Graduate,Yes,3300000,11300000,6,647,5100000,6000000,12800000,4400000,1,3.4242424242424243,28300000,0.3992932862190813
2,Graduate,Yes,4900000,12600000,2,767,1100000,7400000,13000000,3800000,1,2.5714285714285716,25300000,0.4980237154150198
4,Not Graduate,No,5300000,10700000,12,821,15400000,10200000,17600000,2600000,1,2.018867924528302,45800000,0.2336244541484716
4,Not Graduate,No,7200000,17700000,6,338,9900000,9300000,27800000,7200000,0,2.4583333333333335,54200000,0.32656826568265684
0,Graduate,No,8400000,24300000,4,785,11900000,10100000,26600000,8500000,1,2.892857142857143,57100000,0.425569176882662
3,Graduate,No,3800000,11800000,4,694,0,500000,8300000,5100000,1,3.1052631578947367,13900000,0.8489208633093526
0,Not Graduate,No,9900000,22300000,20,613,28400000,8900000,23600000,4900000,1,2.2525252525252526,65800000,0.33890577507598785
4,Graduate,Yes,2900000,8300000,10,318,8700000,4100000,10900000,2100000,0,2.8620689655172415,25800000,0.32170542635658916
3,Not Graduate,Yes,6000000,18700000,18,783,2800000,8500000,20300000,8800000,1,3.1166666666666667,40400000,0.4628712871287129
2,Not Graduate,No,1700000,5300000,20,761,2500000,500000,3700000,1200000,1,3.1176470588235294,7900000,0.6708860759493671
4,Graduate,Yes,5300000,12000000,10,329,15300000,9300000,17300000,6100000,0,2.2641509433962264,48000000,0.25
5,Not Graduate,Yes,7500000,15000000,14,661,12100000,5800000,29900000,4400000,1,2.0,52200000,0.28735632183908044
4,Not Graduate,No,400000,900000,18,339,700000,200000,800000,200000,0,2.25,1900000,0.47368421052631576
1,Graduate,Yes,8300000,17700000,10,673,23700000,5300000,28700000,4200000,1,2.1325301204819276,61900000,0.2859450726978998
3,Graduate,No,4500000,16900000,18,748,8500000,7200000,15100000,6600000,1,3.7555555555555555,37400000,0.45187165775401067
3,Graduate,No,4600000,10000000,4,702,6800000,1500000,16100000,4500000,1,2.1739130434782608,28900000,0.3460207612456747
4,Not Graduate,No,4700000,10300000,12,710,7500000,7700000,16900000,6600000,1,2.1914893617021276,38700000,0.2661498708010336
0,Graduate,Yes,900000,3500000,6,331,2400000,1400000,3500000,1100000,0,3.888888888888889,8400000,0.4166666666666667
1,Not Graduate,No,2400000,7600000,12,372,5700000,4400000,6600000,1400000,0,3.1666666666666665,18100000,0.4198895027624309
0,Not Graduate,Yes,3900000,9600000,10,783,9900000,2100000,10900000,3900000,1,2.4615384615384617,26800000,0.3582089552238806
0,Graduate,No,8300000,31400000,18,558,13300000,2900000,25900000,6300000,1,3.783132530120482,48400000,0.6487603305785123
4,Graduate,Yes,4700000,13000000,6,552,5600000,8300000,11900000,2400000,1,2.765957446808511,28200000,0.46099290780141844
4,Not Graduate,No,3900000,10600000,20,544,4100000,3100000,10900000,4900000,0,2.717948717948718,23000000,0.4608695652173913
2,Not Graduate,No,400000,1000000,6,425,800000,300000,800000,200000,0,2.5,2100000,0.47619047619047616
2,Not Graduate,Yes,1700000,5100000,18,321,2000000,2800000,5100000,1500000,0,3.0,11400000,0.4473684210526316
2,Graduate,Yes,6100000,15500000,8,758,8900000,4000000,13300000,7200000,1,2.540983606557377,33400000,0.46407185628742514
5,Graduate,Yes,7300000,19600000,10,373,10400000,4700000,19500000,10600000,0,2.684931506849315,45200000,0.4336283185840708
3,Not Graduate,Yes,300000,500000,6,876,300000,100000,1100000,300000,1,1.6666666666666667,1800000,0.2777777777777778
2,Not Graduate,No,4300000,14500000,10,594,11400000,700000,14000000,5300000,1,3.372093023255814,31400000,0.46178343949044587
3,Not Graduate,No,7000000,18400000,18,837,2800000,7900000,15400000,5700000,1,2.6285714285714286,31800000,0.5786163522012578
0,Not Graduate,Yes,4900000,16500000,4,600,11100000,2200000,12000000,6500000,1,3.36734693877551,31800000,0.5188679245283019
4,Graduate,No,6200000,12400000,20,547,14200000,10800000,17200000,8000000,0,2.0,50200000,0.24701195219123506
1,Not Graduate,No,4100000,15800000,12,431,9700000,7300000,15200000,5700000,0,3.8536585365853657,37900000,0.41688654353562005
0,Not Graduate,Yes,7300000,22600000,12,851,3300000,3400000,24800000,5300000,1,3.095890410958904,36800000,0.6141304347826086
4,Not Graduate,Yes,9200000,28100000,12,760,23200000,9700000,22300000,12900000,1,3.0543478260869565,68100000,0.41262848751835535
0,Not Graduate,No,800000,2400000,2,716,700000,1200000,3100000,400000,1,3.0,5400000,0.4444444444444444
4,Not Graduate,No,2900000,11200000,10,744,6600000,4000000,7300000,1600000,1,3.8620689655172415,19500000,0.5743589743589743
3,Not Graduate,No,8100000,21600000,4,740,22400000,3700000,16900000,9900000,1,2.6666666666666665,52900000,0.40831758034026466
0,Graduate,No,9300000,20300000,14,759,27000000,11600000,26500000,10900000,1,2.182795698924731,76000000,0.26710526315789473
4,Graduate,Yes,9200000,29400000,14,517,4900000,0,33500000,10100000,0,3.1956521739130435,48500000,0.6061855670103092
3,Not Graduate,Yes,3100000,6300000,18,895,2300000,3400000,10500000,4200000,1,2.032258064516129,20400000,0.3088235294117647
3,Not Graduate,Yes,7000000,15400000,20,315,19900000,7600000,16400000,5900000,0,2.2,49800000,0.3092369477911647
4,Not Graduate,No,3900000,8800000,14,527,4600000,4900000,14900000,3100000,0,2.2564102564102564,27500000,0.32
3,Graduate,No,5500000,19800000,14,853,7300000,3000000,15500000,3100000,1,3.6,28900000,0.6851211072664359
0,Graduate,No,6600000,13700000,20,747,3600000,2400000,23900000,6000000,1,2.0757575757575757,35900000,0.3816155988857939
2,Not Graduate,No,9900000,31600000,16,892,4200000,17500000,31400000,12700000,1,3.191919191919192,65800000,0.48024316109422494
4,Graduate,Yes,6600000,20500000,8,856,18800000,5400000,15100000,9400000,1,3.106060606060606,48700000,0.4209445585215606
3,Graduate,No,8600000,23600000,4,324,13800000,3800000,28500000,4300000,0,2.744186046511628,50400000,0.46825396825396826
5,Graduate,No,7900000,28600000,12,812,12100000,14400000,30000000,11700000,1,3.6202531645569622,68200000,0.41935483870967744
5,Graduate,Yes,6800000,22600000,2,804,3500000,12500000,18200000,9900000,1,3.323529411764706,44100000,0.5124716553287982
4,Graduate,No,700000,1800000,8,874,1600000,1000000,1300000,300000,1,2.5714285714285716,4200000,0.42857142857142855
2,Not Graduate,Yes,3800000,10000000,12,516,2400000,4200000,14200000,5100000,0,2.6315789473684212,25900000,0.3861003861003861
5,Graduate,Yes,6900000,18300000,4,402,12600000,13100000,23200000,6100000,0,2.652173913043478,55000000,0.3327272727272727
1,Graduate,Yes,3700000,12400000,12,330,3400000,1000000,10400000,2800000,0,3.3513513513513513,17600000,0.7045454545454546
1,Graduate,No,7900000,24000000,12,867,20500000,10000000,30700000,9400000,1,3.037974683544304,70600000,0.33994334277620397
4,Graduate,Yes,8800000,34200000,16,844,18700000,11000000,20700000,10700000,1,3.8863636363636362,61100000,0.5597381342062193
5,Not Graduate,Yes,3300000,7800000,8,310,3000000,3900000,8300000,4200000,0,2.3636363636363638,19400000,0.4020618556701031
4,Not Graduate,No,5800000,14200000,20,535,10200000,4000000,21100000,3400000,0,2.4482758620689653,38700000,0.3669250645994832
1,Graduate,Yes,7400000,29500000,16,323,10000000,4400000,29400000,8100000,0,3.9864864864864864,51900000,0.5684007707129094
1,Graduate,No,8200000,25600000,4,686,2000000,5900000,17300000,4400000,1,3.1219512195121952,29600000,0.8648648648648649
0,Not Graduate,Yes,3300000,9600000,8,465,6100000,700000,9700000,2000000,0,2.909090909090909,18500000,0.518918918918919
4,Graduate,Yes,5300000,10700000,12,547,1000000,10200000,11600000,5700000,0,2.018867924528302,28500000,0.37543859649122807
1,Not Graduate,No,5700000,19100000,12,649,9400000,10200000,16400000,4500000,1,3.3508771929824563,40500000,0.47160493827160493
2,Not Graduate,No,9000000,31000000,14,670,21300000,5400000,31100000,12900000,1,3.4444444444444446,70700000,0.43847241867043846
3,Graduate,No,5900000,14400000,10,408,2400000,5100000,23000000,3700000,0,2.440677966101695,34200000,0.42105263157894735
2,Not Graduate,No,5400000,11900000,6,303,15000000,9200000,15400000,6900000,0,2.2037037037037037,46500000,0.25591397849462366
0,Graduate,No,9800000,34800000,14,497,3000000,2200000,23800000,9600000,0,3.5510204081632653,38600000,0.9015544041450777
4,Graduate,Yes,9800000,34100000,14,740,6500000,16900000,27100000,5100000,1,3.479591836734694,55600000,0.6133093525179856
4,Not Graduate,Yes,3800000,8200000,4,309,10900000,3900000,10200000,3300000,0,2.1578947368421053,28300000,0.28975265017667845
0,Not Graduate,No,9500000,24400000,14,769,14400000,2400000,30800000,14200000,1,2.568421052631579,61800000,0.3948220064724919
3,Graduate,Yes,2500000,7100000,6,420,3800000,3300000,8700000,3000000,0,2.84,18800000,0.3776595744680851
1,Graduate,No,1900000,6000000,20,540,1100000,1400000,4300000,1300000,0,3.1578947368421053,8100000,0.7407407407407407
5,Graduate,Yes,4400000,10600000,20,806,9700000,3600000,10800000,2500000,1,2.409090909090909,26600000,0.39849624060150374
4,Graduate,Yes,1400000,2900000,6,723,3800000,0,4700000,1600000,1,2.0714285714285716,10100000,0.2871287128712871
5,Not Graduate,Yes,3200000,11800000,16,565,8100000,2700000,9200000,1800000,1,3.6875,21800000,0.5412844036697247
1,Graduate,Yes,3100000,9200000,16,374,2400000,3500000,7100000,3500000,0,2.967741935483871,16500000,0.5575757575757576
4,Graduate,No,4500000,9900000,10,509,11100000,3100000,12200000,2700000,0,2.2,29100000,0.3402061855670103
3,Not Graduate,Yes,9300000,23500000,16,728,3500000,9900000,27300000,9800000,1,2.5268817204301075,50500000,0.46534653465346537
2,Graduate,No,6900000,18200000,20,396,15600000,4300000,22900000,5400000,0,2.63768115942029,48200000,0.3775933609958506
0,Not Graduate,Yes,3900000,8600000,2,667,4300000,6600000,13500000,2000000,1,2.2051282051282053,26400000,0.32575757575757575
5,Not Graduate,No,3200000,7400000,12,583,9400000,5500000,10600000,3600000,1,2.3125,29100000,0.2542955326460481
1,Not Graduate,Yes,5600000,21100000,10,459,9700000,1400000,13900000,8100000,0,3.767857142857143,33100000,0.6374622356495468
4,Not Graduate,Yes,3700000,11900000,18,635,6100000,6400000,11200000,4700000,1,3.2162162162162162,28400000,0.41901408450704225
3,Not Graduate,No,8400000,27200000,12,604,21400000,8800000,23700000,4700000,1,3.238095238095238,58600000,0.4641638225255973
0,Not Graduate,Yes,4200000,8900000,14,796,3000000,1600000,13300000,4800000,1,2.119047619047619,22700000,0.3920704845814978
4,Graduate,No,3800000,8500000,10,416,6200000,4800000,14900000,4100000,0,2.236842105263158,30000000,0.2833333333333333
3,Graduate,No,3200000,8200000,8,311,4900000,5600000,10700000,1600000,0,2.5625,22800000,0.35964912280701755
1,Graduate,No,9700000,33900000,10,833,24600000,16200000,28300000,6600000,1,3.4948453608247423,75700000,0.4478203434610304
1,Not Graduate,Yes,4300000,9400000,6,543,7400000,5200000,14800000,4200000,0,2.186046511627907,31600000,0.2974683544303797
5,Graduate,Yes,8100000,20300000,18,751,1600000,7900000,31700000,7400000,1,2.506172839506173,48600000,0.4176954732510288
5,Not Graduate,Yes,9400000,23200000,14,885,16900000,1200000,34900000,4700000,1,2.4680851063829787,57700000,0.4020797227036395
4,Not Graduate,Yes,8100000,19400000,6,346,7800000,9300000,29300000,4500000,0,2.3950617283950617,50900000,0.381139489194499
4,Graduate,No,6500000,14500000,4,588,10300000,9500000,22800000,6400000,1,2.230769230769231,49000000,0.29591836734693877
2,Graduate,No,9400000,23100000,4,488,20100000,3500000,28600000,10900000,0,2.4574468085106385,63100000,0.36608557844690964
1,Not Graduate,Yes,2600000,6600000,20,765,2100000,200000,5200000,1300000,1,2.5384615384615383,8800000,0.75
3,Not Graduate,Yes,8000000,25600000,6,337,8800000,500000,18900000,9800000,0,3.2,38000000,0.6736842105263158
1,Graduate,No,4700000,9300000,8,515,1000000,4700000,14600000,5700000,0,1.9787234042553192,26000000,0.3576923076923077
2,Graduate,Yes,7600000,22300000,12,555,2100000,13800000,17700000,7100000,1,2.9342105263157894,40700000,0.547911547911548
1,Graduate,Yes,6800000,27200000,2,702,4600000,2400000,27100000,6300000,1,4.0,40400000,0.6732673267326733
2,Not Graduate,Yes,6600000,17000000,2,457,100000,1800000,23300000,6700000,0,2.5757575757575757,31900000,0.5329153605015674
2,Graduate,No,8200000,27200000,10,425,11400000,4900000,29300000,4500000,0,3.317073170731707,50100000,0.5429141716566867
1,Graduate,Yes,4400000,12300000,6,583,2400000,7900000,17200000,6600000,1,2.7954545454545454,34100000,0.36070381231671556
1,Not Graduate,No,8300000,29200000,6,877,13700000,9900000,31500000,9500000,1,3.5180722891566263,64600000,0.4520123839009288
0,Graduate,No,9200000,36500000,14,522,10500000,5300000,22400000,13200000,0,3.967391304347826,51400000,0.7101167315175098
5,Not Graduate,Yes,2700000,8700000,20,687,2600000,1200000,9000000,1300000,1,3.2222222222222223,14100000,0.6170212765957447
0,Graduate,No,6100000,23600000,20,856,3300000,5200000,17700000,6400000,1,3.8688524590163933,32600000,0.7239263803680982
4,Not Graduate,Yes,9100000,33000000,8,543,15700000,14400000,19500000,11200000,0,3.6263736263736264,60800000,0.5427631578947368
5,Not Graduate,Yes,7600000,15400000,14,576,2300000,2800000,24500000,4700000,1,2.026315789473684,34300000,0.4489795918367347
2,Not Graduate,No,7200000,17000000,10,856,18100000,12700000,15800000,6000000,1,2.361111111111111,52600000,0.3231939163498099
0,Graduate,Yes,2600000,8200000,8,722,3500000,4200000,7100000,3200000,1,3.1538461538461537,18000000,0.45555555555555555
4,Graduate,Yes,6500000,20200000,12,653,18600000,1400000,23800000,6400000,1,3.1076923076923078,50200000,0.40239043824701193
5,Graduate,No,8900000,35500000,16,480,17200000,11300000,25200000,4900000,0,3.9887640449438204,58600000,0.60580204778157
2,Graduate,Yes,5400000,14300000,14,477,10200000,700000,11100000,5500000,0,2.6481481481481484,27500000,0.52
0,Graduate,No,300000,500000,2,885,200000,400000,700000,200000,1,1.6666666666666667,1500000,0.3333333333333333
0,Not Graduate,No,8400000,19600000,18,530,17000000,3600000,24200000,12300000,0,2.3333333333333335,57100000,0.3432574430823117
3,Graduate,No,8300000,17200000,8,870,4700000,8800000,18300000,10000000,1,2.072289156626506,41800000,0.41148325358851673
4,Not Graduate,No,1700000,5600000,8,395,2700000,800000,3500000,2400000,0,3.2941176470588234,9400000,0.5957446808510638
2,Not Graduate,No,1500000,4200000,16,771,2500000,800000,5700000,1100000,1,2.8,10100000,0.4158415841584158
1,Not Graduate,Yes,200000,500000,2,579,500000,100000,500000,100000,1,2.5,1200000,0.4166666666666667
1,Graduate,Yes,1000000,3700000,14,798,2000000,200000,3800000,1400000,1,3.7,7400000,0.5
3,Not Graduate,Yes,8800000,25100000,8,473,17200000,600000,24400000,12400000,0,2.852272727272727,54600000,0.4597069597069597
0,Graduate,Yes,1000000,3200000,8,304,500000,600000,3700000,700000,0,3.2,5500000,0.5818181818181818
0,Not Graduate,Yes,8600000,23000000,14,678,18800000,16400000,22900000,12000000,1,2.6744186046511627,70100000,0.3281027104136947
5,Graduate,Yes,2400000,8900000,2,745,1700000,2000000,9200000,2100000,1,3.7083333333333335,15000000,0.5933333333333334
1,Graduate,No,2400000,8900000,8,835,2400000,1200000,5500000,1100000,1,3.7083333333333335,10200000,0.8725490196078431
5,Not Graduate,Yes,6000000,12100000,20,848,13900000,4800000,18000000,3600000,1,2.0166666666666666,40300000,0.3002481389578164
5,Not Graduate,No,7600000,16300000,18,872,5100000,1900000,20700000,5000000,1,2.1447368421052633,32700000,0.4984709480122324
3,Not Graduate,No,8000000,20100000,10,608,9800000,15500000,26100000,5200000,1,2.5125,56600000,0.3551236749116608
0,Graduate,Yes,5400000,19500000,16,758,2600000,2700000,18300000,6000000,1,3.611111111111111,29600000,0.6587837837837838
0,Not Graduate,Yes,1400000,3700000,4,841,3000000,1000000,4600000,1000000,1,2.642857142857143,9600000,0.3854166666666667
0,Not Graduate,Yes,800000,2600000,2,618,300000,1200000,2000000,500000,1,3.25,4000000,0.65
4,Graduate,Yes,300000,1100000,4,457,700000,100000,1100000,400000,1,3.6666666666666665,2300000,0.4782608695652174
0,Graduate,No,4100000,14400000,4,844,2700000,6000000,9900000,4200000,1,3.5121951219512195,22800000,0.631578947368421
2,Not Graduate,No,1500000,3800000,4,776,2800000,0,5300000,1400000,1,2.533333333333333,9500000,0.4
1,Not Graduate,No,4600000,13900000,8,520,13300000,6400000,9800000,2200000,0,3.0217391304347827,31700000,0.4384858044164038
1,Graduate,Yes,3300000,7500000,12,648,6400000,1700000,8700000,1600000,1,2.272727272727273,18400000,0.4076086956521739
4,Not Graduate,Yes,7900000,31400000,10,654,16500000,15200000,25400000,5000000,1,3.9746835443037973,62100000,0.5056360708534622
0,Not Graduate,No,8100000,26500000,20,342,5800000,5600000,23700000,5800000,0,3.271604938271605,40900000,0.6479217603911981
5,Not Graduate,No,900000,2800000,16,808,2100000,900000,3100000,800000,1,3.111111111111111,6900000,0.4057971014492754
1,Graduate,Yes,4900000,15200000,10,429,5700000,7300000,14400000,3300000,0,3.1020408163265305,30700000,0.495114006514658
3,Graduate,Yes,6100000,18100000,14,538,11800000,4200000,16200000,7500000,0,2.9672131147540983,39700000,0.45591939546599497
3,Not Graduate,No,4500000,16400000,6,533,1800000,5600000,12200000,3900000,0,3.6444444444444444,23500000,0.6978723404255319
2,Graduate,Yes,2900000,7300000,8,394,7700000,2600000,7700000,4000000,0,2.5172413793103448,22000000,0.33181818181818185
1,Not Graduate,No,7900000,29300000,2,771,17600000,12800000,20400000,4000000,1,3.7088607594936707,54800000,0.5346715328467153
5,Graduate,Yes,4100000,10100000,4,792,4400000,6100000,8600000,4900000,1,2.4634146341463414,24000000,0.42083333333333334
5,Not Graduate,Yes,7700000,15500000,8,407,6500000,9100000,26300000,4600000,0,2.012987012987013,46500000,0.3333333333333333
0,Not Graduate,No,5600000,19300000,18,544,6400000,2800000,19900000,6400000,0,3.4464285714285716,35500000,0.543661971830986
5,Graduate,No,9000000,18000000,18,509,24600000,5200000,20000000,6100000,0,2.0,55900000,0.3220035778175313
4,Not Graduate,Yes,6400000,18400000,16,320,17700000,3600000,13900000,8300000,0,2.875,43500000,0.42298850574712643
4,Graduate,No,6900000,14700000,2,496,12000000,7000000,15500000,4000000,0,2.130434782608696,38500000,0.38181818181818183
3,Not Graduate,No,9100000,27400000,18,652,8500000,7300000,31700000,6800000,1,3.010989010989011,54300000,0.5046040515653776
2,Graduate,Yes,1100000,3700000,2,806,2700000,800000,2900000,500000,1,3.3636363636363638,6900000,0.5362318840579711
4,Not Graduate,No,1700000,4500000,12,821,3200000,1900000,4900000,1500000,1,2.6470588235294117,11500000,0.391304347826087
5,Graduate,Yes,9200000,28800000,20,618,14300000,10800000,33900000,10600000,1,3.130434782608696,69600000,0.41379310344827586
2,Not Graduate,Yes,8300000,20600000,12,729,22400000,9000000,31400000,8400000,1,2.4819277108433737,71200000,0.2893258426966292
5,Not Graduate,Yes,5000000,10600000,6,839,12600000,8600000,19800000,3500000,1,2.12,44500000,0.23820224719101124
3,Graduate,No,2200000,6400000,2,318,1400000,2100000,4300000,1500000,0,2.909090909090909,9300000,0.6881720430107527
2,Graduate,No,4500000,9600000,16,404,1800000,6000000,17000000,2700000,0,2.1333333333333333,27500000,0.3490909090909091
5,Not Graduate,Yes,4100000,9000000,6,581,6600000,1500000,11300000,3400000,1,2.1951219512195124,22800000,0.39473684210526316
1,Not Graduate,No,2800000,6800000,18,596,7900000,400000,7300000,1500000,1,2.4285714285714284,17100000,0.39766081871345027
1,Not Graduate,No,6600000,20700000,4,415,12800000,11900000,17700000,3900000,1,3.1363636363636362,46300000,0.4470842332613391
3,Not Graduate,Yes,3200000,7200000,6,728,4800000,2000000,8000000,4600000,1,2.25,19400000,0.3711340206185567
0,Not Graduate,No,6300000,13300000,2,666,8800000,4000000,14200000,4900000,1,2.111111111111111,31900000,0.4169278996865204
2,Graduate,No,4700000,17700000,14,675,5800000,7200000,13100000,6500000,1,3.765957446808511,32600000,0.5429447852760736
0,Graduate,No,4100000,15400000,16,304,3000000,5200000,16200000,3100000,0,3.7560975609756095,27500000,0.56
5,Graduate,Yes,7100000,15500000,4,474,7600000,9000000,22400000,9400000,0,2.183098591549296,48400000,0.3202479338842975
4,Graduate,Yes,4900000,10200000,18,370,10900000,2200000,13700000,6600000,0,2.0816326530612246,33400000,0.30538922155688625
4,Graduate,No,5600000,20300000,20,596,5100000,10900000,12700000,7900000,1,3.625,36600000,0.5546448087431693
4,Graduate,No,3400000,8300000,2,567,5700000,1900000,10200000,2700000,1,2.4411764705882355,20500000,0.40487804878048783
3,Not Graduate,No,4500000,16100000,16,671,10500000,3600000,12400000,5800000,1,3.577777777777778,32300000,0.4984520123839009
2,Graduate,No,300000,800000,18,819,300000,300000,900000,400000,1,2.6666666666666665,1900000,0.42105263157894735
5,Not Graduate,Yes,7600000,23000000,10,829,3100000,7300000,17600000,7300000,1,3.026315789473684,35300000,0.6515580736543909
5,Graduate,No,500000,1200000,12,454,1400000,500000,1000000,300000,0,2.4,3200000,0.375
0,Graduate,Yes,5900000,15200000,16,399,15200000,3200000,12200000,6500000,0,2.5762711864406778,37100000,0.40970350404312667
0,Graduate,No,7100000,20700000,10,784,9500000,11400000,27900000,8600000,1,2.915492957746479,57400000,0.3606271777003484
2,Not Graduate,Yes,8500000,26900000,6,538,21300000,16400000,21500000,4600000,0,3.164705882352941,63800000,0.4216300940438871
0,Graduate,Yes,6400000,16900000,16,759,16200000,7100000,15200000,3100000,1,2.640625,41600000,0.40625
2,Graduate,No,7100000,21400000,12,699,11400000,13400000,22600000,4800000,1,3.0140845070422535,52200000,0.4099616858237548
5,Not Graduate,No,1800000,5400000,14,347,3800000,1300000,4900000,1700000,0,3.0,11700000,0.46153846153846156
3,Not Graduate,Yes,6600000,25200000,20,598,13100000,3600000,20700000,8600000,1,3.8181818181818183,46000000,0.5478260869565217
4,Graduate,Yes,8800000,27100000,2,406,16300000,6200000,26100000,5800000,1,3.0795454545454546,54400000,0.49816176470588236
2,Not Graduate,No,4800000,15800000,20,860,1700000,3300000,13400000,5100000,1,3.2916666666666665,23500000,0.6723404255319149
5,Graduate,Yes,4400000,16500000,10,806,3500000,4400000,11200000,2800000,1,3.75,21900000,0.7534246575342466
0,Not Graduate,No,2000000,6900000,2,448,2700000,3800000,7100000,1600000,1,3.45,15200000,0.45394736842105265
2,Graduate,No,6800000,22600000,20,393,2100000,2200000,20300000,8200000,0,3.323529411764706,32800000,0.6890243902439024
5,Not Graduate,Yes,6600000,16000000,12,811,13100000,5000000,14700000,5000000,1,2.4242424242424243,37800000,0.42328042328042326
2,Graduate,No,3300000,7900000,20,829,4800000,2100000,13200000,2600000,1,2.393939393939394,22700000,0.34801762114537443
3,Not Graduate,No,7400000,23400000,16,700,19300000,3000000,20700000,8900000,1,3.1621621621621623,51900000,0.4508670520231214
0,Not Graduate,Yes,4500000,12400000,18,719,10300000,200000,9200000,3100000,1,2.7555555555555555,22800000,0.543859649122807
1,Not Graduate,Yes,9500000,30500000,12,430,5400000,8000000,30800000,10500000,0,3.210526315789474,54700000,0.5575868372943327
1,Graduate,No,800000,3000000,4,338,900000,1000000,2600000,400000,1,3.75,4900000,0.6122448979591837
2,Graduate,No,4000000,13000000,4,695,6400000,6900000,15400000,4300000,1,3.25,33000000,0.3939393939393939
2,Not Graduate,No,7000000,25700000,18,374,3400000,13700000,14900000,4500000,0,3.6714285714285713,36500000,0.7041095890410959
3,Graduate,No,3500000,8500000,18,609,7300000,0,12700000,2500000,1,2.4285714285714284,22500000,0.37777777777777777
3,Graduate,Yes,9700000,36000000,6,631,3500000,5500000,28500000,7500000,1,3.711340206185567,45000000,0.8
0,Not Graduate,No,3400000,10800000,6,439,5300000,1400000,11600000,1900000,0,3.176470588235294,20200000,0.5346534653465347
1,Graduate,Yes,4600000,13500000,20,837,5600000,7700000,11900000,2500000,1,2.9347826086956523,27700000,0.48736462093862815
4,Graduate,No,3800000,10400000,10,833,7500000,2500000,14100000,4200000,1,2.736842105263158,28300000,0.3674911660777385
4,Not Graduate,Yes,4200000,9600000,20,863,7400000,900000,9100000,3400000,1,2.2857142857142856,20800000,0.46153846153846156
2,Graduate,No,2500000,8700000,4,684,0,600000,9700000,2600000,1,3.48,12900000,0.6744186046511628
0,Not Graduate,Yes,7000000,24600000,6,542,6400000,2600000,24500000,4700000,0,3.5142857142857142,38200000,0.643979057591623
1,Not Graduate,No,5300000,11500000,8,753,10000000,4200000,14400000,3000000,1,2.169811320754717,31600000,0.3639240506329114
0,Not Graduate,No,6400000,14200000,2,512,1600000,9200000,23100000,3500000,0,2.21875,37400000,0.37967914438502676
3,Not Graduate,No,3400000,8100000,12,385,6100000,4000000,10700000,4000000,0,2.3823529411764706,24800000,0.32661290322580644
4,Not Graduate,No,6700000,18800000,2,749,15600000,7900000,19900000,8600000,1,2.8059701492537314,52000000,0.36153846153846153
1,Not Graduate,Yes,4600000,10100000,4,618,2200000,100000,12900000,4300000,1,2.1956521739130435,19500000,0.517948717948718
4,Graduate,Yes,900000,2500000,4,583,1300000,800000,1800000,1100000,1,2.7777777777777777,5000000,0.5
0,Graduate,No,5100000,19900000,18,655,4400000,0,17100000,7100000,1,3.9019607843137254,28600000,0.6958041958041958
0,Not Graduate,Yes,7000000,20900000,20,380,11800000,10800000,21100000,6200000,0,2.9857142857142858,49900000,0.4188376753507014
3,Graduate,Yes,4100000,14700000,6,679,6600000,3700000,10500000,5600000,1,3.5853658536585367,26400000,0.5568181818181818
2,Graduate,No,4600000,14800000,6,410,12900000,6800000,16100000,5800000,0,3.217391304347826,41600000,0.3557692307692308
2,Graduate,Yes,3600000,11500000,8,590,1600000,5200000,10900000,3000000,1,3.1944444444444446,20700000,0.5555555555555556
5,Graduate,No,5900000,13800000,14,397,12400000,600000,20400000,3000000,0,2.3389830508474576,36400000,0.3791208791208791
2,Graduate,No,600000,2100000,16,425,900000,500000,2300000,300000,0,3.5,4000000,0.525
0,Graduate,No,4900000,16400000,2,383,3300000,3500000,15000000,5800000,1,3.3469387755102042,27600000,0.5942028985507246
5,Graduate,Yes,6400000,23900000,6,406,14700000,12400000,25400000,4300000,0,3.734375,56800000,0.42077464788732394
2,Graduate,No,7000000,19800000,10,563,3900000,9400000,22800000,8000000,1,2.8285714285714287,44100000,0.4489795918367347
3,Graduate,Yes,6700000,13400000,14,782,4900000,4000000,25800000,9600000,1,2.0,44300000,0.30248306997742663
1,Not Graduate,Yes,800000,2200000,4,852,900000,200000,2200000,1000000,1,2.75,4300000,0.5116279069767442
5,Not Graduate,No,7600000,27800000,2,753,18400000,12200000,16900000,8000000,1,3.6578947368421053,55500000,0.5009009009009009
5,Graduate,Yes,3200000,7600000,4,489,5000000,2900000,10600000,1900000,0,2.375,20400000,0.37254901960784315
2,Not Graduate,Yes,4900000,13800000,2,586,9900000,1400000,9900000,7000000,1,2.816326530612245,28200000,0.48936170212765956
3,Not Graduate,No,7200000,20800000,16,560,2100000,10700000,21100000,3600000,1,2.888888888888889,37500000,0.5546666666666666
3,Graduate,No,5600000,20600000,6,487,6400000,9700000,20200000,4100000,0,3.6785714285714284,40400000,0.5099009900990099
4,Graduate,Yes,7300000,18300000,8,434,10000000,2900000,26800000,6700000,0,2.506849315068493,46400000,0.39439655172413796
4,Not Graduate,No,3300000,7000000,20,504,8200000,3200000,7300000,2500000,0,2.121212121212121,21200000,0.330188679245283
2,Graduate,Yes,9200000,25300000,4,827,25900000,15900000,19300000,11000000,1,2.75,72100000,0.3509015256588072
3,Not Graduate,Yes,8100000,23300000,20,657,15700000,2900000,28100000,6200000,1,2.876543209876543,52900000,0.44045368620037806
5,Graduate,No,6600000,21400000,10,447,12700000,11100000,20200000,6400000,0,3.242424242424242,50400000,0.4246031746031746
0,Graduate,Yes,4200000,13600000,4,834,8700000,3400000,12000000,3100000,1,3.238095238095238,27200000,0.5
2,Graduate,No,5800000,21700000,8,354,12500000,2300000,12200000,6800000,0,3.7413793103448274,33800000,0.6420118343195266
2,Graduate,Yes,5600000,21000000,18,883,9800000,1600000,20900000,6000000,1,3.75,38300000,0.5483028720626631
0,Not Graduate,Yes,3600000,9900000,12,641,10300000,2400000,9100000,2700000,1,2.75,24500000,0.40408163265306124
1,Graduate,Yes,7700000,16900000,6,621,22600000,7900000,27400000,10200000,1,2.1948051948051948,68100000,0.24816446402349487
0,Graduate,Yes,7800000,23300000,10,587,12500000,9300000,27500000,9700000,1,2.9871794871794872,59000000,0.3949152542372881
3,Not Graduate,No,5700000,15400000,16,424,4700000,3000000,16400000,5600000,0,2.7017543859649122,29700000,0.5185185185185185
5,Graduate,No,6300000,20500000,14,515,4300000,3600000,18300000,9100000,0,3.253968253968254,35300000,0.5807365439093485
5,Not Graduate,Yes,2300000,4700000,18,592,1600000,3900000,6200000,2800000,1,2.0434782608695654,14500000,0.32413793103448274
4,Graduate,Yes,9600000,19900000,6,319,3200000,16500000,28100000,6600000,0,2.0729166666666665,54400000,0.36580882352941174
1,Not Graduate,Yes,1000000,3900000,16,360,2500000,300000,2100000,600000,0,3.9,5500000,0.7090909090909091
5,Graduate,Yes,7200000,27100000,12,535,8400000,12800000,28100000,4800000,0,3.763888888888889,54100000,0.5009242144177449
2,Not Graduate,Yes,3800000,11400000,16,666,9000000,2400000,8000000,3800000,1,3.0,23200000,0.49137931034482757
4,Not Graduate,Yes,9300000,24600000,16,419,18100000,0,26700000,5100000,0,2.6451612903225805,49900000,0.49298597194388777
2,Not Graduate,Yes,7200000,21900000,12,640,0,11400000,14600000,3800000,1,3.0416666666666665,29800000,0.7348993288590604
0,Graduate,No,7600000,19700000,12,545,4300000,5200000,29500000,7300000,0,2.5921052631578947,46300000,0.42548596112311016
4,Graduate,No,4500000,15300000,10,843,13200000,6900000,10800000,2200000,1,3.4,33100000,0.4622356495468278
1,Not Graduate,Yes,9900000,30900000,20,559,12100000,6100000,38600000,12100000,1,3.121212121212121,68900000,0.44847605224963716
0,Not Graduate,Yes,700000,2000000,18,650,400000,1300000,2800000,500000,1,2.857142857142857,5000000,0.4
0,Graduate,No,3500000,12300000,16,479,9700000,6000000,7900000,4700000,0,3.5142857142857142,28300000,0.43462897526501765
1,Graduate,Yes,300000,1000000,14,324,100000,100000,1100000,100000,0,3.3333333333333335,1400000,0.7142857142857143
5,Not Graduate,Yes,5400000,16700000,2,354,1100000,4500000,19300000,5200000,1,3.0925925925925926,30100000,0.5548172757475083
4,Not Graduate,Yes,2800000,8400000,10,521,1500000,1200000,9100000,3700000,0,3.0,15500000,0.5419354838709678
5,Not Graduate,Yes,4900000,15900000,8,505,12400000,4900000,14900000,6100000,0,3.2448979591836733,38300000,0.4151436031331593
4,Not Graduate,No,600000,1700000,12,436,400000,0,1700000,700000,0,2.8333333333333335,2800000,0.6071428571428571
0,Graduate,No,3000000,8100000,6,683,3200000,4900000,10200000,3200000,1,2.7,21500000,0.3767441860465116
0,Graduate,No,1800000,5800000,18,348,2900000,700000,6700000,1000000,0,3.2222222222222223,11300000,0.5132743362831859
4,Graduate,Yes,5100000,15700000,6,867,11200000,8300000,19200000,3600000,1,3.0784313725490198,42300000,0.37115839243498816
5,Graduate,No,1400000,4100000,14,880,3700000,1800000,2800000,2100000,1,2.9285714285714284,10400000,0.3942307692307692
2,Graduate,Yes,6700000,25500000,10,673,11100000,8600000,25100000,5000000,1,3.8059701492537314,49800000,0.5120481927710844
3,Not Graduate,No,4300000,12600000,18,482,9300000,900000,13200000,6100000,0,2.9302325581395348,29500000,0.4271186440677966
3,Graduate,Yes,7800000,19600000,4,767,18100000,10500000,20500000,7700000,1,2.5128205128205128,56800000,0.34507042253521125
3,Not Graduate,No,5400000,15800000,18,760,12700000,2300000,16400000,7200000,1,2.925925925925926,38600000,0.40932642487046633
0,Not Graduate,No,500000,1900000,2,857,1100000,500000,1800000,300000,1,3.8,3700000,0.5135135135135135
1,Graduate,No,8600000,26700000,10,735,11800000,9100000,20700000,11200000,1,3.104651162790698,52800000,0.5056818181818182
3,Graduate,No,2500000,9300000,4,810,2700000,3300000,9400000,3700000,1,3.72,19100000,0.4869109947643979
4,Not Graduate,No,3000000,7200000,2,680,900000,3400000,9600000,1700000,1,2.4,15600000,0.46153846153846156
5,Not Graduate,Yes,7000000,26900000,4,889,1400000,4200000,22400000,7400000,1,3.842857142857143,35400000,0.7598870056497176
1,Not Graduate,Yes,400000,1500000,16,688,400000,300000,1200000,200000,1,3.75,2100000,0.7142857142857143
5,Not Graduate,No,5200000,13700000,16,531,8800000,4500000,15700000,2900000,0,2.6346153846153846,31900000,0.42946708463949845
3,Graduate,No,3300000,11100000,2,660,6500000,3700000,12300000,4500000,1,3.3636363636363638,27000000,0.4111111111111111
1,Not Graduate,Yes,2400000,8800000,18,414,3600000,2200000,7100000,2500000,0,3.6666666666666665,15400000,0.5714285714285714
4,Graduate,Yes,5800000,15800000,14,528,6300000,100000,21400000,8700000,0,2.7241379310344827,36500000,0.4328767123287671
4,Not Graduate,Yes,9400000,20000000,12,817,3600000,1600000,34400000,8000000,1,2.127659574468085,47600000,0.42016806722689076
2,Not Graduate,No,6100000,15300000,2,799,7100000,5500000,17800000,5300000,1,2.5081967213114753,35700000,0.42857142857142855
1,Graduate,Yes,7500000,21400000,20,655,13000000,10300000,28100000,8100000,1,2.8533333333333335,59500000,0.3596638655462185
2,Not Graduate,No,4100000,16200000,6,546,3500000,3100000,15100000,3700000,0,3.951219512195122,25400000,0.6377952755905512
3,Not Graduate,No,8500000,30800000,14,745,11000000,8200000,19400000,7200000,1,3.623529411764706,45800000,0.6724890829694323
0,Graduate,No,4300000,16900000,8,884,6500000,5400000,12000000,3700000,1,3.9302325581395348,27600000,0.6123188405797102
5,Not Graduate,No,9300000,22000000,4,822,20900000,10000000,24200000,12100000,1,2.3655913978494625,67200000,0.3273809523809524
4,Not Graduate,No,6000000,18700000,2,623,4300000,4000000,19100000,5700000,1,3.1166666666666667,33100000,0.5649546827794562
1,Not Graduate,Yes,5300000,18900000,16,361,300000,5000000,11900000,5500000,0,3.5660377358490565,22700000,0.8325991189427313
5,Not Graduate,Yes,7400000,16200000,2,778,17000000,2700000,19400000,9200000,1,2.189189189189189,48300000,0.33540372670807456
1,Not Graduate,Yes,1100000,3800000,8,779,600000,1800000,4000000,1600000,1,3.4545454545454546,8000000,0.475
1,Graduate,Yes,6600000,20700000,4,594,4800000,200000,26400000,8900000,1,3.1363636363636362,40300000,0.5136476426799007
3,Graduate,No,8200000,28300000,2,530,15000000,10500000,20200000,12100000,1,3.451219512195122,57800000,0.48961937716262977
3,Not Graduate,No,3300000,9300000,12,324,5300000,2600000,7500000,2000000,0,2.8181818181818183,17400000,0.5344827586206896
4,Graduate,Yes,2500000,9000000,10,394,6700000,2000000,7300000,3000000,0,3.6,19000000,0.47368421052631576
3,Graduate,Yes,3300000,10400000,12,816,7100000,6300000,11800000,4900000,1,3.1515151515151514,30100000,0.34551495016611294
5,Not Graduate,No,1000000,2300000,16,423,1700000,700000,2900000,1400000,0,2.3,6700000,0.34328358208955223
5,Graduate,Yes,6200000,12800000,2,539,5600000,9800000,22300000,4800000,0,2.064516129032258,42500000,0.30117647058823527
1,Graduate,No,7000000,21000000,20,554,16900000,6600000,14600000,5600000,1,3.0,43700000,0.4805491990846682
2,Graduate,Yes,7000000,19000000,6,523,5300000,9300000,25800000,9500000,0,2.7142857142857144,49900000,0.3807615230460922
1,Not Graduate,Yes,5300000,12000000,10,852,400000,10400000,18900000,5000000,1,2.2641509433962264,34700000,0.345821325648415
0,Not Graduate,Yes,1800000,3700000,2,505,3900000,2400000,4500000,1400000,0,2.0555555555555554,12200000,0.30327868852459017
0,Graduate,Yes,2300000,7900000,10,430,6600000,2800000,8100000,1900000,0,3.4347826086956523,19400000,0.4072164948453608
2,Graduate,No,4000000,9200000,16,784,3200000,600000,13000000,4900000,1,2.3,21700000,0.423963133640553
1,Not Graduate,No,8900000,24000000,6,380,16500000,7400000,27700000,7500000,0,2.696629213483146,59100000,0.40609137055837563
3,Graduate,No,8000000,18600000,20,565,1600000,8600000,22500000,9400000,1,2.325,42100000,0.4418052256532066
4,Graduate,Yes,7900000,26900000,14,446,17900000,7300000,16500000,8200000,0,3.4050632911392404,49900000,0.5390781563126252
5,Graduate,Yes,6700000,20200000,8,406,6900000,4900000,15300000,7100000,0,3.014925373134328,34200000,0.5906432748538012
4,Not Graduate,No,2400000,6000000,6,712,6800000,2200000,6000000,1200000,1,2.5,16200000,0.37037037037037035
4,Not Graduate,No,8600000,22600000,14,729,300000,16200000,20500000,11900000,1,2.627906976744186,48900000,0.4621676891615542
1,Not Graduate,Yes,5300000,14600000,20,508,11200000,2800000,17000000,4600000,0,2.7547169811320753,35600000,0.4101123595505618
0,Graduate,No,7400000,24900000,20,648,7100000,7900000,23300000,6200000,1,3.364864864864865,44500000,0.5595505617977528
0,Not Graduate,Yes,8700000,18700000,10,346,1200000,1800000,30700000,8200000,0,2.1494252873563218,41900000,0.44630071599045346
5,Graduate,No,8200000,18500000,4,394,9600000,5700000,27400000,11100000,0,2.2560975609756095,53800000,0.34386617100371747
0,Not Graduate,Yes,3700000,9700000,12,501,2600000,6600000,9200000,4600000,0,2.6216216216216215,23000000,0.4217391304347826
5,Not Graduate,Yes,9200000,36300000,2,655,3000000,1200000,32200000,8700000,1,3.9456521739130435,45100000,0.8048780487804879
4,Not Graduate,No,6100000,20900000,4,662,10200000,7000000,23300000,4100000,1,3.4262295081967213,44600000,0.46860986547085204
2,Graduate,Yes,8800000,30800000,20,820,700000,4800000,25900000,12700000,1,3.5,44100000,0.6984126984126984
5,Not Graduate,No,9200000,18900000,10,521,8300000,14500000,23400000,6900000,0,2.0543478260869565,53100000,0.3559322033898305
3,Graduate,No,7200000,27900000,12,473,21100000,8800000,27800000,8700000,0,3.875,66400000,0.42018072289156627
1,Graduate,No,600000,1200000,10,561,900000,300000,1400000,600000,1,2.0,3200000,0.375
5,Graduate,No,8000000,23100000,20,461,5900000,2400000,29300000,7200000,0,2.8875,44800000,0.515625
4,Graduate,Yes,6900000,13800000,16,715,2100000,6100000,20900000,8200000,1,2.0,37300000,0.3699731903485255
0,Not Graduate,Yes,4300000,15600000,18,440,6200000,1300000,10000000,4700000,0,3.627906976744186,22200000,0.7027027027027027
3,Not Graduate,Yes,8500000,24900000,18,749,9600000,1200000,31700000,10100000,1,2.929411764705882,52600000,0.47338403041825095
4,Not Graduate,No,8600000,17400000,2,787,11700000,10600000,18400000,10600000,1,2.0232558139534884,51300000,0.3391812865497076
3,Graduate,No,6300000,13900000,18,748,17700000,8800000,21700000,8600000,1,2.2063492063492065,56800000,0.24471830985915494
3,Not Graduate,Yes,5800000,13600000,12,321,1700000,3300000,22300000,3400000,0,2.3448275862068964,30700000,0.44299674267100975
3,Graduate,Yes,1000000,2300000,10,303,1000000,400000,2500000,1000000,0,2.3,4900000,0.46938775510204084
0,Not Graduate,Yes,1700000,5400000,8,682,2400000,1000000,3900000,2100000,1,3.176470588235294,9400000,0.574468085106383
2,Not Graduate,No,3200000,8600000,18,638,1000000,4900000,8600000,3500000,1,2.6875,18000000,0.4777777777777778
0,Graduate,Yes,7500000,16600000,14,440,17200000,14500000,24100000,10300000,0,2.2133333333333334,66100000,0.25113464447806355
1,Not Graduate,Yes,2000000,6600000,10,873,1400000,200000,6300000,2400000,1,3.3,10300000,0.6407766990291263
3,Not Graduate,No,9100000,19700000,20,437,6300000,13700000,23700000,12900000,0,2.1648351648351647,56600000,0.3480565371024735
4,Graduate,Yes,8400000,19700000,8,796,17900000,9200000,20200000,7700000,1,2.3452380952380953,55000000,0.35818181818181816
4,Graduate,No,7100000,27200000,16,824,2400000,8000000,22400000,3900000,1,3.8309859154929575,36700000,0.7411444141689373
2,Not Graduate,No,200000,800000,6,338,100000,0,400000,100000,0,4.0,600000,1.3333333333333333
0,Not Graduate,Yes,5000000,14900000,12,575,12800000,1500000,12300000,6600000,1,2.98,33200000,0.44879518072289154
0,Not Graduate,Yes,4500000,16900000,8,773,6300000,6800000,14000000,6000000,1,3.7555555555555555,33100000,0.5105740181268882
2,Not Graduate,Yes,5100000,19700000,2,733,0,4500000,12900000,6200000,1,3.8627450980392157,23600000,0.8347457627118644
3,Graduate,Yes,4100000,10600000,14,475,5400000,4300000,13900000,4500000,0,2.5853658536585367,28100000,0.37722419928825623
1,Not Graduate,No,7200000,15000000,10,677,10600000,3900000,24500000,4100000,1,2.0833333333333335,43100000,0.3480278422273782
3,Not Graduate,No,7800000,17700000,6,403,12600000,3700000,24700000,10000000,0,2.269230769230769,51000000,0.34705882352941175
3,Graduate,Yes,7500000,25300000,12,767,13200000,10800000,19400000,9600000,1,3.3733333333333335,53000000,0.47735849056603774
3,Graduate,Yes,6400000,21000000,2,813,3900000,10900000,20500000,4400000,1,3.28125,39700000,0.5289672544080605
4,Graduate,No,7000000,25700000,20,597,19900000,13500000,27500000,10100000,1,3.6714285714285713,71000000,0.3619718309859155
4,Not Graduate,Yes,9000000,31100000,8,896,7100000,4400000,23400000,13100000,1,3.4555555555555557,48000000,0.6479166666666667
2,Not Graduate,Yes,4400000,13900000,6,810,13200000,4200000,15000000,5200000,1,3.159090909090909,37600000,0.3696808510638298
2,Not Graduate,No,900000,2000000,14,337,1700000,0,2100000,600000,0,2.2222222222222223,4400000,0.45454545454545453
1,Graduate,No,9800000,26900000,18,792,15900000,14100000,25200000,11900000,1,2.7448979591836733,67100000,0.4008941877794337
4,Not Graduate,No,600000,1600000,6,784,300000,100000,1900000,500000,1,2.6666666666666665,2800000,0.5714285714285714
5,Graduate,Yes,9700000,30100000,12,434,19600000,17900000,21000000,6900000,0,3.1030927835051547,65400000,0.4602446483180428
2,Graduate,Yes,8400000,32600000,10,384,13900000,1600000,21600000,7000000,0,3.880952380952381,44100000,0.7392290249433107
1,Graduate,No,8300000,24900000,10,642,11500000,15400000,21600000,5800000,1,3.0,54300000,0.4585635359116022
4,Graduate,No,7900000,29900000,8,314,22000000,4600000,26000000,8100000,0,3.7848101265822787,60700000,0.4925864909390445
1,Not Graduate,No,8600000,25900000,2,606,3700000,14900000,32700000,12200000,1,3.011627906976744,63500000,0.4078740157480315
5,Not Graduate,Yes,6700000,17600000,14,843,12700000,200000,19500000,5600000,1,2.626865671641791,38000000,0.4631578947368421
0,Graduate,No,2700000,7400000,10,778,6800000,800000,5600000,2800000,1,2.740740740740741,16000000,0.4625
0,Not Graduate,No,6600000,25600000,8,718,12600000,12200000,21700000,9000000,1,3.878787878787879,55500000,0.46126126126126127
1,Graduate,Yes,7100000,20800000,20,437,9600000,7300000,24700000,8800000,0,2.9295774647887325,50400000,0.4126984126984127
5,Graduate,Yes,300000,700000,10,586,0,400000,1000000,100000,1,2.3333333333333335,1500000,0.4666666666666667
2,Graduate,No,2200000,7000000,6,777,6100000,400000,4400000,3300000,1,3.1818181818181817,14200000,0.49295774647887325
1,Graduate,Yes,8700000,31700000,12,525,7800000,10200000,30300000,6100000,0,3.6436781609195403,54400000,0.5827205882352942
4,Graduate,No,7200000,23100000,12,632,4600000,8500000,19400000,4400000,1,3.2083333333333335,36900000,0.6260162601626016
0,Not Graduate,No,2000000,4800000,20,337,1300000,2200000,5500000,1700000,0,2.4,10700000,0.4485981308411215
4,Graduate,Yes,8600000,27900000,8,458,22400000,1800000,34000000,11700000,0,3.244186046511628,69900000,0.39914163090128757
2,Graduate,Yes,2300000,5400000,8,364,4500000,500000,7000000,2000000,0,2.347826086956522,14000000,0.38571428571428573
2,Not Graduate,Yes,9600000,29800000,16,499,28500000,6300000,31800000,7400000,0,3.1041666666666665,74000000,0.4027027027027027
2,Graduate,Yes,1900000,6500000,16,887,2000000,1200000,4500000,1700000,1,3.4210526315789473,9400000,0.6914893617021277
1,Graduate,No,2100000,6300000,16,882,3900000,2200000,7700000,2900000,1,3.0,16700000,0.3772455089820359
1,Not Graduate,Yes,3900000,8700000,8,817,900000,2500000,10700000,2100000,1,2.230769230769231,16200000,0.5370370370370371
5,Not Graduate,Yes,200000,300000,10,704,500000,100000,800000,200000,1,1.5,1600000,0.1875
1,Not Graduate,Yes,1900000,4500000,12,742,1200000,2000000,4400000,1200000,1,2.3684210526315788,8800000,0.5113636363636364
0,Not Graduate,Yes,3200000,11600000,4,393,4700000,300000,8000000,3100000,1,3.625,16100000,0.7204968944099379
0,Not Graduate,No,1100000,4300000,18,828,700000,800000,2900000,900000,1,3.909090909090909,5300000,0.8113207547169812
5,Graduate,Yes,8000000,21500000,12,779,2600000,15100000,29800000,10400000,1,2.6875,57900000,0.37132987910189985
4,Graduate,Yes,6100000,21700000,6,860,13900000,900000,14100000,5600000,1,3.557377049180328,34500000,0.6289855072463768
5,Graduate,No,3200000,10600000,2,432,6500000,3700000,11200000,3700000,1,3.3125,25100000,0.42231075697211157
4,Graduate,Yes,9000000,30400000,20,532,21000000,7400000,30500000,13100000,0,3.3777777777777778,72000000,0.4222222222222222
0,Not Graduate,Yes,1200000,3200000,2,678,1500000,1000000,3400000,900000,1,2.6666666666666665,6800000,0.47058823529411764
3,Graduate,No,7900000,27000000,6,601,17700000,7800000,27600000,11500000,1,3.4177215189873418,64600000,0.4179566563467492
3,Graduate,Yes,7700000,23100000,8,807,2900000,9800000,20400000,7000000,1,3.0,40100000,0.5760598503740648
2,Not Graduate,No,4400000,16500000,16,879,7800000,7500000,10300000,5400000,1,3.75,31000000,0.532258064516129
1,Not Graduate,No,3100000,11200000,18,665,2000000,5400000,12000000,2500000,1,3.6129032258064515,21900000,0.5114155251141552
5,Not Graduate,Yes,2600000,9300000,16,697,5100000,1200000,7700000,3700000,1,3.576923076923077,17700000,0.5254237288135594
4,Graduate,No,5500000,21700000,14,867,5000000,8700000,15200000,3100000,1,3.9454545454545453,32000000,0.678125
1,Graduate,No,5700000,15500000,8,544,10500000,8700000,20900000,7000000,0,2.719298245614035,47100000,0.32908704883227174
5,Graduate,No,6100000,20700000,20,482,9400000,2000000,16900000,5900000,0,3.3934426229508197,34200000,0.6052631578947368
2,Graduate,No,8200000,22500000,18,857,13400000,14300000,28400000,8400000,1,2.7439024390243905,64500000,0.3488372093023256
1,Graduate,No,6000000,21200000,12,549,17900000,8200000,16900000,6200000,0,3.533333333333333,49200000,0.43089430894308944
1,Graduate,Yes,8000000,30600000,10,720,23700000,8500000,24900000,9700000,1,3.825,66800000,0.45808383233532934
4,Not Graduate,No,2000000,4800000,8,302,1500000,800000,4000000,2600000,0,2.4,8900000,0.5393258426966292
5,Graduate,Yes,1300000,2900000,12,669,400000,1700000,3900000,1800000,1,2.230769230769231,7800000,0.3717948717948718
1,Graduate,No,7000000,27100000,6,591,6700000,12200000,21500000,4900000,1,3.8714285714285714,45300000,0.5982339955849889
3,Graduate,No,4100000,15300000,6,440,7500000,5100000,8200000,2000000,0,3.731707317073171,22800000,0.6710526315789473
3,Graduate,No,8000000,26200000,16,890,15800000,4300000,25000000,4000000,1,3.275,49100000,0.5336048879837068
4,Not Graduate,No,8100000,28000000,8,663,8800000,11300000,26000000,5500000,1,3.45679012345679,51600000,0.5426356589147286
4,Graduate,Yes,9500000,22600000,14,433,10000000,900000,23100000,13400000,0,2.3789473684210525,47400000,0.4767932489451477
0,Graduate,No,9200000,22500000,10,317,14200000,17400000,28500000,10700000,0,2.4456521739130435,70800000,0.3177966101694915
2,Graduate,No,3900000,14700000,16,360,2600000,200000,8300000,2900000,0,3.769230769230769,14000000,1.05
1,Graduate,No,9100000,26200000,8,727,20800000,7100000,27800000,8900000,1,2.879120879120879,64600000,0.4055727554179567
3,Graduate,Yes,3000000,8300000,4,685,2900000,5400000,11300000,3800000,1,2.7666666666666666,23400000,0.3547008547008547
4,Graduate,No,2000000,4300000,8,373,2000000,2700000,7700000,2200000,0,2.15,14600000,0.2945205479452055
5,Graduate,No,6300000,14600000,8,469,13300000,10100000,24500000,3800000,0,2.3174603174603177,51700000,0.28239845261121854
3,Not Graduate,Yes,4100000,10900000,8,548,8800000,5200000,13200000,4300000,0,2.658536585365854,31500000,0.346031746031746
0,Not Graduate,No,9800000,29400000,20,618,1200000,14600000,33800000,8300000,1,3.0,57900000,0.5077720207253886
2,Graduate,No,5200000,15400000,8,658,1200000,7500000,12800000,3200000,1,2.9615384615384617,24700000,0.6234817813765182
3,Graduate,No,7600000,28700000,18,781,21300000,12400000,29600000,8000000,1,3.776315789473684,71300000,0.40252454417952316
3,Not Graduate,No,9200000,35500000,2,715,11100000,11800000,19800000,11700000,1,3.858695652173913,54400000,0.6525735294117647
5,Not Graduate,No,2200000,8100000,4,409,300000,0,4900000,2400000,0,3.6818181818181817,7600000,1.0657894736842106
2,Not Graduate,Yes,8300000,20600000,10,504,100000,900000,33200000,6700000,0,2.4819277108433737,40900000,0.5036674816625917
3,Graduate,Yes,6100000,21600000,16,428,2900000,6100000,15100000,7200000,0,3.540983606557377,31300000,0.6900958466453674
2,Graduate,No,4500000,16600000,20,704,6400000,4200000,16900000,2400000,1,3.688888888888889,29900000,0.5551839464882943
3,Not Graduate,No,6600000,18800000,12,834,18800000,9300000,13700000,4800000,1,2.8484848484848486,46600000,0.4034334763948498
4,Not Graduate,No,8900000,34900000,14,694,15400000,2800000,20600000,9100000,1,3.9213483146067416,47900000,0.7286012526096033
4,Graduate,Yes,3900000,13300000,20,453,9800000,500000,12300000,4700000,0,3.41025641025641,27300000,0.48717948717948717
3,Graduate,Yes,8900000,35400000,14,404,22300000,7700000,26400000,5900000,0,3.9775280898876404,62300000,0.5682182985553772
5,Not Graduate,No,6400000,22300000,12,776,500000,9100000,24100000,5800000,1,3.484375,39500000,0.5645569620253165
1,Not Graduate,Yes,9500000,28700000,16,526,24600000,4900000,31800000,6600000,0,3.0210526315789474,67900000,0.422680412371134
3,Graduate,Yes,300000,1000000,8,641,700000,200000,1100000,200000,1,3.3333333333333335,2200000,0.45454545454545453
5,Not Graduate,No,4100000,12300000,6,582,10900000,6100000,14100000,3500000,1,3.0,34600000,0.3554913294797688
2,Graduate,No,8100000,20800000,18,778,4100000,15500000,16700000,10600000,1,2.567901234567901,46900000,0.44349680170575695
4,Graduate,No,9900000,28400000,10,763,23700000,12700000,35800000,5800000,1,2.8686868686868685,78000000,0.3641025641025641
0,Not Graduate,No,4800000,19000000,12,650,7000000,1000000,15600000,4800000,1,3.9583333333333335,28400000,0.6690140845070423
0,Graduate,Yes,2900000,9700000,2,820,6700000,1600000,9100000,3900000,1,3.3448275862068964,21300000,0.45539906103286387
1,Not Graduate,Yes,3500000,13500000,12,824,8400000,3900000,11600000,4100000,1,3.857142857142857,28000000,0.48214285714285715
1,Not Graduate,Yes,4900000,12600000,4,718,11800000,7300000,11800000,3800000,1,2.5714285714285716,34700000,0.3631123919308357
2,Not Graduate,Yes,5100000,13300000,14,313,5900000,7900000,18000000,3900000,0,2.607843137254902,35700000,0.37254901960784315
5,Graduate,No,7300000,26200000,10,751,1400000,12200000,26700000,10400000,1,3.589041095890411,50700000,0.5167652859960552
0,Graduate,Yes,200000,300000,18,520,100000,300000,600000,100000,0,1.5,1100000,0.2727272727272727
2,Graduate,No,1400000,4700000,4,355,2100000,600000,4400000,1400000,1,3.357142857142857,8500000,0.5529411764705883
3,Graduate,Yes,8700000,33600000,14,314,7700000,10000000,21700000,6200000,0,3.8620689655172415,45600000,0.7368421052631579
1,Not Graduate,Yes,2800000,5900000,20,728,1000000,3200000,10300000,1400000,1,2.107142857142857,15900000,0.3710691823899371
3,Graduate,Yes,9100000,30100000,14,564,26600000,7300000,22700000,8200000,1,3.3076923076923075,64800000,0.4645061728395062
0,Not Graduate,Yes,6800000,15300000,14,699,19900000,2600000,13900000,8300000,1,2.25,44700000,0.3422818791946309
0,Not Graduate,Yes,5000000,17000000,6,624,6700000,6200000,15400000,5900000,1,3.4,34200000,0.49707602339181284
0,Graduate,Yes,4400000,16800000,14,795,8700000,8700000,12600000,3400000,1,3.8181818181818183,33400000,0.5029940119760479
5,Not Graduate,Yes,8400000,18600000,20,703,2500000,7100000,28800000,9500000,1,2.2142857142857144,47900000,0.3883089770354906
4,Graduate,No,7800000,17300000,4,394,3600000,13100000,24300000,7200000,0,2.217948717948718,48200000,0.35892116182572614
4,Graduate,Yes,4800000,9900000,14,779,5200000,9300000,18600000,2900000,1,2.0625,36000000,0.275
1,Graduate,No,3200000,8800000,4,405,1000000,2600000,10700000,3400000,0,2.75,17700000,0.4971751412429379
5,Graduate,Yes,2300000,6700000,16,612,6700000,3300000,8800000,2000000,1,2.9130434782608696,20800000,0.32211538461538464
5,Not Graduate,Yes,9200000,28100000,10,448,22300000,3300000,33200000,10700000,0,3.0543478260869565,69500000,0.40431654676258993
2,Not Graduate,Yes,4700000,13700000,6,506,1300000,7900000,16700000,3500000,0,2.9148936170212765,29400000,0.46598639455782315
0,Not Graduate,Yes,8000000,30400000,2,776,16600000,1400000,29100000,7800000,1,3.8,54900000,0.5537340619307832
1,Graduate,Yes,2600000,8600000,6,730,800000,2900000,6000000,3100000,1,3.3076923076923075,12800000,0.671875
3,Not Graduate,No,200000,800000,20,730,0,300000,400000,300000,1,4.0,1000000,0.8
5,Graduate,No,7300000,17200000,2,345,6100000,8400000,23200000,4900000,0,2.356164383561644,42600000,0.40375586854460094
4,Not Graduate,No,3300000,11800000,2,847,7800000,2400000,12100000,3000000,1,3.5757575757575757,25300000,0.466403162055336
4,Not Graduate,No,8300000,23300000,20,398,18500000,11500000,17100000,9900000,0,2.8072289156626504,57000000,0.4087719298245614
5,Not Graduate,Yes,4100000,9600000,2,307,8800000,7800000,8500000,3100000,0,2.341463414634146,28200000,0.3404255319148936
1,Not Graduate,No,7300000,23700000,16,852,9400000,6800000,22600000,8500000,1,3.2465753424657535,47300000,0.5010570824524313
1,Not Graduate,No,9300000,27500000,6,364,12200000,13800000,25300000,10800000,0,2.956989247311828,62100000,0.4428341384863124
2,Graduate,Yes,4300000,15200000,12,552,3400000,2100000,12700000,4800000,1,3.5348837209302326,23000000,0.6608695652173913
3,Not Graduate,No,2600000,8100000,2,421,4200000,3100000,6200000,2500000,1,3.1153846153846154,16000000,0.50625
5,Graduate,No,2900000,9800000,12,588,5900000,2300000,6800000,2900000,1,3.3793103448275863,17900000,0.547486033519553
2,Graduate,Yes,900000,3500000,6,763,2300000,300000,2000000,600000,1,3.888888888888889,5200000,0.6730769230769231
3,Not Graduate,Yes,4900000,17500000,20,823,12600000,8700000,14300000,4800000,1,3.5714285714285716,40400000,0.43316831683168316
0,Graduate,No,7700000,24800000,10,642,16800000,10700000,27400000,4500000,1,3.220779220779221,59400000,0.4175084175084175
1,Graduate,No,4700000,16800000,12,647,10400000,8300000,10600000,3400000,1,3.574468085106383,32700000,0.5137614678899083
5,Not Graduate,No,3000000,8900000,20,886,2600000,1000000,10600000,2800000,1,2.966666666666667,17000000,0.5235294117647059
4,Not Graduate,No,9700000,26200000,4,518,26200000,0,22500000,14000000,0,2.7010309278350517,62700000,0.4178628389154705
0,Graduate,Yes,6900000,26800000,20,515,10800000,2500000,16700000,8300000,0,3.8840579710144927,38300000,0.6997389033942559
2,Not Graduate,Yes,3800000,12400000,8,340,1800000,2600000,9700000,2600000,0,3.263157894736842,16700000,0.7425149700598802
3,Not Graduate,Yes,600000,1700000,14,521,0,1000000,1700000,600000,0,2.8333333333333335,3300000,0.5151515151515151
2,Not Graduate,Yes,1200000,2900000,12,330,400000,1600000,3800000,600000,0,2.4166666666666665,6400000,0.453125
4,Not Graduate,Yes,7800000,26800000,2,474,8900000,11200000,18400000,5600000,1,3.4358974358974357,44100000,0.6077097505668935
0,Not Graduate,No,9000000,35100000,6,898,500000,16200000,20700000,9100000,1,3.9,46500000,0.7548387096774194
1,Not Graduate,No,2800000,9100000,12,436,3600000,500000,7800000,3600000,0,3.25,15500000,0.5870967741935483
1,Not Graduate,No,7800000,21300000,10,326,22800000,10700000,18500000,4500000,0,2.730769230769231,56500000,0.3769911504424779
4,Graduate,Yes,4700000,9500000,18,876,11800000,6600000,18000000,4100000,1,2.021276595744681,40500000,0.2345679012345679
2,Graduate,No,4600000,17500000,20,597,11400000,6100000,14100000,4100000,1,3.8043478260869565,35700000,0.49019607843137253
4,Graduate,No,5100000,16100000,14,436,11400000,2700000,13100000,6700000,0,3.156862745098039,33900000,0.4749262536873156
3,Not Graduate,Yes,6100000,22800000,18,640,16800000,7300000,19600000,6000000,1,3.737704918032787,49700000,0.45875251509054327
0,Not Graduate,No,6000000,22900000,16,302,12200000,6500000,17700000,7100000,0,3.816666666666667,43500000,0.5264367816091954
2,Not Graduate,No,8400000,23200000,16,476,15200000,5400000,18700000,8600000,0,2.761904761904762,47900000,0.48434237995824636
2,Graduate,No,9300000,22000000,14,393,4300000,3800000,28400000,13900000,0,2.3655913978494625,50400000,0.4365079365079365
0,Graduate,No,4200000,10300000,10,506,9300000,4500000,12400000,6000000,0,2.4523809523809526,32200000,0.3198757763975155
3,Graduate,No,9600000,37800000,10,418,6700000,5500000,34900000,11300000,0,3.9375,58400000,0.6472602739726028
3,Graduate,No,5600000,13400000,6,865,14900000,9700000,12300000,6000000,1,2.392857142857143,42900000,0.3123543123543124
4,Graduate,No,7800000,28600000,2,703,500000,12400000,29500000,10500000,1,3.6666666666666665,52900000,0.5406427221172023
2,Graduate,Yes,4500000,12600000,2,568,6900000,3900000,17800000,2900000,1,2.8,31500000,0.4
3,Graduate,No,2400000,5900000,2,425,1100000,500000,7400000,2500000,0,2.4583333333333335,11500000,0.5130434782608696
0,Not Graduate,No,3900000,11300000,12,305,5000000,5900000,8800000,2100000,0,2.8974358974358974,21800000,0.518348623853211
5,Graduate,Yes,9600000,20600000,6,456,17300000,11000000,21700000,11600000,0,2.1458333333333335,61600000,0.3344155844155844
4,Not Graduate,No,900000,2600000,2,602,600000,800000,3200000,1000000,1,2.888888888888889,5600000,0.4642857142857143
3,Graduate,Yes,1100000,3800000,20,814,1400000,1500000,3200000,1100000,1,3.4545454545454546,7200000,0.5277777777777778
4,Not Graduate,No,6400000,24900000,2,640,10000000,5700000,18700000,6300000,1,3.890625,40700000,0.6117936117936118
2,Graduate,No,4600000,15000000,4,817,7200000,2400000,13000000,6600000,1,3.260869565217391,29200000,0.5136986301369864
4,Graduate,No,7600000,29800000,20,361,13800000,5800000,15300000,5900000,0,3.9210526315789473,40800000,0.7303921568627451
5,Not Graduate,No,6800000,20100000,14,839,1900000,600000,15600000,7500000,1,2.9558823529411766,25600000,0.78515625
5,Graduate,No,7100000,27000000,20,592,5100000,9600000,20200000,7600000,1,3.8028169014084505,42500000,0.6352941176470588
4,Not Graduate,Yes,6700000,24700000,6,498,12900000,700000,18800000,8400000,0,3.6865671641791047,40800000,0.6053921568627451
5,Not Graduate,Yes,5800000,12400000,6,847,5100000,9000000,14100000,7600000,1,2.1379310344827585,35800000,0.3463687150837989
0,Graduate,Yes,8600000,29400000,16,643,1000000,14100000,33000000,12300000,1,3.4186046511627906,60400000,0.4867549668874172
0,Graduate,Yes,3500000,10600000,4,389,8300000,4800000,9100000,2500000,1,3.0285714285714285,24700000,0.4291497975708502
2,Graduate,Yes,4800000,17500000,20,381,400000,6900000,13400000,7000000,0,3.6458333333333335,27700000,0.631768953068592
5,Graduate,Yes,6100000,14400000,16,400,9200000,2800000,23800000,5600000,0,2.360655737704918,41400000,0.34782608695652173
5,Graduate,Yes,5200000,12700000,16,718,11700000,100000,18100000,7200000,1,2.4423076923076925,37100000,0.3423180592991914
5,Not Graduate,Yes,4100000,12400000,8,309,8200000,1000000,13000000,3300000,0,3.024390243902439,25500000,0.48627450980392156
5,Not Graduate,No,3200000,7400000,2,838,2200000,2900000,10200000,3600000,1,2.3125,18900000,0.3915343915343915
3,Not Graduate,Yes,7500000,21600000,14,678,8800000,12100000,20100000,11200000,1,2.88,52200000,0.41379310344827586
2,Not Graduate,Yes,1500000,4500000,14,826,3200000,1700000,4600000,1600000,1,3.0,11100000,0.40540540540540543
4,Graduate,Yes,1200000,3100000,16,348,1200000,2200000,3500000,1700000,0,2.5833333333333335,8600000,0.36046511627906974
1,Graduate,Yes,8400000,19700000,6,476,24700000,16500000,31800000,12100000,0,2.3452380952380953,85100000,0.23149236192714454
0,Not Graduate,Yes,7900000,26300000,8,666,4600000,9200000,18400000,11800000,1,3.329113924050633,44000000,0.5977272727272728
1,Graduate,Yes,2100000,4300000,20,896,100000,2300000,7500000,2300000,1,2.0476190476190474,12200000,0.3524590163934426
2,Graduate,No,2500000,7000000,20,547,800000,1200000,5200000,2300000,0,2.8,9500000,0.7368421052631579
2,Not Graduate,Yes,3700000,13900000,2,405,5900000,3200000,9100000,5500000,1,3.7567567567567566,23700000,0.5864978902953587
5,Graduate,No,1100000,4000000,16,498,400000,100000,2300000,700000,0,3.6363636363636362,3500000,1.1428571428571428
5,Graduate,No,6500000,24800000,8,779,7000000,9600000,15700000,8800000,1,3.8153846153846156,41100000,0.6034063260340633
0,Not Graduate,Yes,8200000,31500000,8,403,11500000,8800000,19000000,6100000,0,3.841463414634146,45400000,0.6938325991189427
2,Not Graduate,No,5000000,12400000,8,709,11300000,6800000,13300000,4200000,1,2.48,35600000,0.34831460674157305
1,Not Graduate,No,1500000,6000000,6,507,2600000,2700000,4800000,1900000,0,4.0,12000000,0.5
5,Not Graduate,No,3700000,9100000,18,368,3400000,2400000,8400000,3300000,0,2.4594594594594597,17500000,0.52
3,Graduate,Yes,4100000,14600000,16,760,4700000,6600000,14900000,3000000,1,3.5609756097560976,29200000,0.5
2,Not Graduate,No,7200000,16800000,6,796,6600000,6100000,14400000,9800000,1,2.3333333333333335,36900000,0.45528455284552843
1,Graduate,No,2000000,5000000,6,876,500000,2900000,5800000,1500000,1,2.5,10700000,0.4672897196261682
3,Not Graduate,No,2000000,4700000,14,673,800000,3400000,5900000,1500000,1,2.35,11600000,0.4051724137931034
1,Graduate,Yes,5100000,11500000,4,747,5000000,8900000,14100000,7000000,1,2.2549019607843137,35000000,0.32857142857142857
1,Not Graduate,No,6000000,13600000,12,589,9000000,300000,12600000,7100000,1,2.2666666666666666,29000000,0.4689655172413793
1,Graduate,No,4900000,18100000,8,382,13600000,400000,15500000,2400000,0,3.693877551020408,31900000,0.567398119122257
3,Not Graduate,Yes,900000,2300000,12,900,1300000,0,3300000,1100000,1,2.5555555555555554,5700000,0.40350877192982454
1,Graduate,Yes,7500000,25000000,18,628,3500000,2200000,21700000,4700000,1,3.3333333333333335,32100000,0.778816199376947
2,Graduate,No,6400000,25000000,12,667,13500000,5500000,25500000,5400000,1,3.90625,49900000,0.501002004008016
2,Graduate,Yes,8700000,26400000,2,778,8500000,2400000,28800000,10300000,1,3.0344827586206895,50000000,0.528
4,Graduate,Yes,7300000,17200000,18,831,18500000,4300000,23000000,5200000,1,2.356164383561644,51000000,0.33725490196078434
5,Graduate,No,7400000,27100000,4,320,19800000,14600000,25200000,9400000,1,3.6621621621621623,69000000,0.3927536231884058
2,Graduate,No,2700000,9300000,16,656,7700000,2500000,6400000,3600000,1,3.4444444444444446,20200000,0.4603960396039604
3,Graduate,No,3400000,8900000,6,896,4200000,4800000,10200000,4200000,1,2.6176470588235294,23400000,0.3803418803418803
3,Not Graduate,Yes,2100000,7400000,4,320,3300000,2700000,6300000,2200000,1,3.5238095238095237,14500000,0.5103448275862069
2,Not Graduate,No,3100000,10500000,10,751,5500000,5900000,9000000,1600000,1,3.3870967741935485,22000000,0.4772727272727273
5,Not Graduate,No,4700000,17400000,2,523,10600000,7000000,10900000,5200000,1,3.702127659574468,33700000,0.516320474777448
5,Graduate,No,3100000,10500000,6,584,7700000,2100000,10900000,2900000,1,3.3870967741935485,23600000,0.4449152542372881
2,Not Graduate,No,5700000,20400000,2,630,3000000,3100000,22600000,2900000,1,3.5789473684210527,31600000,0.6455696202531646
3,Graduate,Yes,2300000,8000000,14,472,4400000,3300000,7700000,1800000,0,3.4782608695652173,17200000,0.46511627906976744
0,Not Graduate,Yes,6600000,18500000,16,802,14600000,1100000,21800000,9700000,1,2.803030303030303,47200000,0.3919491525423729
2,Graduate,Yes,2700000,6400000,18,547,5000000,1700000,9200000,1700000,0,2.3703703703703702,17600000,0.36363636363636365
1,Not Graduate,Yes,800000,2800000,16,726,2000000,1300000,3100000,1200000,1,3.5,7600000,0.3684210526315789
1,Graduate,No,6600000,18500000,8,712,2300000,3200000,24400000,7600000,1,2.803030303030303,37500000,0.49333333333333335
3,Graduate,No,3900000,10700000,6,790,10600000,1900000,12500000,2700000,1,2.7435897435897436,27700000,0.3862815884476534
5,Not Graduate,No,200000,600000,16,396,0,0,500000,200000,0,3.0,700000,0.8571428571428571
3,Graduate,No,2000000,4200000,6,831,1300000,1700000,6900000,1200000,1,2.1,11100000,0.3783783783783784
2,Graduate,Yes,9100000,20900000,20,632,4200000,400000,30000000,13200000,1,2.2967032967032965,47800000,0.4372384937238494
3,Graduate,No,4700000,10800000,8,527,13300000,3100000,13600000,4800000,0,2.297872340425532,34800000,0.3103448275862069
3,Not Graduate,Yes,3200000,11100000,6,708,8900000,5700000,8100000,1500000,1,3.46875,24200000,0.45867768595041325
2,Not Graduate,No,1700000,4200000,14,829,200000,1600000,4600000,1600000,1,2.4705882352941178,8000000,0.525
1,Not Graduate,No,2600000,8100000,12,854,4500000,5100000,6300000,2500000,1,3.1153846153846154,18400000,0.44021739130434784
3,Not Graduate,Yes,2700000,6700000,14,899,2400000,4200000,6000000,2000000,1,2.4814814814814814,14600000,0.4589041095890411
0,Not Graduate,Yes,3600000,13400000,6,589,3600000,0,11200000,4000000,1,3.7222222222222223,18800000,0.7127659574468085
4,Graduate,Yes,7200000,26000000,6,571,4700000,0,22600000,4200000,1,3.611111111111111,31500000,0.8253968253968254
2,Not Graduate,Yes,2500000,6400000,6,708,6900000,200000,9900000,3500000,1,2.56,20500000,0.3121951219512195
2,Not Graduate,No,5500000,19600000,16,328,2400000,4800000,10900000,3700000,0,3.5636363636363635,21800000,0.8990825688073395
3,Graduate,Yes,9200000,33500000,8,564,20800000,15200000,29800000,11400000,1,3.641304347826087,77200000,0.4339378238341969
3,Not Graduate,No,9000000,19000000,8,693,18300000,4500000,29600000,7200000,1,2.111111111111111,59600000,0.3187919463087248
4,Not Graduate,Yes,5900000,15000000,14,626,16400000,4600000,17600000,8200000,1,2.542372881355932,46800000,0.32051282051282054
4,Graduate,No,5600000,15600000,12,470,9900000,10700000,14600000,7000000,0,2.7857142857142856,42200000,0.3696682464454976
2,Not Graduate,Yes,3200000,12500000,8,849,400000,5300000,10400000,4400000,1,3.90625,20500000,0.6097560975609756
5,Not Graduate,No,9100000,27800000,16,547,21900000,7000000,31900000,9400000,0,3.0549450549450547,70200000,0.396011396011396
0,Not Graduate,Yes,4600000,15100000,2,417,5600000,3900000,11800000,6600000,1,3.282608695652174,27900000,0.5412186379928315
4,Graduate,No,7300000,14900000,2,358,13600000,12300000,20400000,7300000,0,2.041095890410959,53600000,0.27798507462686567
5,Not Graduate,Yes,1300000,3100000,16,826,200000,1700000,5100000,1400000,1,2.3846153846153846,8400000,0.36904761904761907
0,Not Graduate,No,1800000,4200000,6,836,1300000,1900000,6800000,2000000,1,2.3333333333333335,12000000,0.35
3,Graduate,No,500000,1700000,10,509,400000,300000,1400000,300000,0,3.4,2400000,0.7083333333333334
2,Not Graduate,Yes,5700000,20500000,20,581,15200000,7800000,11400000,8500000,1,3.5964912280701755,42900000,0.47785547785547783
4,Graduate,No,300000,1100000,4,359,100000,0,1000000,200000,1,3.6666666666666665,1300000,0.8461538461538461
5,Graduate,Yes,2100000,7100000,10,517,1200000,2900000,5400000,1400000,0,3.380952380952381,10900000,0.6513761467889908
1,Not Graduate,Yes,5700000,20100000,14,442,11700000,7300000,17900000,6500000,0,3.526315789473684,43400000,0.4631336405529954
1,Not Graduate,Yes,1100000,2700000,16,346,1900000,300000,2200000,800000,0,2.4545454545454546,5200000,0.5192307692307693
5,Graduate,No,9300000,34000000,6,742,4200000,600000,32800000,8200000,1,3.6559139784946235,45800000,0.74235807860262
1,Graduate,Yes,3500000,8100000,10,626,7100000,5500000,7200000,2900000,1,2.3142857142857145,22700000,0.3568281938325991
0,Not Graduate,Yes,8200000,28800000,4,619,9000000,1100000,23000000,6300000,1,3.5121951219512195,39400000,0.7309644670050761
2,Not Graduate,Yes,7500000,17900000,20,734,9100000,5500000,23000000,4900000,1,2.3866666666666667,42500000,0.4211764705882353
1,Graduate,Yes,7000000,25600000,6,420,15100000,11500000,15300000,8700000,0,3.657142857142857,50600000,0.5059288537549407
5,Not Graduate,Yes,3900000,8300000,18,600,3900000,600000,10400000,5600000,1,2.128205128205128,20500000,0.40487804878048783
3,Graduate,Yes,4700000,13200000,12,440,4000000,3300000,16600000,4300000,0,2.8085106382978724,28200000,0.46808510638297873
5,Not Graduate,Yes,1700000,5200000,16,820,1700000,1200000,4000000,1000000,1,3.0588235294117645,7900000,0.6582278481012658
0,Graduate,No,2500000,7800000,8,437,5800000,0,5800000,3300000,0,3.12,14900000,0.5234899328859061
1,Not Graduate,Yes,400000,1400000,12,468,700000,0,1500000,400000,0,3.5,2600000,0.5384615384615384
0,Not Graduate,Yes,2400000,9100000,8,368,2200000,200000,5600000,3300000,0,3.7916666666666665,11300000,0.8053097345132744
4,Graduate,No,5700000,21900000,2,871,3200000,1700000,14400000,6100000,1,3.8421052631578947,25400000,0.8622047244094488
1,Graduate,No,9800000,37900000,4,816,21800000,12200000,26100000,8500000,1,3.86734693877551,68600000,0.5524781341107872
5,Graduate,No,9000000,32800000,4,773,10600000,4100000,18900000,11500000,1,3.6444444444444444,45100000,0.7272727272727273
3,Not Graduate,No,800000,3000000,14,576,1200000,1300000,2600000,400000,1,3.75,5500000,0.5454545454545454
1,Graduate,No,1600000,4500000,14,673,1900000,2700000,3700000,1300000,1,2.8125,9600000,0.46875
0,Graduate,Yes,9800000,34100000,20,760,21500000,9400000,33400000,13600000,1,3.479591836734694,77900000,0.43774069319640563
5,Not Graduate,Yes,2900000,7500000,12,678,3400000,3000000,10900000,3700000,1,2.586206896551724,21000000,0.35714285714285715
4,Not Graduate,Yes,3900000,12000000,14,893,6000000,4700000,12900000,5200000,1,3.076923076923077,28800000,0.4166666666666667
0,Graduate,Yes,3300000,9000000,18,754,6100000,3900000,6900000,4700000,1,2.727272727272727,21600000,0.4166666666666667
3,Graduate,Yes,700000,2200000,8,617,1600000,400000,2400000,900000,1,3.142857142857143,5300000,0.41509433962264153
3,Not Graduate,Yes,8400000,29500000,20,661,14600000,3400000,28900000,10900000,1,3.511904761904762,57800000,0.5103806228373703
1,Graduate,Yes,4000000,12100000,12,356,10500000,2500000,15600000,5000000,0,3.025,33600000,0.3601190476190476
0,Not Graduate,Yes,1900000,6300000,16,811,1100000,100000,5100000,1900000,1,3.3157894736842106,8200000,0.7682926829268293
0,Not Graduate,No,3900000,14600000,2,730,9200000,4000000,14600000,5400000,1,3.7435897435897436,33200000,0.4397590361445783
5,Not Graduate,No,7400000,18000000,2,792,5300000,9400000,19900000,5300000,1,2.4324324324324325,39900000,0.45112781954887216
5,Not Graduate,Yes,5900000,16000000,6,798,15900000,5000000,12300000,3100000,1,2.711864406779661,36300000,0.44077134986225897
2,Not Graduate,No,1400000,2900000,12,490,600000,1600000,5500000,1300000,0,2.0714285714285716,9000000,0.32222222222222224
2,Graduate,Yes,1800000,5500000,6,448,2900000,300000,5600000,1300000,0,3.0555555555555554,10100000,0.5445544554455446
0,Graduate,Yes,1000000,3100000,6,525,1900000,1700000,2800000,1400000,0,3.1,7800000,0.3974358974358974
1,Graduate,No,7400000,19200000,20,415,2200000,4800000,29200000,7000000,0,2.5945945945945947,43200000,0.4444444444444444
5,Graduate,No,2700000,10600000,16,496,800000,2900000,9700000,2400000,0,3.925925925925926,15800000,0.6708860759493671
1,Not Graduate,Yes,3600000,13100000,8,543,2900000,100000,9900000,2700000,0,3.638888888888889,15600000,0.8397435897435898
5,Graduate,No,7000000,18400000,12,520,4700000,11900000,17000000,3800000,0,2.6285714285714286,37400000,0.4919786096256685
4,Not Graduate,Yes,5000000,18000000,14,307,5300000,5600000,12800000,3300000,0,3.6,27000000,0.6666666666666666
2,Graduate,No,1800000,5700000,14,502,1400000,1100000,4400000,1300000,0,3.1666666666666665,8200000,0.6951219512195121
2,Graduate,Yes,4700000,12000000,6,505,3400000,3800000,18000000,2300000,0,2.5531914893617023,27500000,0.43636363636363634
2,Not Graduate,Yes,6700000,23100000,4,304,14400000,7100000,24300000,10000000,1,3.4477611940298507,55800000,0.41397849462365593
5,Not Graduate,No,5800000,17500000,10,719,5800000,1900000,12400000,3100000,1,3.0172413793103448,23200000,0.7543103448275862
0,Graduate,Yes,5900000,22700000,18,855,13400000,6300000,14500000,4000000,1,3.847457627118644,38200000,0.5942408376963351
4,Not Graduate,No,6000000,15800000,18,593,6800000,4800000,13200000,6400000,1,2.6333333333333333,31200000,0.5064102564102564
1,Not Graduate,Yes,700000,1400000,10,523,700000,1100000,1600000,900000,0,2.0,4300000,0.32558139534883723
0,Not Graduate,Yes,3700000,13100000,14,385,10600000,6800000,9200000,4900000,0,3.5405405405405403,31500000,0.4158730158730159
0,Graduate,Yes,7100000,19300000,6,783,3900000,4800000,21800000,5000000,1,2.7183098591549295,35500000,0.543661971830986
5,Graduate,Yes,1100000,3900000,2,538,400000,1300000,4300000,1600000,1,3.5454545454545454,7600000,0.5131578947368421
3,Not Graduate,Yes,9500000,20100000,2,506,16800000,800000,32700000,11000000,0,2.1157894736842104,61300000,0.3278955954323002
4,Not Graduate,Yes,2200000,8600000,2,461,1400000,3000000,4700000,2100000,1,3.909090909090909,11200000,0.7678571428571429
4,Not Graduate,Yes,5500000,20000000,8,666,3800000,4700000,18000000,7900000,1,3.6363636363636362,34400000,0.5813953488372093
3,Not Graduate,Yes,4400000,16300000,20,561,5500000,8000000,12000000,4000000,1,3.7045454545454546,29500000,0.5525423728813559
5,Not Graduate,No,5000000,10800000,10,345,12300000,5000000,14100000,6300000,0,2.16,37700000,0.2864721485411141
4,Not Graduate,Yes,6100000,12500000,14,862,11300000,1500000,21900000,6800000,1,2.0491803278688523,41500000,0.30120481927710846
3,Not Graduate,No,8100000,22300000,10,686,20400000,8700000,19200000,6200000,1,2.753086419753086,54500000,0.4091743119266055
4,Graduate,Yes,7000000,19600000,8,708,17600000,2600000,24300000,4500000,1,2.8,49000000,0.4
4,Not Graduate,No,5600000,14800000,20,656,9600000,9200000,11600000,6500000,1,2.642857142857143,36900000,0.4010840108401084
4,Graduate,No,1800000,7000000,14,743,2600000,1000000,4500000,1500000,1,3.888888888888889,9600000,0.7291666666666666
2,Graduate,No,3600000,12100000,14,408,10100000,4200000,13000000,5400000,0,3.361111111111111,32700000,0.37003058103975534
5,Graduate,No,600000,1300000,14,408,1000000,300000,1600000,900000,0,2.1666666666666665,3800000,0.34210526315789475
1,Graduate,Yes,4900000,16500000,12,439,7500000,1400000,10300000,7200000,0,3.36734693877551,26400000,0.625
3,Graduate,Yes,3000000,7100000,6,415,2000000,5700000,9500000,2500000,0,2.3666666666666667,19700000,0.3604060913705584
0,Not Graduate,Yes,3800000,10600000,12,490,3300000,6500000,14400000,3100000,0,2.789473684210526,27300000,0.3882783882783883
1,Graduate,Yes,7600000,30000000,16,884,13300000,3600000,17200000,10800000,1,3.9473684210526314,44900000,0.6681514476614699
4,Graduate,No,7800000,25400000,18,425,3000000,14000000,30500000,7200000,0,3.2564102564102564,54700000,0.4643510054844607
0,Graduate,No,6800000,21700000,20,730,17500000,1300000,18600000,3600000,1,3.1911764705882355,41000000,0.5292682926829269
4,Graduate,Yes,5900000,17300000,20,657,1500000,5600000,13000000,4100000,1,2.9322033898305087,24200000,0.7148760330578512
2,Not Graduate,No,4900000,16800000,10,480,2200000,8900000,12600000,2700000,0,3.4285714285714284,26400000,0.6363636363636364
3,Not Graduate,Yes,1100000,3100000,16,356,1300000,100000,3000000,1600000,0,2.8181818181818183,6000000,0.5166666666666667
1,Not Graduate,Yes,9800000,36000000,12,629,28000000,4100000,29800000,11200000,1,3.673469387755102,73100000,0.49247606019151846
1,Graduate,Yes,1200000,4700000,2,667,1100000,300000,4200000,800000,1,3.9166666666666665,6400000,0.734375
0,Not Graduate,No,4700000,11500000,18,559,7500000,0,18700000,2600000,1,2.4468085106382977,28800000,0.3993055555555556
4,Graduate,No,6700000,16000000,4,791,0,13000000,20700000,5200000,1,2.388059701492537,38900000,0.41131105398457585
0,Not Graduate,Yes,3700000,11300000,6,538,6200000,400000,10400000,5400000,0,3.054054054054054,22400000,0.5044642857142857
2,Graduate,No,7400000,16000000,20,358,16700000,5500000,26800000,4300000,0,2.1621621621621623,53300000,0.300187617260788
2,Not Graduate,No,3300000,11700000,14,439,4000000,6300000,8300000,1700000,0,3.5454545454545454,20300000,0.5763546798029556
2,Graduate,Yes,4800000,15300000,12,503,3300000,4000000,12000000,4300000,0,3.1875,23600000,0.6483050847457628
4,Graduate,Yes,4600000,11900000,6,810,11200000,8200000,17500000,5200000,1,2.5869565217391304,42100000,0.2826603325415677
1,Graduate,Yes,8000000,30600000,14,302,12700000,13100000,23900000,6800000,0,3.825,56500000,0.5415929203539823
0,Not Graduate,No,4100000,8800000,18,300,10900000,6400000,8600000,3500000,0,2.1463414634146343,29400000,0.29931972789115646
4,Not Graduate,No,2600000,7200000,16,612,1300000,1000000,5800000,1400000,1,2.769230769230769,9500000,0.7578947368421053
3,Not Graduate,No,1300000,5000000,6,686,2700000,2000000,4100000,900000,1,3.8461538461538463,9700000,0.5154639175257731
0,Graduate,Yes,2300000,4900000,12,409,3300000,2400000,4700000,3200000,0,2.130434782608696,13600000,0.3602941176470588
5,Graduate,No,300000,900000,6,492,800000,300000,700000,400000,0,3.0,2200000,0.4090909090909091
0,Graduate,Yes,7000000,21700000,20,498,6600000,5500000,14700000,3900000,0,3.1,30700000,0.7068403908794788
3,Not Graduate,Yes,4400000,10900000,18,611,8600000,6300000,8800000,3000000,1,2.477272727272727,26700000,0.40823970037453183
5,Not Graduate,Yes,5100000,11800000,6,776,7600000,400000,10500000,4400000,1,2.3137254901960786,22900000,0.5152838427947598
1,Not Graduate,No,5900000,13000000,6,779,10800000,11600000,13100000,6600000,1,2.2033898305084745,42100000,0.3087885985748218
3,Graduate,Yes,7800000,27200000,16,560,3600000,8100000,21800000,8600000,1,3.4871794871794872,42100000,0.6460807600950119
4,Graduate,Yes,2200000,5100000,6,308,3200000,2600000,6600000,3100000,0,2.3181818181818183,15500000,0.32903225806451614
4,Not Graduate,No,5400000,12600000,18,786,300000,2500000,21000000,6600000,1,2.3333333333333335,30400000,0.4144736842105263
1,Not Graduate,No,7400000,29100000,8,597,12100000,4800000,16300000,7000000,1,3.9324324324324325,40200000,0.7238805970149254
4,Graduate,No,5800000,12000000,12,811,9400000,8800000,14200000,3100000,1,2.0689655172413794,35500000,0.3380281690140845
1,Graduate,Yes,5800000,13000000,12,862,11300000,8400000,12000000,3900000,1,2.2413793103448274,35600000,0.3651685393258427
3,Not Graduate,Yes,4800000,14200000,12,369,3200000,200000,14000000,3000000,0,2.9583333333333335,20400000,0.696078431372549
1,Not Graduate,Yes,7400000,23900000,4,687,20800000,10900000,26100000,5600000,1,3.22972972972973,63400000,0.37697160883280756
0,Not Graduate,Yes,9600000,19600000,12,500,21500000,700000,37600000,10900000,0,2.0416666666666665,70700000,0.27722772277227725
2,Not Graduate,Yes,200000,500000,6,746,400000,0,500000,0,1,2.5,900000,0.5555555555555556
4,Not Graduate,No,700000,2100000,14,619,1900000,700000,2400000,1000000,1,3.0,6000000,0.35
2,Not Graduate,No,7600000,16700000,20,692,9900000,9600000,25100000,7400000,1,2.1973684210526314,52000000,0.3211538461538462
1,Not Graduate,Yes,1400000,3300000,18,321,900000,1500000,3000000,700000,0,2.357142857142857,6100000,0.5409836065573771
2,Not Graduate,Yes,3800000,15000000,14,730,10800000,2900000,10700000,3600000,1,3.9473684210526314,28000000,0.5357142857142857
3,Not Graduate,No,2700000,10800000,6,480,4400000,0,10300000,3500000,0,4.0,18200000,0.5934065934065934
2,Not Graduate,Yes,5000000,10700000,2,753,12600000,9000000,11500000,5700000,1,2.14,38800000,0.2757731958762887
4,Graduate,Yes,9000000,28900000,6,637,11300000,1200000,33000000,4800000,1,3.2111111111111112,50300000,0.5745526838966203
3,Graduate,No,3700000,9000000,6,483,9300000,400000,9900000,3600000,0,2.4324324324324325,23200000,0.3879310344827586
4,Not Graduate,Yes,300000,1100000,4,315,700000,100000,900000,100000,1,3.6666666666666665,1800000,0.6111111111111112
4,Graduate,No,1800000,4100000,8,777,2200000,2500000,3600000,1900000,1,2.2777777777777777,10200000,0.4019607843137255
2,Graduate,No,7900000,17700000,4,402,20900000,11800000,25600000,8400000,0,2.240506329113924,66700000,0.2653673163418291
4,Graduate,Yes,2100000,7700000,8,493,4300000,400000,4400000,1300000,0,3.6666666666666665,10400000,0.7403846153846154
0,Graduate,Yes,900000,3100000,4,355,1700000,100000,3000000,500000,1,3.4444444444444446,5300000,0.5849056603773585
3,Graduate,No,9900000,23600000,18,557,18300000,8600000,23000000,9100000,1,2.3838383838383836,59000000,0.4
0,Not Graduate,Yes,5600000,20000000,20,606,7100000,500000,20000000,7600000,1,3.5714285714285716,35200000,0.5681818181818182
1,Not Graduate,Yes,6000000,12200000,16,743,8800000,2600000,20600000,2900000,1,2.033333333333333,34900000,0.3495702005730659
5,Not Graduate,No,5700000,18400000,4,579,12800000,4000000,17200000,4900000,1,3.2280701754385963,38900000,0.4730077120822622
0,Graduate,Yes,9000000,33100000,20,734,2800000,5900000,25300000,10300000,1,3.6777777777777776,44300000,0.7471783295711061
0,Graduate,No,7300000,16100000,2,490,7600000,1400000,21800000,10700000,0,2.2054794520547945,41500000,0.38795180722891565
5,Graduate,No,5300000,20500000,16,802,11200000,7100000,21100000,4100000,1,3.8679245283018866,43500000,0.47126436781609193
1,Not Graduate,Yes,3500000,7400000,16,867,500000,6600000,9500000,2100000,1,2.1142857142857143,18700000,0.39572192513368987
0,Not Graduate,No,1000000,2200000,12,302,2200000,400000,3700000,1400000,0,2.2,7700000,0.2857142857142857
0,Not Graduate,No,5100000,19900000,12,867,1800000,7100000,18300000,5700000,1,3.9019607843137254,32900000,0.6048632218844985
0,Graduate,Yes,2900000,9900000,8,312,1800000,4500000,11200000,3700000,0,3.413793103448276,21200000,0.4669811320754717
3,Not Graduate,No,7600000,19100000,14,762,14800000,15000000,23500000,7300000,1,2.513157894736842,60600000,0.31518151815181517
5,Not Graduate,Yes,6000000,14700000,18,462,15400000,9700000,13800000,3500000,0,2.45,42400000,0.3466981132075472
1,Graduate,No,6300000,18200000,18,849,4300000,5800000,15500000,5200000,1,2.888888888888889,30800000,0.5909090909090909
3,Not Graduate,No,1900000,7400000,18,592,2300000,3000000,6000000,1800000,1,3.8947368421052633,13100000,0.5648854961832062
4,Graduate,No,600000,1400000,4,507,200000,300000,1700000,400000,0,2.3333333333333335,2600000,0.5384615384615384
2,Not Graduate,Yes,4100000,11400000,14,505,8100000,7500000,10100000,5500000,0,2.7804878048780486,31200000,0.36538461538461536
0,Not Graduate,Yes,800000,3200000,8,467,900000,400000,3100000,800000,0,4.0,5200000,0.6153846153846154
2,Not Graduate,No,6600000,22900000,16,543,2500000,11000000,26300000,8500000,0,3.4696969696969697,48300000,0.474120082815735
4,Graduate,Yes,300000,1100000,12,674,600000,0,800000,200000,1,3.6666666666666665,1600000,0.6875
3,Graduate,No,6100000,13500000,2,717,15700000,4200000,16100000,3400000,1,2.2131147540983607,39400000,0.3426395939086294
5,Not Graduate,Yes,4800000,17000000,10,666,6800000,5400000,12400000,2900000,1,3.5416666666666665,27500000,0.6181818181818182
4,Not Graduate,No,4500000,17300000,18,830,200000,4200000,12000000,2500000,1,3.8444444444444446,18900000,0.9153439153439153
2,Graduate,No,3800000,9400000,16,383,8300000,500000,9200000,2300000,0,2.473684210526316,20300000,0.4630541871921182
2,Graduate,Yes,7000000,18900000,8,584,13000000,13600000,20600000,5000000,1,2.7,52200000,0.3620689655172414
2,Not Graduate,No,4400000,14200000,18,799,6300000,7800000,10800000,2400000,1,3.227272727272727,27300000,0.5201465201465202
5,Graduate,No,5300000,19400000,6,510,14700000,7000000,13600000,3700000,0,3.660377358490566,39000000,0.49743589743589745
0,Not Graduate,Yes,2600000,5900000,6,572,5800000,3100000,7300000,3800000,1,2.269230769230769,20000000,0.295
3,Not Graduate,No,3300000,13100000,2,554,6000000,2500000,6700000,3800000,1,3.9696969696969697,19000000,0.6894736842105263
1,Not Graduate,Yes,1200000,4800000,6,344,2900000,1700000,3200000,1300000,0,4.0,9100000,0.5274725274725275
3,Graduate,No,4300000,8600000,8,881,9100000,5200000,15000000,5500000,1,2.0,34800000,0.2471264367816092
0,Not Graduate,Yes,8400000,27200000,10,514,2500000,6400000,20100000,7200000,0,3.238095238095238,36200000,0.7513812154696132
0,Graduate,No,600000,1800000,18,796,1000000,700000,1200000,500000,1,3.0,3400000,0.5294117647058824
2,Graduate,Yes,4700000,16200000,12,802,2300000,5400000,14800000,6700000,1,3.4468085106382977,29200000,0.5547945205479452
3,Graduate,No,4200000,12500000,20,375,1300000,5100000,10900000,2400000,0,2.9761904761904763,19700000,0.6345177664974619
2,Graduate,No,4300000,14700000,2,871,4100000,7300000,13900000,4400000,1,3.4186046511627906,29700000,0.494949494949495
0,Not Graduate,No,800000,2900000,2,439,100000,900000,2700000,1200000,1,3.625,4900000,0.5918367346938775
0,Not Graduate,Yes,9300000,32000000,8,438,24800000,6400000,34900000,12400000,0,3.4408602150537635,78500000,0.40764331210191085
5,Not Graduate,No,6200000,13700000,2,468,3300000,12300000,13900000,5500000,0,2.2096774193548385,35000000,0.3914285714285714
3,Graduate,Yes,3500000,10200000,12,645,10400000,5700000,10000000,2400000,1,2.914285714285714,28500000,0.35789473684210527
2,Graduate,Yes,3600000,9200000,18,700,4400000,1800000,10700000,3500000,1,2.5555555555555554,20400000,0.45098039215686275
5,Graduate,Yes,9500000,36700000,16,348,3500000,2200000,31600000,11400000,0,3.863157894736842,48700000,0.7535934291581109
5,Graduate,Yes,600000,1400000,10,877,1400000,400000,2000000,700000,1,2.3333333333333335,4500000,0.3111111111111111
0,Not Graduate,Yes,3800000,14900000,6,899,7800000,600000,12400000,2800000,1,3.9210526315789473,23600000,0.6313559322033898
3,Graduate,Yes,1400000,3500000,12,610,1200000,600000,3800000,1400000,1,2.5,7000000,0.5
1,Not Graduate,No,6300000,23900000,4,742,1500000,7100000,21800000,4300000,1,3.7936507936507935,34700000,0.6887608069164265
1,Not Graduate,Yes,2800000,6600000,18,801,4000000,4900000,7100000,3700000,1,2.357142857142857,19700000,0.3350253807106599
4,Graduate,Yes,5400000,17100000,2,533,13800000,5100000,12200000,4700000,1,3.1666666666666665,35800000,0.4776536312849162
3,Not Graduate,Yes,6300000,23900000,16,656,12700000,9300000,15200000,5100000,1,3.7936507936507935,42300000,0.5650118203309693
3,Graduate,Yes,3900000,14300000,18,785,10900000,7600000,13900000,4900000,1,3.6666666666666665,37300000,0.38337801608579086
2,Graduate,Yes,4200000,15700000,2,332,7000000,700000,13300000,3000000,1,3.738095238095238,24000000,0.6541666666666667
0,Graduate,No,3100000,8100000,18,768,400000,1600000,11600000,2400000,1,2.6129032258064515,16000000,0.50625
1,Graduate,No,3400000,8600000,6,640,7700000,1000000,7800000,4400000,1,2.5294117647058822,20900000,0.41148325358851673
4,Not Graduate,No,1500000,3100000,6,885,100000,2800000,3800000,1900000,1,2.066666666666667,8600000,0.36046511627906974
3,Not Graduate,Yes,900000,2000000,18,772,2300000,700000,3500000,800000,1,2.2222222222222223,7300000,0.273972602739726
4,Graduate,Yes,7800000,25600000,4,665,1000000,2300000,27300000,8200000,1,3.282051282051282,38800000,0.6597938144329897
1,Not Graduate,Yes,3500000,10500000,20,454,8300000,4000000,7600000,2100000,0,3.0,22000000,0.4772727272727273
1,Not Graduate,No,8400000,32500000,14,698,20600000,5900000,17300000,12200000,1,3.869047619047619,56000000,0.5803571428571429
4,Not Graduate,Yes,6400000,21300000,20,332,3600000,9100000,16200000,8000000,0,3.328125,36900000,0.5772357723577236
1,Not Graduate,No,9600000,28300000,6,536,18700000,9300000,27300000,6000000,0,2.9479166666666665,61300000,0.46166394779771613
5,Not Graduate,Yes,2100000,6500000,10,796,2400000,2800000,7300000,2700000,1,3.0952380952380953,15200000,0.4276315789473684
2,Not Graduate,Yes,6000000,19900000,8,486,12100000,8100000,20100000,6600000,0,3.316666666666667,46900000,0.42430703624733473
0,Not Graduate,Yes,8300000,16800000,18,422,8000000,10600000,23300000,11400000,0,2.0240963855421685,53300000,0.3151969981238274
1,Not Graduate,Yes,5300000,18500000,6,501,6700000,8600000,16600000,4300000,0,3.490566037735849,36200000,0.511049723756906
1,Not Graduate,Yes,9700000,23500000,4,666,15100000,9400000,23300000,8000000,1,2.422680412371134,55800000,0.4211469534050179
3,Not Graduate,Yes,8200000,16500000,18,371,19000000,1200000,18500000,8200000,0,2.0121951219512195,46900000,0.35181236673773986
5,Graduate,No,3400000,6900000,14,312,1800000,400000,10300000,3800000,0,2.0294117647058822,16300000,0.4233128834355828
5,Graduate,No,2800000,11000000,12,753,3900000,4600000,10700000,2400000,1,3.9285714285714284,21600000,0.5092592592592593
0,Not Graduate,Yes,2400000,5200000,16,740,6300000,1000000,7500000,2900000,1,2.1666666666666665,17700000,0.2937853107344633
1,Graduate,No,8200000,24000000,4,366,10900000,15200000,25200000,10400000,0,2.926829268292683,61700000,0.3889789303079417
4,Not Graduate,No,4200000,11100000,8,526,11600000,200000,16800000,4900000,0,2.642857142857143,33500000,0.33134328358208953
4,Graduate,Yes,5500000,14800000,10,354,16000000,3400000,21200000,7700000,0,2.690909090909091,48300000,0.3064182194616977
5,Not Graduate,Yes,2900000,6300000,6,719,7900000,1600000,8000000,1600000,1,2.1724137931034484,19100000,0.3298429319371728
5,Not Graduate,No,6300000,20100000,12,774,15600000,11800000,16200000,5800000,1,3.1904761904761907,49400000,0.4068825910931174
5,Not Graduate,Yes,9700000,29100000,18,732,4700000,7400000,35600000,12400000,1,3.0,60100000,0.4841930116472546
1,Not Graduate,No,6500000,16000000,6,862,2000000,0,24000000,9700000,1,2.4615384615384617,35700000,0.4481792717086835
5,Not Graduate,No,4900000,10800000,18,613,6800000,800000,14500000,5300000,1,2.204081632653061,27400000,0.39416058394160586
5,Graduate,Yes,6900000,16500000,6,447,4100000,400000,14100000,6600000,0,2.391304347826087,25200000,0.6547619047619048
4,Not Graduate,Yes,1100000,3000000,4,730,300000,600000,3600000,1100000,1,2.727272727272727,5600000,0.5357142857142857
2,Not Graduate,Yes,7800000,29600000,14,568,-100000,8600000,27000000,7200000,1,3.7948717948717947,42700000,0.6932084309133489
2,Graduate,Yes,8200000,23600000,6,495,23000000,10600000,27200000,6100000,0,2.8780487804878048,66900000,0.35276532137518685
5,Not Graduate,Yes,6700000,23600000,14,854,3000000,3300000,19400000,7500000,1,3.5223880597014925,33200000,0.7108433734939759
3,Graduate,Yes,7400000,15200000,10,548,16700000,12800000,19300000,4800000,0,2.054054054054054,53600000,0.2835820895522388
1,Not Graduate,No,1200000,2700000,14,779,600000,2200000,2400000,600000,1,2.25,5800000,0.46551724137931033
0,Not Graduate,No,9500000,24800000,2,564,17400000,16000000,19600000,12000000,1,2.610526315789474,65000000,0.38153846153846155
5,Not Graduate,Yes,4000000,8200000,2,571,3500000,7700000,9500000,4400000,1,2.05,25100000,0.32669322709163345
0,Not Graduate,Yes,8600000,32600000,8,778,21500000,14100000,33600000,11000000,1,3.7906976744186047,80200000,0.40648379052369077
4,Graduate,Yes,9100000,28400000,12,808,25800000,11800000,19300000,9700000,1,3.120879120879121,66600000,0.4264264264264264
0,Not Graduate,Yes,7100000,18600000,20,770,19200000,13100000,23100000,5100000,1,2.619718309859155,60500000,0.3074380165289256
0,Not Graduate,No,9000000,28400000,4,612,0,7200000,26900000,13200000,1,3.1555555555555554,47300000,0.6004228329809725
3,Graduate,Yes,1400000,2700000,14,819,1200000,1500000,4000000,1300000,1,1.9285714285714286,8000000,0.3375
1,Graduate,No,8800000,20200000,6,627,24200000,16100000,17600000,11900000,1,2.2954545454545454,69800000,0.28939828080229224
3,Not Graduate,Yes,5400000,14700000,4,359,12300000,9900000,15100000,6100000,0,2.7222222222222223,43400000,0.3387096774193548
1,Graduate,No,6100000,19100000,6,341,5700000,5900000,12400000,6300000,0,3.1311475409836067,30300000,0.6303630363036303
1,Graduate,No,1000000,3600000,4,570,1000000,1300000,3700000,1000000,1,3.6,7000000,0.5142857142857142
3,Graduate,Yes,7700000,18100000,20,736,7800000,14500000,29100000,10000000,1,2.3506493506493507,61400000,0.2947882736156352
1,Graduate,Yes,6100000,12900000,2,302,8900000,7500000,15600000,7200000,0,2.1147540983606556,39200000,0.32908163265306123
2,Not Graduate,Yes,7700000,21000000,12,420,16100000,4300000,27400000,10500000,0,2.727272727272727,58300000,0.3602058319039451
4,Graduate,Yes,4700000,12000000,2,416,5800000,8200000,13000000,6800000,0,2.5531914893617023,33800000,0.35502958579881655
2,Graduate,Yes,9100000,34800000,20,836,21300000,10900000,30600000,9900000,1,3.8241758241758244,72700000,0.4786795048143054
0,Graduate,Yes,5800000,12700000,12,528,8400000,7300000,19600000,7600000,0,2.189655172413793,42900000,0.29603729603729606
4,Not Graduate,No,8500000,24900000,2,405,1900000,400000,21700000,11400000,0,2.929411764705882,35400000,0.7033898305084746
2,Graduate,Yes,9900000,33400000,14,783,16600000,16100000,21000000,9500000,1,3.3737373737373737,63200000,0.5284810126582279
4,Not Graduate,Yes,2000000,4000000,10,636,2100000,0,4000000,1700000,1,2.0,7800000,0.5128205128205128
1,Not Graduate,Yes,5000000,16800000,6,711,6300000,7600000,16000000,3200000,1,3.36,33100000,0.5075528700906344
1,Graduate,Yes,3200000,11800000,16,848,5500000,3200000,7500000,2300000,1,3.6875,18500000,0.6378378378378379
1,Not Graduate,Yes,8000000,27800000,8,804,7900000,1600000,27100000,11800000,1,3.475,48400000,0.5743801652892562
0,Not Graduate,Yes,1200000,2800000,14,892,3200000,100000,3300000,1700000,1,2.3333333333333335,8300000,0.3373493975903614
2,Not Graduate,Yes,5800000,22800000,14,696,12100000,200000,20800000,4800000,1,3.9310344827586206,37900000,0.6015831134564644
1,Graduate,No,2500000,7600000,20,888,7400000,4200000,6400000,1900000,1,3.04,19900000,0.38190954773869346
1,Not Graduate,Yes,600000,1400000,10,699,400000,500000,1300000,800000,1,2.3333333333333335,3000000,0.4666666666666667
5,Graduate,No,4900000,13000000,10,865,13300000,3700000,14700000,6500000,1,2.6530612244897958,38200000,0.3403141361256545
2,Graduate,Yes,9400000,37300000,14,383,7800000,15900000,27100000,7700000,0,3.9680851063829787,58500000,0.6376068376068376
2,Graduate,No,5300000,19300000,16,368,14700000,400000,11600000,3700000,0,3.641509433962264,30400000,0.6348684210526315
5,Not Graduate,No,5100000,15800000,4,607,6000000,7700000,12600000,7000000,1,3.0980392156862746,33300000,0.4744744744744745
4,Not Graduate,Yes,2900000,8900000,18,827,400000,3400000,11200000,1600000,1,3.0689655172413794,16600000,0.536144578313253
1,Graduate,No,9100000,34000000,12,672,8600000,1600000,32700000,8800000,1,3.7362637362637363,51700000,0.6576402321083172
3,Not Graduate,Yes,8800000,26700000,12,708,16000000,15300000,26900000,9600000,1,3.034090909090909,67800000,0.3938053097345133
4,Not Graduate,No,2600000,8800000,10,682,4500000,4700000,10300000,1600000,1,3.3846153846153846,21100000,0.41706161137440756
1,Graduate,Yes,9700000,25500000,18,741,21900000,6200000,34800000,4900000,1,2.6288659793814433,67800000,0.37610619469026546
5,Not Graduate,Yes,600000,1200000,8,343,100000,700000,1600000,600000,0,2.0,3000000,0.4
0,Graduate,Yes,4100000,11100000,16,785,6800000,5300000,8500000,4800000,1,2.707317073170732,25400000,0.43700787401574803
1,Not Graduate,Yes,8000000,28000000,20,830,22400000,12600000,25600000,10600000,1,3.5,71200000,0.39325842696629215
2,Graduate,No,8800000,26700000,16,696,12900000,15300000,20300000,10900000,1,3.034090909090909,59400000,0.4494949494949495
1,Graduate,No,200000,300000,12,697,600000,300000,700000,100000,1,1.5,1700000,0.17647058823529413
0,Graduate,Yes,3800000,11700000,2,351,100000,6700000,12500000,3100000,1,3.0789473684210527,22400000,0.5223214285714286
3,Graduate,No,6800000,21800000,10,556,16400000,9300000,19100000,5400000,1,3.2058823529411766,50200000,0.4342629482071713
0,Graduate,No,8600000,31800000,2,895,22600000,15900000,19600000,5100000,1,3.697674418604651,63200000,0.5031645569620253
2,Graduate,Yes,2800000,8400000,10,534,8300000,4800000,10600000,1500000,0,3.0,25200000,0.3333333333333333
0,Graduate,No,8000000,29800000,12,736,600000,15700000,30800000,8400000,1,3.725,55500000,0.5369369369369369
2,Graduate,Yes,2300000,5500000,16,629,4600000,2900000,7000000,1900000,1,2.391304347826087,16400000,0.3353658536585366
4,Graduate,Yes,7600000,16200000,20,657,1900000,9300000,28500000,5500000,1,2.1315789473684212,45200000,0.3584070796460177
2,Graduate,No,2900000,11300000,12,839,700000,5100000,8100000,2600000,1,3.896551724137931,16500000,0.6848484848484848
4,Not Graduate,No,7900000,25700000,18,589,4300000,300000,25300000,9800000,1,3.2531645569620253,39700000,0.6473551637279596
2,Not Graduate,No,1900000,4500000,6,805,2200000,3100000,4800000,2300000,1,2.3684210526315788,12400000,0.3629032258064516
3,Not Graduate,Yes,4600000,13600000,20,729,1300000,8900000,17200000,5900000,1,2.9565217391304346,33300000,0.4084084084084084
1,Not Graduate,No,2600000,7700000,6,399,3700000,4300000,8900000,3500000,0,2.9615384615384617,20400000,0.37745098039215685
2,Not Graduate,No,2700000,6700000,8,413,7600000,800000,9200000,2300000,0,2.4814814814814814,19900000,0.33668341708542715
5,Graduate,Yes,6300000,13200000,16,321,6700000,4000000,15200000,7100000,0,2.0952380952380953,33000000,0.4
0,Graduate,Yes,2600000,7500000,2,853,4200000,3900000,9600000,1400000,1,2.8846153846153846,19100000,0.39267015706806285
4,Not Graduate,Yes,7700000,23400000,6,400,3900000,3400000,20800000,10700000,0,3.038961038961039,38800000,0.6030927835051546
0,Graduate,Yes,7400000,16300000,16,630,11200000,13200000,28400000,5300000,1,2.2027027027027026,58100000,0.28055077452667815
3,Graduate,Yes,7300000,21600000,20,557,1900000,3800000,26400000,9300000,1,2.958904109589041,41400000,0.5217391304347826
1,Graduate,No,2900000,7600000,2,358,800000,700000,10100000,2100000,0,2.6206896551724137,13700000,0.5547445255474452
3,Graduate,Yes,6600000,16000000,10,510,1200000,4800000,13300000,6300000,0,2.4242424242424243,25600000,0.625
2,Graduate,Yes,2700000,9600000,14,554,5800000,200000,10200000,1900000,1,3.5555555555555554,18100000,0.5303867403314917
3,Graduate,Yes,8300000,27700000,4,596,20500000,15400000,21400000,7400000,1,3.3373493975903616,64700000,0.4281298299845441
0,Graduate,No,4900000,18500000,8,659,8800000,1700000,14700000,4900000,1,3.7755102040816326,30100000,0.6146179401993356
4,Graduate,Yes,7900000,30700000,10,322,10600000,13200000,30300000,6300000,0,3.8860759493670884,60400000,0.5082781456953642
5,Graduate,Yes,8800000,21300000,14,852,8000000,6400000,28500000,9900000,1,2.4204545454545454,52800000,0.4034090909090909
5,Not Graduate,No,4000000,14100000,18,653,5800000,4100000,9400000,5400000,1,3.525,24700000,0.5708502024291497
4,Graduate,Yes,3900000,9200000,12,737,2800000,2300000,12300000,5200000,1,2.358974358974359,22600000,0.40707964601769914
3,Graduate,Yes,7700000,18900000,2,583,9300000,3000000,16700000,9300000,1,2.4545454545454546,38300000,0.4934725848563969
1,Graduate,Yes,3800000,10000000,16,873,5100000,2800000,10300000,4000000,1,2.6315789473684212,22200000,0.45045045045045046
5,Graduate,No,8000000,27000000,20,595,4500000,5200000,24800000,10400000,1,3.375,44900000,0.6013363028953229
5,Graduate,Yes,3400000,11300000,20,871,6500000,3900000,9700000,2400000,1,3.323529411764706,22500000,0.5022222222222222
5,Graduate,Yes,5500000,18800000,12,603,3300000,700000,21000000,5000000,1,3.418181818181818,30000000,0.6266666666666667
0,Not Graduate,No,7700000,29300000,14,801,6200000,11800000,23400000,4700000,1,3.8051948051948052,46100000,0.6355748373101953
5,Graduate,No,4000000,9400000,4,723,200000,0,12100000,2000000,1,2.35,14300000,0.6573426573426573
5,Not Graduate,Yes,5900000,22600000,18,630,2300000,4200000,16500000,6800000,1,3.830508474576271,29800000,0.7583892617449665
0,Not Graduate,Yes,2600000,9900000,20,368,3600000,1500000,5200000,2000000,0,3.8076923076923075,12300000,0.8048780487804879
3,Graduate,No,6600000,22200000,12,759,8900000,2200000,18700000,8500000,1,3.3636363636363638,38300000,0.5796344647519582
0,Not Graduate,Yes,1000000,3000000,18,382,2200000,700000,3500000,900000,0,3.0,7300000,0.410958904109589
4,Not Graduate,Yes,800000,2800000,16,645,900000,1400000,2300000,600000,1,3.5,5200000,0.5384615384615384
0,Graduate,No,3200000,6300000,6,878,6700000,5200000,8100000,3600000,1,1.96875,23600000,0.2669491525423729
4,Graduate,No,8400000,23400000,12,350,18700000,9100000,27500000,6700000,0,2.7857142857142856,62000000,0.3774193548387097
3,Graduate,Yes,5800000,17600000,6,720,4900000,4200000,18800000,6600000,1,3.0344827586206895,34500000,0.5101449275362319
0,Not Graduate,Yes,7300000,28100000,10,673,13700000,1200000,16300000,8900000,1,3.8493150684931505,40100000,0.7007481296758105
1,Graduate,No,3900000,8000000,6,448,100000,1900000,9800000,4000000,0,2.051282051282051,15800000,0.5063291139240507
2,Not Graduate,Yes,4600000,16000000,4,720,0,4000000,12300000,4200000,1,3.4782608695652173,20500000,0.7804878048780488
0,Graduate,No,3600000,12300000,2,300,5200000,3000000,14300000,5400000,1,3.4166666666666665,27900000,0.44086021505376344
4,Graduate,No,7500000,28700000,20,520,4600000,3500000,15200000,5700000,0,3.8266666666666667,29000000,0.9896551724137931
1,Graduate,No,5200000,15000000,12,794,3200000,7200000,16500000,5100000,1,2.8846153846153846,32000000,0.46875
3,Graduate,Yes,4400000,10000000,8,875,5900000,5200000,11700000,4100000,1,2.272727272727273,26900000,0.37174721189591076
1,Not Graduate,Yes,5100000,12900000,14,533,6700000,6700000,14400000,3900000,0,2.5294117647058822,31700000,0.4069400630914827
0,Graduate,No,6000000,23600000,6,776,13800000,2700000,23400000,8800000,1,3.933333333333333,48700000,0.48459958932238195
2,Graduate,No,3800000,11400000,6,706,1000000,4000000,12100000,2800000,1,3.0,19900000,0.5728643216080402
3,Graduate,No,2800000,10900000,2,710,600000,2400000,5600000,3600000,1,3.892857142857143,12200000,0.8934426229508197
5,Graduate,Yes,6500000,18300000,4,333,8100000,400000,21700000,7000000,0,2.8153846153846156,37200000,0.49193548387096775
2,Not Graduate,Yes,1600000,6400000,4,787,1000000,300000,5500000,1100000,1,4.0,7900000,0.810126582278481
4,Graduate,No,5500000,18600000,12,569,13500000,6200000,19700000,7300000,1,3.381818181818182,46700000,0.39828693790149894
0,Graduate,Yes,9600000,20100000,16,427,7200000,2300000,34500000,7400000,0,2.09375,51400000,0.39105058365758755
0,Graduate,No,7000000,27800000,16,640,11500000,3700000,16000000,8200000,1,3.9714285714285715,39400000,0.7055837563451777
2,Not Graduate,No,4000000,8100000,16,312,3500000,2100000,15100000,3100000,0,2.025,23800000,0.3403361344537815
1,Not Graduate,Yes,8100000,30900000,12,464,13600000,9800000,17900000,7500000,0,3.814814814814815,48800000,0.6331967213114754
2,Not Graduate,Yes,6600000,22800000,8,490,6100000,10000000,18000000,6400000,0,3.4545454545454546,40500000,0.562962962962963
5,Graduate,No,4100000,10200000,12,431,6200000,2200000,13700000,4300000,0,2.4878048780487805,26400000,0.38636363636363635
1,Graduate,No,6600000,24800000,4,500,8600000,4100000,16700000,6100000,1,3.757575757575758,35500000,0.6985915492957746
4,Graduate,No,5100000,12200000,14,511,2700000,6000000,18300000,3400000,0,2.392156862745098,30400000,0.40131578947368424
4,Graduate,No,8200000,25200000,18,691,5800000,8900000,28500000,10500000,1,3.073170731707317,53700000,0.4692737430167598
1,Not Graduate,Yes,9500000,24400000,14,696,25500000,6700000,29500000,6300000,1,2.568421052631579,68000000,0.3588235294117647
0,Not Graduate,Yes,7600000,27600000,2,437,10000000,11200000,27600000,6800000,1,3.6315789473684212,55600000,0.49640287769784175
2,Not Graduate,Yes,8400000,20800000,12,335,6700000,12300000,18500000,10100000,0,2.4761904761904763,47600000,0.4369747899159664
4,Graduate,No,7600000,25100000,4,671,4600000,13200000,27400000,4300000,1,3.3026315789473686,49500000,0.5070707070707071
4,Not Graduate,Yes,1400000,3700000,12,621,3100000,900000,5100000,1800000,1,2.642857142857143,10900000,0.3394495412844037
4,Not Graduate,Yes,2700000,6800000,10,455,4700000,2600000,7400000,2700000,0,2.5185185185185186,17400000,0.39080459770114945
1,Graduate,Yes,200000,500000,10,856,500000,200000,500000,200000,1,2.5,1400000,0.35714285714285715
3,Graduate,No,600000,2100000,16,892,700000,400000,2400000,500000,1,3.5,4000000,0.525
4,Graduate,No,5200000,12900000,16,819,3400000,4100000,16800000,7500000,1,2.480769230769231,31800000,0.4056603773584906
0,Not Graduate,Yes,5100000,11600000,10,308,8700000,1300000,10700000,7000000,0,2.2745098039215685,27700000,0.4187725631768953
4,Graduate,Yes,9200000,18600000,2,889,26900000,4200000,33300000,9700000,1,2.0217391304347827,74100000,0.25101214574898784
5,Not Graduate,No,6500000,23200000,18,713,6700000,1400000,13400000,7200000,1,3.5692307692307694,28700000,0.8083623693379791
0,Graduate,No,8500000,21000000,6,665,3600000,9600000,27500000,11300000,1,2.4705882352941178,52000000,0.40384615384615385
4,Not Graduate,No,2000000,6000000,12,837,1300000,1900000,6300000,2300000,1,3.0,11800000,0.5084745762711864
4,Not Graduate,Yes,7500000,18000000,20,395,200000,12800000,23500000,9700000,0,2.4,46200000,0.38961038961038963
0,Graduate,Yes,7500000,28900000,10,632,21700000,10700000,24700000,9900000,1,3.8533333333333335,67000000,0.43134328358208956
2,Not Graduate,No,2000000,4300000,16,497,5100000,200000,5700000,2800000,0,2.15,13800000,0.3115942028985507
3,Graduate,Yes,1400000,2700000,14,694,3800000,200000,3600000,1700000,1,1.9285714285714286,9300000,0.2903225806451613
1,Not Graduate,Yes,1700000,5600000,2,882,3100000,2600000,6700000,1600000,1,3.2941176470588234,14000000,0.4
2,Graduate,Yes,5300000,14900000,6,504,10600000,2100000,17000000,3200000,0,2.811320754716981,32900000,0.45288753799392095
4,Not Graduate,No,8900000,30100000,2,747,20600000,12900000,20700000,10300000,1,3.3820224719101124,64500000,0.4666666666666667
3,Graduate,No,9700000,35300000,4,462,11500000,9500000,33700000,7200000,1,3.6391752577319587,61900000,0.5702746365105008
5,Graduate,No,9000000,25900000,4,538,11100000,11100000,31300000,8100000,0,2.8777777777777778,61600000,0.42045454545454547
2,Not Graduate,Yes,8500000,30900000,6,664,5700000,9900000,19800000,7400000,1,3.635294117647059,42800000,0.7219626168224299
1,Not Graduate,No,3500000,10900000,4,524,8800000,6200000,13600000,2800000,1,3.1142857142857143,31400000,0.3471337579617834
1,Not Graduate,No,500000,1400000,6,464,1100000,0,1900000,500000,0,2.8,3500000,0.4
3,Graduate,No,8900000,19100000,6,807,2300000,16500000,29900000,10400000,1,2.146067415730337,59100000,0.32318104906937395
2,Not Graduate,Yes,7800000,27200000,18,622,6000000,6000000,26400000,4300000,1,3.4871794871794872,42700000,0.6370023419203747
5,Not Graduate,Yes,9800000,27800000,6,827,2400000,14900000,32800000,9500000,1,2.836734693877551,59600000,0.4664429530201342
0,Graduate,No,5200000,19000000,14,687,11900000,500000,19400000,4400000,1,3.6538461538461537,36200000,0.5248618784530387
4,Graduate,No,7400000,19400000,16,835,16400000,14200000,23500000,6500000,1,2.6216216216216215,60600000,0.3201320132013201
3,Graduate,Yes,1200000,3300000,6,772,700000,900000,2900000,1400000,1,2.75,5900000,0.559322033898305
1,Not Graduate,Yes,1000000,3200000,2,710,100000,200000,3300000,900000,1,3.2,4500000,0.7111111111111111
3,Graduate,Yes,9500000,32500000,14,581,2800000,14300000,36000000,4700000,1,3.4210526315789473,57800000,0.5622837370242214
3,Not Graduate,No,4500000,11700000,18,775,8700000,2800000,12700000,4500000,1,2.6,28700000,0.4076655052264808
2,Graduate,No,4900000,16000000,12,710,8700000,7100000,10000000,5700000,1,3.2653061224489797,31500000,0.5079365079365079
3,Not Graduate,Yes,700000,2500000,8,321,1900000,1200000,1700000,400000,0,3.5714285714285716,5200000,0.4807692307692308
0,Graduate,No,9400000,28300000,20,761,22500000,14800000,30800000,10100000,1,3.0106382978723403,78200000,0.3618925831202046
3,Not Graduate,Yes,8300000,31400000,6,674,1000000,1600000,17200000,6100000,0,3.783132530120482,25900000,1.2123552123552124
4,Graduate,Yes,5600000,13000000,4,899,10500000,9100000,11400000,6400000,1,2.3214285714285716,37400000,0.34759358288770054
5,Not Graduate,Yes,4400000,12300000,8,567,2400000,500000,12900000,6300000,1,2.7954545454545454,22100000,0.5565610859728507
3,Graduate,No,2100000,5400000,8,771,5200000,3700000,6200000,1000000,1,2.5714285714285716,16100000,0.33540372670807456
1,Not Graduate,Yes,4400000,10600000,4,360,6600000,7700000,15100000,5000000,0,2.409090909090909,34400000,0.3081395348837209
0,Not Graduate,No,6300000,19600000,6,425,15900000,10400000,13300000,5900000,0,3.111111111111111,45500000,0.4307692307692308
4,Graduate,No,9900000,30000000,18,496,10400000,8000000,29300000,13800000,0,3.0303030303030303,61500000,0.4878048780487805
3,Not Graduate,No,700000,1600000,20,705,600000,900000,2300000,700000,1,2.2857142857142856,4500000,0.35555555555555557
4,Not Graduate,No,3600000,12400000,14,427,10400000,2400000,9100000,2600000,0,3.4444444444444446,24500000,0.5061224489795918
1,Not Graduate,Yes,5600000,21000000,2,552,3200000,6300000,22100000,6100000,1,3.75,37700000,0.5570291777188329
3,Not Graduate,Yes,1000000,3700000,8,725,3000000,1300000,4000000,1300000,1,3.7,9600000,0.3854166666666667
5,Graduate,Yes,6400000,15600000,8,553,14200000,2900000,20400000,8000000,1,2.4375,45500000,0.34285714285714286
0,Not Graduate,No,8900000,19100000,2,725,8300000,15000000,19000000,8800000,1,2.146067415730337,51100000,0.37377690802348335
4,Graduate,No,9900000,26100000,2,481,14500000,5000000,23600000,9300000,0,2.6363636363636362,52400000,0.49809160305343514
2,Graduate,Yes,4000000,8600000,4,847,10200000,2700000,14300000,2400000,1,2.15,29600000,0.2905405405405405
0,Not Graduate,Yes,7300000,25700000,10,666,14000000,3100000,29000000,6000000,1,3.5205479452054793,52100000,0.4932821497120921
1,Not Graduate,No,8100000,25400000,6,477,4500000,13200000,23200000,4400000,0,3.1358024691358026,45300000,0.5607064017660044
4,Graduate,Yes,6800000,22100000,4,446,3700000,4600000,18900000,9200000,1,3.25,36400000,0.6071428571428571
0,Not Graduate,Yes,2600000,8200000,8,630,6000000,4900000,7500000,2000000,1,3.1538461538461537,20400000,0.4019607843137255
5,Not Graduate,Yes,300000,1100000,20,613,600000,400000,700000,200000,1,3.6666666666666665,1900000,0.5789473684210527
2,Graduate,Yes,2400000,7500000,4,851,3100000,700000,5600000,2400000,1,3.125,11800000,0.635593220338983
0,Not Graduate,No,6000000,20600000,12,339,3400000,10700000,17200000,8200000,0,3.433333333333333,39500000,0.5215189873417722
4,Graduate,Yes,3800000,11100000,16,857,11300000,7400000,11700000,4700000,1,2.9210526315789473,35100000,0.3162393162393162
0,Graduate,Yes,7000000,22100000,14,467,10000000,6400000,26100000,5800000,0,3.157142857142857,48300000,0.4575569358178054
0,Graduate,Yes,5400000,12900000,16,355,11200000,3100000,18200000,7400000,0,2.388888888888889,39900000,0.3233082706766917
1,Not Graduate,No,6400000,16400000,6,428,12400000,10900000,23900000,8900000,0,2.5625,56100000,0.29233511586452765
5,Not Graduate,Yes,7000000,24000000,14,450,10300000,5700000,21100000,4700000,0,3.4285714285714284,41800000,0.5741626794258373
2,Not Graduate,Yes,2100000,4600000,4,348,5400000,0,7400000,1400000,0,2.1904761904761907,14200000,0.323943661971831
4,Not Graduate,Yes,4400000,15000000,12,459,5700000,800000,11400000,2400000,0,3.409090909090909,20300000,0.7389162561576355
0,Not Graduate,No,8000000,31000000,8,847,4900000,9500000,29600000,5700000,1,3.875,49700000,0.6237424547283702
2,Not Graduate,Yes,3900000,8300000,18,523,800000,300000,9900000,2300000,0,2.128205128205128,13300000,0.6240601503759399
0,Graduate,No,4700000,15200000,10,786,11100000,8000000,9600000,3200000,1,3.234042553191489,31900000,0.47648902821316613
0,Graduate,No,6800000,21200000,14,300,0,8700000,16500000,10000000,0,3.1176470588235294,35200000,0.6022727272727273
0,Not Graduate,Yes,1800000,6500000,12,728,3500000,0,6100000,1900000,1,3.611111111111111,11500000,0.5652173913043478
3,Not Graduate,Yes,8600000,32000000,4,497,11400000,3300000,18600000,4900000,1,3.7209302325581395,38200000,0.837696335078534
1,Not Graduate,Yes,3600000,13700000,10,548,9900000,2400000,8900000,4100000,0,3.8055555555555554,25300000,0.541501976284585
1,Graduate,Yes,6800000,22900000,6,576,500000,11100000,13800000,5600000,1,3.3676470588235294,31000000,0.7387096774193549
3,Graduate,Yes,1100000,4100000,20,863,800000,1100000,3700000,600000,1,3.727272727272727,6200000,0.6612903225806451
4,Graduate,Yes,4000000,8400000,8,717,7400000,4900000,11900000,4000000,1,2.1,28200000,0.2978723404255319
1,Graduate,No,2500000,5900000,12,668,7400000,600000,6300000,3700000,1,2.36,18000000,0.3277777777777778
2,Graduate,No,5400000,17400000,10,335,5900000,1400000,18100000,4300000,0,3.2222222222222223,29700000,0.5858585858585859
5,Not Graduate,No,6600000,13600000,4,861,11700000,8400000,14600000,5400000,1,2.0606060606060606,40100000,0.33915211970074816
4,Not Graduate,No,6000000,14900000,2,321,6900000,7700000,18000000,6500000,0,2.4833333333333334,39100000,0.38107416879795397
0,Graduate,Yes,2200000,8300000,10,585,3600000,1700000,4300000,1900000,1,3.772727272727273,11500000,0.7217391304347827
1,Graduate,No,8800000,18500000,10,704,14400000,3200000,26600000,11300000,1,2.102272727272727,55500000,0.3333333333333333
0,Not Graduate,Yes,4000000,10300000,4,819,11100000,1200000,15200000,2600000,1,2.575,30100000,0.34219269102990035
4,Not Graduate,Yes,3600000,12400000,18,494,5300000,100000,10200000,1900000,0,3.4444444444444446,17500000,0.7085714285714285
5,Graduate,Yes,8100000,22500000,2,808,4800000,6100000,16900000,6000000,1,2.7777777777777777,33800000,0.665680473372781
3,Not Graduate,Yes,5200000,11000000,12,830,8900000,5100000,16000000,7600000,1,2.1153846153846154,37600000,0.2925531914893617
5,Graduate,No,1100000,2800000,14,473,100000,500000,4200000,700000,0,2.5454545454545454,5500000,0.509090909090909
2,Graduate,No,7500000,29800000,4,392,5500000,2200000,20800000,4000000,1,3.973333333333333,32500000,0.916923076923077
5,Not Graduate,No,7700000,20300000,12,806,21300000,13300000,18900000,9600000,1,2.6363636363636362,63100000,0.32171156893819336
0,Not Graduate,No,5700000,21400000,8,340,3200000,1900000,17200000,3800000,0,3.754385964912281,26100000,0.8199233716475096
3,Graduate,Yes,5000000,13900000,8,555,12300000,6700000,18100000,4800000,1,2.78,41900000,0.3317422434367542
5,Not Graduate,No,500000,1200000,16,499,600000,600000,1500000,200000,0,2.4,2900000,0.41379310344827586
3,Graduate,No,8900000,21300000,10,467,18700000,2600000,31800000,8800000,0,2.393258426966292,61900000,0.3441033925686591
1,Not Graduate,No,1700000,6600000,4,797,2800000,1900000,6100000,1300000,1,3.8823529411764706,12100000,0.5454545454545454
4,Not Graduate,Yes,500000,1300000,18,762,1400000,0,1600000,300000,1,2.6,3300000,0.3939393939393939
3,Not Graduate,Yes,9900000,36500000,16,562,17300000,18500000,22300000,9800000,1,3.686868686868687,67900000,0.5375552282768777
1,Graduate,No,8400000,21800000,2,492,4000000,11000000,18200000,6600000,0,2.5952380952380953,39800000,0.5477386934673367
3,Not Graduate,Yes,500000,1700000,4,824,500000,600000,1400000,400000,1,3.4,2900000,0.5862068965517241
2,Graduate,No,1700000,5700000,10,602,4900000,2700000,4500000,1800000,1,3.3529411764705883,13900000,0.41007194244604317
1,Not Graduate,Yes,6500000,18300000,10,722,11900000,8600000,19200000,4500000,1,2.8153846153846156,44200000,0.41402714932126694
1,Not Graduate,No,8900000,28400000,6,709,21600000,5500000,26200000,7900000,1,3.191011235955056,61200000,0.46405228758169936
1,Not Graduate,No,400000,1400000,4,302,200000,100000,1500000,500000,1,3.5,2300000,0.6086956521739131
3,Not Graduate,No,5700000,12300000,6,364,7900000,11000000,20000000,5500000,0,2.1578947368421053,44400000,0.27702702702702703
0,Not Graduate,Yes,9600000,23800000,12,389,25200000,15800000,27000000,8300000,0,2.4791666666666665,76300000,0.3119266055045872
0,Graduate,Yes,8500000,20000000,16,786,13300000,7400000,17700000,8900000,1,2.3529411764705883,47300000,0.42283298097251587
0,Graduate,No,4000000,11500000,8,434,4500000,2800000,8400000,5900000,0,2.875,21600000,0.5324074074074074
2,Not Graduate,Yes,6300000,18100000,6,671,7900000,8200000,13200000,5400000,1,2.873015873015873,34700000,0.521613832853026
3,Graduate,Yes,4000000,14700000,8,376,3000000,6200000,8900000,4200000,0,3.675,22300000,0.6591928251121076
4,Graduate,No,9400000,32200000,6,898,27600000,11800000,19500000,8600000,1,3.425531914893617,67500000,0.47703703703703704
5,Graduate,Yes,4100000,15500000,10,836,10500000,1100000,15200000,3600000,1,3.7804878048780486,30400000,0.5098684210526315
4,Graduate,Yes,1100000,4400000,6,515,1000000,700000,4300000,1500000,0,4.0,7500000,0.5866666666666667
3,Not Graduate,No,8700000,24800000,20,360,25300000,8700000,31100000,4300000,0,2.8505747126436782,69400000,0.3573487031700288
4,Graduate,Yes,4900000,12800000,2,691,200000,4900000,14700000,7000000,1,2.6122448979591835,26800000,0.47761194029850745
1,Not Graduate,Yes,2800000,9100000,14,510,2400000,4200000,10400000,3000000,0,3.25,20000000,0.455
0,Graduate,No,9600000,23200000,18,389,1000000,17600000,22200000,8800000,0,2.4166666666666665,49600000,0.46774193548387094
3,Graduate,Yes,6900000,19000000,14,348,4200000,3700000,19400000,4900000,0,2.753623188405797,32200000,0.5900621118012422
2,Not Graduate,Yes,2300000,8100000,2,504,1800000,3100000,4600000,3100000,1,3.5217391304347827,12600000,0.6428571428571429
2,Not Graduate,No,6800000,21300000,20,658,7800000,7000000,25900000,9600000,1,3.1323529411764706,50300000,0.4234592445328032
1,Not Graduate,Yes,2200000,5400000,16,641,5900000,0,4800000,1200000,1,2.4545454545454546,11900000,0.453781512605042
2,Not Graduate,No,5900000,19800000,20,327,7800000,1500000,19700000,8500000,0,3.3559322033898304,37500000,0.528
1,Graduate,Yes,7000000,20300000,18,726,11600000,13100000,17100000,9000000,1,2.9,50800000,0.39960629921259844
1,Graduate,Yes,9600000,34100000,20,828,26100000,19000000,20800000,12400000,1,3.5520833333333335,78300000,0.4355044699872286
0,Graduate,No,6500000,14500000,12,755,9000000,11900000,20800000,3400000,1,2.230769230769231,45100000,0.3215077605321508
2,Not Graduate,Yes,3800000,7600000,20,788,1700000,5200000,9200000,5600000,1,2.0,21700000,0.35023041474654376
2,Graduate,No,9400000,25100000,20,832,19400000,2100000,22300000,5900000,1,2.6702127659574466,49700000,0.5050301810865191
0,Not Graduate,No,2100000,8200000,4,554,3900000,3800000,5900000,1700000,1,3.9047619047619047,15300000,0.5359477124183006
1,Not Graduate,Yes,8500000,26200000,8,811,22800000,6400000,32500000,12700000,1,3.0823529411764707,74400000,0.3521505376344086
5,Graduate,Yes,3800000,12000000,2,649,6200000,5300000,10300000,4200000,1,3.1578947368421053,26000000,0.46153846153846156
1,Not Graduate,Yes,3400000,9700000,20,830,3500000,6400000,10300000,4800000,1,2.8529411764705883,25000000,0.388
1,Graduate,Yes,5600000,11700000,6,707,4500000,800000,19000000,3900000,1,2.0892857142857144,28200000,0.4148936170212766
0,Graduate,Yes,8500000,33700000,10,483,18800000,8900000,29000000,12200000,0,3.9647058823529413,68900000,0.48911465892597966
4,Not Graduate,Yes,2100000,5500000,18,349,100000,0,6600000,2000000,0,2.619047619047619,8700000,0.632183908045977
4,Graduate,No,400000,1500000,4,846,300000,0,1600000,600000,1,3.75,2500000,0.6
4,Not Graduate,No,7900000,31500000,20,386,14300000,3800000,23800000,7500000,0,3.9873417721518987,49400000,0.6376518218623481
5,Not Graduate,No,6900000,19200000,12,408,10000000,5000000,24900000,9000000,0,2.782608695652174,48900000,0.39263803680981596
0,Not Graduate,Yes,1800000,3900000,2,764,2200000,700000,3500000,1200000,1,2.1666666666666665,7600000,0.5131578947368421
0,Graduate,Yes,1200000,3200000,18,473,2100000,600000,2400000,1200000,0,2.6666666666666665,6300000,0.5079365079365079
3,Not Graduate,No,3600000,9800000,12,654,600000,1300000,7500000,2200000,1,2.7222222222222223,11600000,0.8448275862068966
1,Graduate,No,7200000,22800000,2,551,15000000,8700000,21300000,9500000,1,3.1666666666666665,54500000,0.41834862385321103
5,Graduate,No,9400000,21800000,6,850,13300000,11700000,24800000,6800000,1,2.3191489361702127,56600000,0.38515901060070673
5,Graduate,No,9000000,24200000,4,646,12400000,5500000,18100000,11900000,1,2.688888888888889,47900000,0.5052192066805845
1,Not Graduate,Yes,1000000,2100000,8,793,2900000,1300000,2200000,1400000,1,2.1,7800000,0.2692307692307692
3,Not Graduate,No,5600000,19900000,16,551,14000000,4200000,16100000,4500000,1,3.5535714285714284,38800000,0.5128865979381443
1,Graduate,No,900000,2600000,4,346,400000,700000,2900000,900000,0,2.888888888888889,4900000,0.5306122448979592
5,Not Graduate,Yes,9000000,19100000,14,540,11300000,800000,18300000,4900000,0,2.1222222222222222,35300000,0.5410764872521246
2,Not Graduate,No,3100000,9000000,20,892,5000000,5600000,7100000,4000000,1,2.903225806451613,21700000,0.4147465437788018
1,Not Graduate,Yes,8000000,20700000,6,570,1000000,11700000,23200000,11300000,1,2.5875,47200000,0.4385593220338983
4,Not Graduate,Yes,3500000,11300000,16,874,1400000,3800000,10100000,3700000,1,3.2285714285714286,19000000,0.5947368421052631
4,Graduate,No,3900000,12600000,8,553,8200000,2500000,12300000,4500000,1,3.230769230769231,27500000,0.4581818181818182
2,Graduate,No,9700000,34500000,10,649,10600000,7600000,24800000,5900000,1,3.556701030927835,48900000,0.7055214723926381
4,Graduate,No,4500000,15800000,14,439,8900000,6900000,15200000,4400000,0,3.511111111111111,35400000,0.4463276836158192
5,Not Graduate,No,6800000,24800000,8,621,13000000,13500000,23300000,4800000,1,3.6470588235294117,54600000,0.4542124542124542
2,Not Graduate,No,6300000,18600000,14,872,9900000,11900000,16100000,7500000,1,2.9523809523809526,45400000,0.40969162995594716
2,Graduate,No,4900000,18500000,8,492,12900000,5000000,10200000,5800000,0,3.7755102040816326,33900000,0.5457227138643068
0,Graduate,No,4800000,18600000,6,618,12300000,5900000,16800000,4000000,1,3.875,39000000,0.47692307692307695
5,Graduate,No,7500000,15800000,18,458,7800000,6500000,22400000,8400000,0,2.1066666666666665,45100000,0.35033259423503327
5,Not Graduate,No,5200000,13900000,4,422,7800000,4500000,12000000,7000000,0,2.673076923076923,31300000,0.4440894568690096
3,Not Graduate,Yes,9400000,30900000,20,873,22800000,17700000,19300000,9000000,1,3.2872340425531914,68800000,0.4491279069767442
5,Not Graduate,No,3200000,10000000,14,610,2900000,3800000,8600000,3500000,1,3.125,18800000,0.5319148936170213
1,Not Graduate,Yes,3600000,13200000,20,546,8900000,3600000,13900000,2900000,0,3.6666666666666665,29300000,0.45051194539249145
1,Not Graduate,Yes,3400000,7200000,8,741,4300000,6600000,11500000,3900000,1,2.1176470588235294,26300000,0.2737642585551331
3,Graduate,No,2100000,8200000,6,754,900000,2900000,4900000,1000000,1,3.9047619047619047,9700000,0.845360824742268
1,Graduate,No,7200000,15100000,8,379,2600000,8300000,21700000,8200000,0,2.0972222222222223,40800000,0.3700980392156863
5,Graduate,No,4500000,16900000,18,455,2700000,2500000,10700000,5600000,0,3.7555555555555555,21500000,0.786046511627907
0,Graduate,Yes,2600000,9000000,20,615,6800000,0,8400000,3400000,1,3.4615384615384617,18600000,0.4838709677419355
4,Graduate,Yes,6400000,21700000,10,384,16500000,8200000,15100000,5700000,0,3.390625,45500000,0.47692307692307695
0,Graduate,No,6400000,25100000,16,628,16100000,2900000,18100000,6400000,1,3.921875,43500000,0.5770114942528736
3,Graduate,No,3100000,11200000,16,865,3600000,4600000,6600000,4200000,1,3.6129032258064515,19000000,0.5894736842105263
2,Graduate,No,1800000,5300000,2,679,1000000,1400000,5800000,900000,1,2.9444444444444446,9100000,0.5824175824175825
1,Graduate,Yes,9300000,19000000,14,689,24000000,11500000,35100000,9000000,1,2.043010752688172,79600000,0.23869346733668342
5,Not Graduate,Yes,6500000,13800000,10,636,13000000,5500000,19400000,8100000,1,2.123076923076923,46000000,0.3
1,Not Graduate,No,3100000,6600000,20,837,4000000,4200000,12300000,4300000,1,2.129032258064516,24800000,0.2661290322580645
3,Not Graduate,No,2300000,8500000,12,557,3600000,1400000,6200000,1300000,1,3.6956521739130435,12500000,0.68
2,Graduate,No,500000,1700000,10,324,300000,300000,1800000,700000,0,3.4,3100000,0.5483870967741935
0,Not Graduate,Yes,3700000,9300000,14,531,8300000,1000000,8900000,1900000,0,2.5135135135135136,20100000,0.4626865671641791
4,Not Graduate,Yes,8600000,21400000,14,476,6200000,2700000,28000000,12800000,0,2.488372093023256,49700000,0.4305835010060362
4,Graduate,No,2600000,8500000,4,775,600000,3800000,10400000,2600000,1,3.269230769230769,17400000,0.4885057471264368
1,Not Graduate,Yes,7100000,18000000,20,477,6600000,13200000,19300000,9300000,0,2.535211267605634,48400000,0.371900826446281
4,Not Graduate,Yes,7000000,19800000,16,682,9300000,5300000,14500000,7300000,1,2.8285714285714287,36400000,0.5439560439560439
5,Not Graduate,No,8300000,17700000,12,334,19600000,13200000,22500000,9800000,0,2.1325301204819276,65100000,0.271889400921659
3,Graduate,Yes,6800000,23900000,12,565,18800000,2800000,18800000,6700000,1,3.514705882352941,47100000,0.5074309978768577
1,Not Graduate,Yes,9900000,25700000,2,340,15600000,18800000,29500000,11800000,0,2.595959595959596,75700000,0.3394980184940555
2,Graduate,No,5100000,11000000,14,322,7900000,2900000,10700000,5900000,0,2.156862745098039,27400000,0.40145985401459855
4,Graduate,Yes,3500000,10700000,8,883,200000,2300000,8400000,2000000,1,3.057142857142857,12900000,0.8294573643410853
3,Graduate,Yes,4300000,12800000,16,346,3300000,1100000,11900000,3800000,0,2.9767441860465116,20100000,0.6368159203980099
0,Graduate,Yes,5300000,20200000,2,861,500000,800000,16500000,6200000,1,3.811320754716981,24000000,0.8416666666666667
5,Graduate,Yes,6400000,21900000,12,699,15700000,500000,17200000,3800000,1,3.421875,37200000,0.5887096774193549
0,Graduate,No,9300000,27200000,8,629,4500000,14300000,26900000,5000000,1,2.924731182795699,50700000,0.5364891518737672
3,Graduate,No,1100000,3100000,14,359,1500000,1000000,4000000,1000000,0,2.8181818181818183,7500000,0.41333333333333333
2,Not Graduate,No,7100000,27000000,10,430,20700000,8300000,24500000,4200000,0,3.8028169014084505,57700000,0.4679376083188908
4,Not Graduate,No,1100000,3300000,18,417,1400000,1000000,4200000,700000,0,3.0,7300000,0.4520547945205479
2,Graduate,No,1900000,5200000,6,896,4300000,100000,6200000,2400000,1,2.736842105263158,13000000,0.4
0,Not Graduate,No,1300000,3900000,16,690,3600000,1700000,4700000,800000,1,3.0,10800000,0.3611111111111111
5,Graduate,No,7500000,22800000,16,347,15100000,1200000,16100000,10700000,0,3.04,43100000,0.5290023201856149
4,Not Graduate,No,2400000,7000000,4,539,2300000,0,9600000,2900000,0,2.9166666666666665,14800000,0.47297297297297297
4,Graduate,Yes,2500000,8000000,8,464,4000000,3000000,9000000,3000000,0,3.2,19000000,0.42105263157894735
4,Graduate,No,7500000,16200000,4,310,10800000,14300000,14900000,5800000,0,2.16,45800000,0.3537117903930131
3,Not Graduate,No,9300000,36600000,6,431,22000000,14600000,32900000,8800000,0,3.935483870967742,78300000,0.4674329501915709
5,Not Graduate,No,3300000,10000000,12,489,2000000,500000,7200000,2800000,0,3.0303030303030303,12500000,0.8
4,Not Graduate,Yes,5700000,13900000,12,775,1600000,3100000,15900000,7100000,1,2.43859649122807,27700000,0.5018050541516246
4,Not Graduate,No,300000,600000,6,365,-100000,400000,600000,200000,0,2.0,1100000,0.5454545454545454
2,Not Graduate,Yes,1200000,4500000,10,555,100000,1100000,2700000,1400000,1,3.75,5300000,0.8490566037735849
4,Graduate,Yes,8200000,29600000,10,457,6700000,6700000,21400000,11000000,0,3.6097560975609757,45800000,0.6462882096069869
3,Not Graduate,No,5500000,12400000,8,580,800000,900000,19300000,7300000,1,2.2545454545454544,28300000,0.4381625441696113
4,Not Graduate,No,1800000,7200000,20,496,3000000,1100000,7200000,2000000,0,4.0,13300000,0.5413533834586466
0,Not Graduate,No,3500000,11400000,16,837,3700000,2100000,10000000,2700000,1,3.257142857142857,18500000,0.6162162162162163
4,Not Graduate,Yes,6000000,13200000,6,455,7300000,5900000,16500000,7100000,0,2.2,36800000,0.358695652173913
0,Graduate,Yes,2700000,9700000,20,551,1300000,1300000,7100000,1600000,1,3.5925925925925926,11300000,0.8584070796460177
4,Not Graduate,Yes,5900000,20700000,10,825,11700000,7900000,21000000,8500000,1,3.5084745762711864,49100000,0.4215885947046843
1,Not Graduate,Yes,2100000,4200000,18,554,3400000,800000,6400000,1500000,1,2.0,12100000,0.34710743801652894
0,Not Graduate,Yes,2000000,5200000,18,400,1900000,1500000,5000000,1500000,0,2.6,9900000,0.5252525252525253
5,Not Graduate,No,9000000,34300000,10,853,22500000,11900000,32200000,10100000,1,3.811111111111111,76700000,0.4471968709256845
1,Not Graduate,Yes,7600000,18800000,14,403,20900000,4700000,24700000,10000000,0,2.473684210526316,60300000,0.3117744610281924
3,Graduate,No,500000,1500000,6,392,1400000,200000,1800000,600000,0,3.0,4000000,0.375
1,Graduate,No,6300000,19000000,20,673,14600000,8100000,16000000,4200000,1,3.015873015873016,42900000,0.4428904428904429
0,Graduate,Yes,3100000,7100000,10,498,3800000,1100000,12200000,4300000,0,2.2903225806451615,21400000,0.3317757009345794
1,Not Graduate,No,1100000,2600000,6,858,1800000,1900000,2700000,600000,1,2.3636363636363638,7000000,0.37142857142857144
4,Graduate,Yes,3900000,14300000,20,477,1000000,4600000,9100000,2900000,0,3.6666666666666665,17600000,0.8125
4,Not Graduate,Yes,8700000,28200000,12,548,11800000,9900000,19800000,8500000,0,3.2413793103448274,50000000,0.564
4,Not Graduate,Yes,6400000,23900000,6,300,16200000,11600000,24900000,7000000,0,3.734375,59700000,0.40033500837520936
2,Graduate,Yes,200000,800000,12,483,100000,200000,600000,300000,0,4.0,1200000,0.6666666666666666
1,Graduate,No,2400000,5800000,20,384,1700000,2500000,8400000,3100000,0,2.4166666666666665,15700000,0.36942675159235666
3,Not Graduate,No,8900000,35200000,10,894,17100000,5600000,27700000,9800000,1,3.955056179775281,60200000,0.584717607973422
3,Not Graduate,No,6100000,14800000,10,492,6700000,3500000,17900000,6100000,0,2.4262295081967213,34200000,0.4327485380116959
5,Not Graduate,Yes,7600000,25700000,4,607,12900000,13600000,29100000,4900000,1,3.3815789473684212,60500000,0.42479338842975206
3,Not Graduate,No,900000,2400000,16,701,700000,0,2000000,400000,1,2.6666666666666665,3100000,0.7741935483870968
2,Not Graduate,Yes,7100000,19700000,20,890,13900000,3900000,22200000,4000000,1,2.7746478873239435,44000000,0.44772727272727275
2,Not Graduate,Yes,5000000,14600000,10,808,4400000,3500000,17300000,3100000,1,2.92,28300000,0.5159010600706714
4,Graduate,Yes,2000000,7400000,20,596,600000,2300000,4900000,2500000,1,3.7,10300000,0.7184466019417476
4,Graduate,Yes,2600000,6200000,14,421,2500000,2200000,8900000,3400000,0,2.3846153846153846,17000000,0.36470588235294116
2,Graduate,Yes,7000000,14900000,20,495,9900000,8800000,14000000,10200000,0,2.1285714285714286,42900000,0.3473193473193473
3,Graduate,No,3900000,9800000,6,604,10900000,7300000,7700000,3300000,1,2.5128205128205128,29200000,0.3356164383561644
3,Graduate,No,8400000,32600000,4,509,22700000,12600000,32400000,8700000,1,3.880952380952381,76400000,0.42670157068062825
0,Graduate,Yes,200000,600000,8,852,500000,0,400000,200000,1,3.0,1100000,0.5454545454545454
2,Not Graduate,Yes,1900000,6700000,16,893,5600000,3600000,6300000,1600000,1,3.526315789473684,17100000,0.391812865497076
2,Not Graduate,Yes,9200000,33000000,14,874,3900000,9700000,31200000,6600000,1,3.5869565217391304,51400000,0.642023346303502
3,Not Graduate,Yes,300000,500000,6,386,800000,200000,1200000,100000,0,1.6666666666666667,2300000,0.21739130434782608
5,Graduate,No,6300000,18100000,4,590,5400000,10900000,22400000,8600000,1,2.873015873015873,47300000,0.38266384778012685
2,Not Graduate,No,6100000,23500000,14,510,9000000,9500000,12400000,3400000,0,3.8524590163934427,34300000,0.685131195335277
3,Graduate,Yes,7800000,25600000,6,523,13600000,7100000,20800000,9200000,0,3.282051282051282,50700000,0.504930966469428
0,Graduate,Yes,2000000,6700000,8,461,4900000,2200000,7200000,2600000,0,3.35,16900000,0.39644970414201186
4,Not Graduate,No,1900000,5600000,2,832,2700000,3300000,7100000,2400000,1,2.9473684210526314,15500000,0.36129032258064514
2,Not Graduate,Yes,3300000,9600000,18,896,9900000,900000,12100000,4900000,1,2.909090909090909,27800000,0.34532374100719426
0,Not Graduate,Yes,9500000,26000000,2,732,22500000,15600000,20400000,9300000,1,2.736842105263158,67800000,0.3834808259587021
0,Graduate,Yes,3500000,13900000,16,301,10300000,100000,8700000,2700000,0,3.9714285714285715,21800000,0.6376146788990825
5,Graduate,No,4400000,15800000,4,701,4100000,6300000,17100000,4100000,1,3.590909090909091,31600000,0.5
2,Not Graduate,No,2000000,4000000,14,502,4900000,1500000,5400000,1300000,0,2.0,13100000,0.3053435114503817
3,Not Graduate,No,9200000,19500000,12,742,18300000,9900000,19500000,13700000,1,2.119565217391304,61400000,0.31758957654723124
1,Not Graduate,No,2200000,5000000,2,755,1100000,2500000,6700000,3200000,1,2.272727272727273,13500000,0.37037037037037035
1,Not Graduate,No,1900000,7100000,2,834,3900000,2300000,5800000,1400000,1,3.736842105263158,13400000,0.5298507462686567
5,Graduate,Yes,8700000,18400000,12,394,18800000,3200000,24600000,12000000,0,2.1149425287356323,58600000,0.31399317406143346
3,Graduate,Yes,9700000,19700000,4,663,16700000,2200000,36200000,5200000,1,2.0309278350515463,60300000,0.32669983416252074
3,Graduate,No,9400000,20300000,10,649,19600000,6700000,36100000,10000000,1,2.1595744680851063,72400000,0.2803867403314917
4,Not Graduate,Yes,8000000,23200000,14,738,10900000,12100000,19900000,5400000,1,2.9,48300000,0.4803312629399586
5,Not Graduate,No,1000000,2000000,4,524,2700000,1800000,2200000,700000,0,2.0,7400000,0.2702702702702703
5,Not Graduate,No,5300000,14600000,16,855,4200000,1600000,11200000,7400000,1,2.7547169811320753,24400000,0.5983606557377049
3,Graduate,Yes,1400000,5400000,20,304,1700000,1300000,2900000,800000,0,3.857142857142857,6700000,0.8059701492537313
2,Graduate,Yes,1600000,3800000,12,532,3200000,1400000,5400000,1100000,0,2.375,11100000,0.34234234234234234
3,Graduate,Yes,3400000,8500000,6,584,4200000,4700000,6800000,3700000,1,2.5,19400000,0.4381443298969072
3,Graduate,No,7800000,28700000,4,447,7200000,9500000,20100000,11300000,1,3.6794871794871793,48100000,0.5966735966735967
4,Not Graduate,No,7100000,19900000,14,852,4700000,3200000,19700000,7600000,1,2.8028169014084505,35200000,0.5653409090909091
1,Not Graduate,Yes,6000000,13100000,2,368,9900000,2200000,13700000,4900000,0,2.183333333333333,30700000,0.42671009771986973
3,Not Graduate,Yes,8200000,28900000,10,447,4400000,14700000,29400000,6800000,0,3.524390243902439,55300000,0.5226039783001808
4,Graduate,No,3900000,11400000,20,867,3800000,1100000,13600000,3200000,1,2.923076923076923,21700000,0.5253456221198156
5,Not Graduate,Yes,8400000,17600000,12,397,13400000,14500000,24500000,7900000,0,2.0952380952380953,60300000,0.29187396351575456
4,Graduate,No,9700000,19400000,20,798,6400000,13700000,20300000,12800000,1,2.0,53200000,0.36466165413533835
1,Not Graduate,Yes,8300000,26300000,20,530,22800000,11000000,33200000,8000000,0,3.1686746987951806,75000000,0.3506666666666667
4,Graduate,No,2500000,9900000,16,356,5500000,2600000,6100000,2300000,0,3.96,16500000,0.6
3,Graduate,No,6100000,24000000,18,718,4100000,3400000,16600000,6800000,1,3.9344262295081966,30900000,0.7766990291262136
3,Not Graduate,No,5000000,13000000,10,459,2900000,3400000,18200000,7200000,0,2.6,31700000,0.41009463722397477
3,Not Graduate,No,9500000,22200000,8,571,4400000,8600000,24400000,10500000,1,2.336842105263158,47900000,0.46346555323590816
2,Graduate,No,5700000,20500000,8,412,5800000,4300000,21200000,4900000,0,3.5964912280701755,36200000,0.5662983425414365
1,Graduate,Yes,5000000,12500000,20,604,4100000,100000,12200000,7400000,1,2.5,23800000,0.5252100840336135
4,Not Graduate,Yes,8600000,20600000,16,449,10800000,10600000,28700000,5400000,0,2.395348837209302,55500000,0.37117117117117115
5,Not Graduate,No,1400000,5300000,12,778,1600000,700000,4400000,700000,1,3.7857142857142856,7400000,0.7162162162162162
3,Graduate,No,5900000,21200000,16,476,11700000,4800000,14800000,7700000,0,3.593220338983051,39000000,0.5435897435897435
4,Graduate,Yes,4100000,10400000,12,727,11900000,5900000,16400000,4400000,1,2.5365853658536586,38600000,0.2694300518134715
3,Graduate,No,7400000,18500000,8,818,10400000,8800000,28000000,8400000,1,2.5,55600000,0.3327338129496403
1,Graduate,Yes,7100000,19300000,16,738,7200000,0,24300000,3600000,1,2.7183098591549295,35100000,0.5498575498575499
5,Graduate,Yes,5300000,18200000,16,546,14600000,7900000,13400000,4000000,0,3.4339622641509435,39900000,0.45614035087719296
2,Not Graduate,No,6600000,14100000,2,471,10800000,11400000,20700000,6000000,0,2.1363636363636362,48900000,0.2883435582822086
3,Not Graduate,No,2800000,10600000,4,860,5200000,4700000,6700000,2900000,1,3.7857142857142856,19500000,0.5435897435897435
1,Not Graduate,Yes,1600000,4400000,4,364,2500000,700000,4300000,2400000,0,2.75,9900000,0.4444444444444444
0,Graduate,Yes,8500000,25300000,20,557,13000000,5100000,23900000,7100000,1,2.976470588235294,49100000,0.515274949083503
1,Not Graduate,Yes,5200000,20700000,12,612,2200000,2600000,16500000,3200000,1,3.980769230769231,24500000,0.8448979591836735
2,Not Graduate,Yes,6400000,19300000,6,414,7200000,1800000,19100000,3900000,0,3.015625,32000000,0.603125
5,Graduate,No,1300000,2900000,4,372,1700000,100000,2800000,600000,0,2.230769230769231,5200000,0.5576923076923077
0,Graduate,No,5600000,11600000,12,466,15000000,7400000,21800000,7500000,0,2.0714285714285716,51700000,0.22437137330754353
3,Graduate,Yes,9000000,19800000,20,348,8600000,9200000,25300000,6000000,0,2.2,49100000,0.40325865580448067
1,Not Graduate,Yes,7800000,17200000,4,597,3700000,12700000,17400000,8500000,1,2.2051282051282053,42300000,0.4066193853427896
4,Not Graduate,Yes,4000000,11000000,8,791,500000,4700000,10300000,3000000,1,2.75,18500000,0.5945945945945946
0,Graduate,Yes,700000,1800000,12,400,1500000,1100000,2200000,300000,0,2.5714285714285716,5100000,0.35294117647058826
5,Graduate,Yes,7300000,18700000,16,813,6600000,8200000,20000000,5800000,1,2.5616438356164384,40600000,0.4605911330049261
0,Not Graduate,Yes,5200000,15400000,4,675,15300000,8800000,12800000,2900000,1,2.9615384615384617,39800000,0.3869346733668342
1,Not Graduate,No,6200000,18200000,18,324,3100000,12000000,19200000,3400000,0,2.935483870967742,37700000,0.4827586206896552
4,Graduate,No,1100000,3600000,8,693,2400000,1300000,3800000,1500000,1,3.272727272727273,9000000,0.4
1,Not Graduate,Yes,5600000,13700000,8,491,10100000,3700000,18500000,4200000,0,2.4464285714285716,36500000,0.37534246575342467
5,Graduate,Yes,3400000,9800000,8,559,3500000,2900000,8300000,2200000,1,2.8823529411764706,16900000,0.5798816568047337
4,Graduate,No,1500000,4900000,16,392,1800000,1100000,3000000,2000000,0,3.2666666666666666,7900000,0.620253164556962
2,Not Graduate,No,5800000,18600000,18,532,10900000,900000,12300000,6700000,0,3.206896551724138,30800000,0.6038961038961039
4,Not Graduate,No,9800000,29400000,8,592,29100000,16700000,35900000,9000000,1,3.0,90700000,0.3241455347298787
5,Not Graduate,No,8300000,23100000,4,459,5500000,14300000,28400000,5500000,0,2.783132530120482,53700000,0.4301675977653631
4,Graduate,Yes,500000,1200000,4,627,0,500000,1800000,700000,1,2.4,3000000,0.4
4,Graduate,No,1900000,6100000,2,462,2100000,3300000,5400000,2500000,1,3.210526315789474,13300000,0.45864661654135336
1,Not Graduate,Yes,9700000,24700000,14,600,13600000,14000000,35500000,6700000,1,2.5463917525773194,69800000,0.3538681948424069
5,Not Graduate,No,1800000,6200000,18,366,3500000,2400000,6300000,1300000,0,3.4444444444444446,13500000,0.45925925925925926
0,Graduate,Yes,3300000,9700000,14,356,9800000,4800000,9400000,1900000,0,2.9393939393939394,25900000,0.3745173745173745
5,Graduate,No,900000,2300000,16,590,1200000,1500000,2100000,900000,1,2.5555555555555554,5700000,0.40350877192982454
5,Graduate,Yes,8200000,28900000,4,485,16500000,3000000,19400000,6800000,1,3.524390243902439,45700000,0.6323851203501094
1,Not Graduate,Yes,500000,1700000,18,617,400000,100000,1400000,500000,1,3.4,2400000,0.7083333333333334
5,Graduate,Yes,1000000,2600000,8,664,900000,1200000,3500000,900000,1,2.6,6500000,0.4
3,Not Graduate,No,7100000,27900000,8,583,8900000,7600000,19600000,6300000,1,3.9295774647887325,42400000,0.6580188679245284
1,Graduate,Yes,200000,400000,18,859,300000,100000,400000,200000,1,2.0,1000000,0.4
2,Graduate,No,3100000,7300000,14,504,3200000,0,7200000,1500000,0,2.3548387096774195,11900000,0.6134453781512605
4,Graduate,No,700000,2300000,16,688,1500000,300000,1900000,400000,1,3.2857142857142856,4100000,0.5609756097560976
3,Not Graduate,No,1800000,5700000,2,422,4800000,0,3700000,2300000,1,3.1666666666666665,10800000,0.5277777777777778
3,Not Graduate,Yes,8400000,27000000,8,746,15000000,8400000,27000000,12500000,1,3.2142857142857144,62900000,0.4292527821939587
3,Graduate,No,7400000,17500000,20,317,17700000,14000000,27000000,9500000,0,2.364864864864865,68200000,0.2565982404692082
2,Not Graduate,Yes,6700000,20200000,6,701,8800000,12200000,13900000,8200000,1,3.014925373134328,43100000,0.46867749419953597
1,Graduate,Yes,1700000,6000000,16,754,3900000,1500000,6400000,1800000,1,3.5294117647058822,13600000,0.4411764705882353
3,Not Graduate,Yes,300000,600000,10,515,300000,200000,1000000,200000,0,2.0,1700000,0.35294117647058826
1,Graduate,Yes,3800000,8800000,12,670,5200000,4700000,12200000,3800000,1,2.3157894736842106,25900000,0.33976833976833976
5,Graduate,Yes,1300000,4000000,8,407,3800000,1300000,3500000,1100000,0,3.076923076923077,9700000,0.41237113402061853
5,Not Graduate,Yes,3100000,10900000,12,884,6100000,3700000,12300000,4100000,1,3.5161290322580645,26200000,0.41603053435114506
1,Graduate,Yes,200000,400000,20,882,400000,100000,300000,0,1,2.0,800000,0.5
2,Not Graduate,Yes,8100000,24700000,6,595,5500000,14300000,27300000,6500000,1,3.049382716049383,53600000,0.4608208955223881
1,Not Graduate,Yes,8900000,22900000,4,757,8200000,11600000,17800000,7800000,1,2.5730337078651684,45400000,0.5044052863436124
5,Graduate,Yes,4200000,8500000,4,386,8700000,4600000,10500000,6000000,0,2.0238095238095237,29800000,0.28523489932885904
5,Not Graduate,Yes,4100000,11100000,18,756,1700000,3000000,10800000,3000000,1,2.707317073170732,18500000,0.6
3,Not Graduate,No,8300000,25700000,12,453,24000000,14600000,20400000,5700000,0,3.0963855421686746,64700000,0.3972179289026275
3,Not Graduate,No,7500000,25200000,8,316,1000000,800000,18300000,9000000,0,3.36,29100000,0.865979381443299
3,Graduate,No,2100000,7700000,6,703,700000,4000000,8200000,1300000,1,3.6666666666666665,14200000,0.5422535211267606
3,Graduate,No,1400000,3200000,8,753,2200000,2000000,3600000,2000000,1,2.2857142857142856,9800000,0.32653061224489793
0,Not Graduate,No,6900000,23500000,2,621,7800000,7300000,23100000,9400000,1,3.4057971014492754,47600000,0.49369747899159666
0,Graduate,Yes,2500000,9100000,10,852,5000000,4700000,7400000,1500000,1,3.64,18600000,0.489247311827957
3,Not Graduate,Yes,3800000,9400000,12,301,7800000,2800000,14900000,5000000,0,2.473684210526316,30500000,0.3081967213114754
3,Not Graduate,Yes,7700000,29300000,10,359,6800000,6100000,21900000,4200000,0,3.8051948051948052,39000000,0.7512820512820513
1,Not Graduate,No,3200000,6600000,16,534,8800000,2600000,6500000,1800000,0,2.0625,19700000,0.3350253807106599
0,Not Graduate,Yes,8600000,20000000,10,704,25400000,10000000,30800000,10300000,1,2.3255813953488373,76500000,0.26143790849673204
3,Not Graduate,Yes,3800000,13700000,16,662,4800000,400000,12400000,5300000,1,3.6052631578947367,22900000,0.5982532751091703
3,Graduate,No,8400000,31100000,18,599,20600000,14100000,20500000,8500000,1,3.7023809523809526,63700000,0.48822605965463106
1,Graduate,No,1600000,5400000,4,319,4200000,2200000,4200000,1600000,1,3.375,12200000,0.4426229508196721
2,Not Graduate,No,7800000,19400000,16,549,18600000,13300000,24100000,6900000,0,2.4871794871794872,62900000,0.30842607313195547
1,Graduate,Yes,9400000,21000000,12,443,14100000,2700000,23200000,5600000,0,2.234042553191489,45600000,0.4605263157894737
3,Not Graduate,Yes,9900000,26700000,10,550,22200000,15900000,36800000,6600000,1,2.696969696969697,81500000,0.3276073619631902
4,Not Graduate,No,2400000,8000000,18,393,-100000,200000,7600000,3000000,0,3.3333333333333335,10700000,0.7476635514018691
2,Graduate,Yes,7500000,15100000,8,488,19800000,0,28500000,6700000,0,2.013333333333333,55000000,0.27454545454545454
5,Graduate,No,3300000,11800000,16,845,6000000,1500000,9200000,2600000,1,3.5757575757575757,19300000,0.6113989637305699
2,Graduate,No,5500000,19000000,2,382,12500000,1000000,15200000,8100000,1,3.4545454545454546,36800000,0.5163043478260869
5,Not Graduate,No,2400000,7500000,12,357,2600000,2900000,6100000,1300000,0,3.125,12900000,0.5813953488372093
1,Not Graduate,Yes,8700000,27500000,16,815,8000000,13400000,23600000,5900000,1,3.160919540229885,50900000,0.5402750491159135
1,Not Graduate,No,9600000,26000000,16,368,18500000,16600000,29900000,8400000,0,2.7083333333333335,73400000,0.3542234332425068
0,Graduate,No,8400000,19800000,16,674,500000,12200000,27400000,10700000,1,2.357142857142857,50800000,0.38976377952755903
5,Not Graduate,No,9200000,23900000,10,335,5800000,15300000,35400000,10700000,0,2.597826086956522,67200000,0.3556547619047619
2,Graduate,Yes,4600000,12600000,2,355,6300000,6900000,14800000,6500000,0,2.739130434782609,34500000,0.3652173913043478
5,Not Graduate,No,7600000,17500000,6,510,9100000,3500000,15700000,9800000,0,2.3026315789473686,38100000,0.45931758530183725
4,Graduate,No,8500000,17800000,4,698,6700000,4300000,28600000,8000000,1,2.0941176470588236,47600000,0.3739495798319328
4,Not Graduate,Yes,3100000,8200000,18,408,2900000,3800000,10800000,3100000,0,2.6451612903225805,20600000,0.39805825242718446
3,Graduate,Yes,4900000,13100000,18,401,5700000,4100000,16400000,3600000,0,2.673469387755102,29800000,0.4395973154362416
5,Not Graduate,Yes,5800000,14000000,14,418,3900000,10400000,15100000,6800000,0,2.413793103448276,36200000,0.3867403314917127
0,Not Graduate,No,5700000,21300000,4,697,3000000,6800000,20000000,5500000,1,3.736842105263158,35300000,0.603399433427762
4,Graduate,No,3200000,12200000,14,683,-100000,1100000,7500000,2900000,0,3.8125,11400000,1.0701754385964912
4,Not Graduate,Yes,8000000,31500000,16,763,14900000,8800000,17600000,8900000,1,3.9375,50200000,0.6274900398406374
4,Not Graduate,No,5000000,11400000,6,336,1600000,4000000,15500000,2500000,0,2.28,23600000,0.4830508474576271
2,Not Graduate,Yes,2900000,8300000,10,693,7500000,1900000,9700000,4300000,1,2.8620689655172415,23400000,0.3547008547008547
2,Not Graduate,No,6400000,23900000,18,745,14800000,4000000,16300000,7000000,1,3.734375,42100000,0.5676959619952494
5,Graduate,No,6300000,22500000,18,629,300000,3900000,23100000,8000000,1,3.5714285714285716,35300000,0.6373937677053825
0,Not Graduate,No,5900000,23300000,16,581,2200000,8100000,14900000,5800000,1,3.9491525423728815,31000000,0.7516129032258064
1,Graduate,No,8100000,29600000,4,672,8200000,5100000,21100000,5400000,1,3.654320987654321,39800000,0.7437185929648241
5,Graduate,Yes,7100000,20100000,4,700,16900000,2900000,15600000,4500000,1,2.8309859154929575,39900000,0.5037593984962406
1,Not Graduate,No,1400000,4400000,14,787,1600000,1200000,4200000,800000,1,3.142857142857143,7800000,0.5641025641025641
3,Graduate,Yes,2300000,8000000,8,300,4200000,3800000,7300000,1200000,0,3.4782608695652173,16500000,0.48484848484848486
1,Graduate,No,7400000,16100000,4,655,22000000,12900000,25300000,4300000,1,2.175675675675676,64500000,0.2496124031007752
0,Graduate,Yes,5300000,13300000,12,572,4200000,2500000,18000000,7100000,1,2.509433962264151,31800000,0.41823899371069184
5,Graduate,Yes,7700000,16400000,2,663,1100000,14800000,15800000,3900000,1,2.1298701298701297,35600000,0.4606741573033708
0,Not Graduate,No,5000000,10700000,16,726,1600000,1100000,15700000,4800000,1,2.14,23200000,0.46120689655172414
5,Not Graduate,Yes,6000000,12300000,12,680,11400000,5300000,13800000,7300000,1,2.05,37800000,0.3253968253968254
0,Graduate,No,1400000,2700000,2,685,3400000,800000,5400000,1300000,1,1.9285714285714286,10900000,0.24770642201834864
5,Not Graduate,Yes,9400000,23100000,6,762,12400000,10200000,22300000,6600000,1,2.4574468085106385,51500000,0.44854368932038835
3,Not Graduate,No,5200000,17200000,18,768,9200000,5500000,11700000,3800000,1,3.3076923076923075,30200000,0.5695364238410596
0,Graduate,No,3100000,11100000,8,504,3500000,4600000,11400000,1800000,0,3.5806451612903225,21300000,0.5211267605633803
3,Not Graduate,Yes,8400000,20500000,12,796,22900000,10500000,17600000,11200000,1,2.4404761904761907,62200000,0.3295819935691318
0,Not Graduate,No,1200000,2900000,18,348,400000,1200000,2900000,600000,0,2.4166666666666665,5100000,0.5686274509803921
5,Not Graduate,Yes,4800000,13100000,6,717,8300000,8900000,18300000,2800000,1,2.7291666666666665,38300000,0.34203655352480417
5,Not Graduate,Yes,9200000,34200000,4,565,500000,13900000,23600000,12300000,1,3.717391304347826,50300000,0.679920477137177
2,Not Graduate,No,5300000,10900000,6,647,14600000,3500000,18700000,3200000,1,2.056603773584906,40000000,0.2725
3,Graduate,No,4700000,10900000,2,626,9200000,2300000,14600000,5200000,1,2.3191489361702127,31300000,0.34824281150159747
0,Not Graduate,No,6500000,24700000,6,554,2700000,1100000,22700000,9600000,1,3.8,36100000,0.6842105263157895
4,Graduate,Yes,3200000,11500000,20,864,8700000,5000000,12100000,4100000,1,3.59375,29900000,0.38461538461538464
4,Graduate,No,4600000,12500000,6,406,10800000,200000,14000000,6800000,0,2.717391304347826,31800000,0.39308176100628933
5,Graduate,No,700000,1800000,10,650,1300000,100000,1500000,300000,1,2.5714285714285716,3200000,0.5625
5,Not Graduate,Yes,7600000,16500000,8,534,8900000,10300000,24900000,8300000,0,2.1710526315789473,52400000,0.3148854961832061
4,Graduate,No,1200000,2600000,8,872,1600000,2100000,2700000,900000,1,2.1666666666666665,7300000,0.3561643835616438
2,Graduate,No,5100000,16500000,12,845,12100000,9000000,11400000,5700000,1,3.235294117647059,38200000,0.4319371727748691
1,Not Graduate,Yes,4300000,16300000,14,792,400000,400000,10200000,4000000,0,3.7906976744186047,15000000,1.0866666666666667
4,Graduate,No,300000,1200000,18,544,700000,100000,800000,100000,0,4.0,1700000,0.7058823529411765
2,Graduate,Yes,4000000,13000000,10,552,3700000,1600000,15600000,3400000,1,3.25,24300000,0.5349794238683128
5,Not Graduate,No,3900000,14900000,12,837,1100000,500000,14400000,3600000,1,3.8205128205128207,19600000,0.7602040816326531
0,Not Graduate,Yes,6900000,21300000,18,845,17400000,5600000,21400000,6600000,1,3.0869565217391304,51000000,0.4176470588235294
4,Not Graduate,Yes,7000000,24100000,10,677,18800000,6000000,21600000,6300000,1,3.442857142857143,52700000,0.4573055028462998
1,Graduate,No,6300000,18300000,20,430,13000000,1300000,23000000,9200000,0,2.9047619047619047,46500000,0.3935483870967742
3,Graduate,Yes,8900000,22500000,12,887,23300000,10800000,33500000,9500000,1,2.5280898876404496,77100000,0.2918287937743191
0,Not Graduate,Yes,5700000,19400000,8,544,4300000,6400000,19900000,5800000,0,3.4035087719298245,36400000,0.532967032967033
4,Not Graduate,Yes,5200000,18300000,10,355,400000,3800000,10600000,3400000,0,3.519230769230769,18200000,1.0054945054945055
4,Graduate,No,7400000,17500000,4,540,8800000,7600000,17900000,3600000,0,2.364864864864865,37900000,0.46174142480211083
5,Graduate,No,6500000,16000000,14,444,1100000,7900000,23100000,7900000,0,2.4615384615384617,40000000,0.4
3,Graduate,No,6200000,14900000,14,567,1200000,9100000,20800000,8800000,1,2.403225806451613,39900000,0.37343358395989973
5,Not Graduate,Yes,2400000,6500000,20,513,6400000,2100000,5200000,2600000,0,2.7083333333333335,16300000,0.3987730061349693
0,Not Graduate,No,2500000,7100000,10,590,4000000,800000,6100000,2600000,1,2.84,13500000,0.5259259259259259
2,Graduate,Yes,2700000,8500000,20,368,4900000,4500000,5900000,2100000,0,3.1481481481481484,17400000,0.4885057471264368
5,Not Graduate,No,3000000,7600000,6,413,2300000,3500000,11400000,1700000,0,2.533333333333333,18900000,0.4021164021164021
4,Graduate,Yes,6100000,13600000,4,401,10700000,2000000,20500000,3900000,0,2.2295081967213113,37100000,0.3665768194070081
3,Graduate,No,1500000,5400000,18,687,200000,400000,4500000,1700000,1,3.6,6800000,0.7941176470588235
2,Graduate,No,6500000,14100000,14,577,4600000,12000000,25100000,3900000,1,2.169230769230769,45600000,0.3092105263157895
4,Not Graduate,No,200000,700000,10,576,500000,100000,400000,300000,1,3.5,1300000,0.5384615384615384
1,Not Graduate,No,9900000,23400000,16,687,28200000,3700000,29600000,8200000,1,2.3636363636363638,69700000,0.3357245337159254
4,Graduate,No,5500000,11600000,12,474,1800000,2400000,20100000,5600000,0,2.109090909090909,29900000,0.3879598662207358
4,Graduate,No,1200000,4400000,6,709,2800000,2300000,4100000,1700000,1,3.6666666666666665,10900000,0.4036697247706422
4,Graduate,Yes,6900000,20200000,18,438,9600000,6200000,26800000,5700000,0,2.927536231884058,48300000,0.41821946169772256
3,Graduate,Yes,8000000,25300000,4,306,22300000,7300000,24400000,6600000,1,3.1625,60600000,0.4174917491749175
3,Not Graduate,Yes,4100000,13900000,20,383,1900000,2300000,15800000,3800000,0,3.3902439024390243,23800000,0.5840336134453782
2,Graduate,No,1400000,4700000,20,563,400000,2300000,2800000,1400000,1,3.357142857142857,6900000,0.6811594202898551
4,Not Graduate,Yes,1600000,3200000,20,371,1600000,2300000,4600000,1000000,0,2.0,9500000,0.3368421052631579
1,Graduate,No,2100000,4200000,12,379,2700000,2100000,8100000,2500000,0,2.0,15400000,0.2727272727272727
1,Not Graduate,No,8800000,30200000,18,897,17100000,7900000,28700000,11100000,1,3.4318181818181817,64800000,0.4660493827160494
3,Not Graduate,Yes,7100000,25400000,10,725,20600000,5300000,16000000,8600000,1,3.5774647887323945,50500000,0.502970297029703
1,Not Graduate,No,8600000,31500000,16,678,19700000,13400000,22200000,5300000,1,3.6627906976744184,60600000,0.5198019801980198
2,Not Graduate,Yes,5400000,14800000,6,724,1000000,400000,13100000,5400000,1,2.740740740740741,19900000,0.7437185929648241
3,Graduate,Yes,1000000,2500000,6,808,2900000,600000,2000000,500000,1,2.5,6000000,0.4166666666666667
0,Graduate,No,5400000,18400000,8,625,12100000,3000000,13000000,4800000,1,3.4074074074074074,32900000,0.5592705167173252
2,Graduate,No,4200000,16800000,4,771,6500000,4500000,10500000,5800000,1,4.0,27300000,0.6153846153846154
2,Not Graduate,No,7500000,22400000,14,695,8100000,3900000,15300000,9400000,1,2.986666666666667,36700000,0.6103542234332425
4,Graduate,No,1200000,3300000,2,564,2200000,500000,4700000,1100000,1,2.75,8500000,0.38823529411764707
4,Graduate,Yes,6300000,14500000,10,349,3800000,12300000,16500000,5700000,0,2.3015873015873014,38300000,0.3785900783289817
4,Graduate,Yes,300000,900000,4,797,300000,400000,600000,400000,1,3.0,1700000,0.5294117647058824
3,Graduate,No,7400000,28800000,8,391,20000000,7900000,23600000,7200000,0,3.891891891891892,58700000,0.4906303236797274
5,Not Graduate,No,2200000,5400000,12,833,4900000,3300000,7000000,1600000,1,2.4545454545454546,16800000,0.32142857142857145
5,Graduate,No,4000000,9100000,10,515,600000,6400000,9900000,5500000,0,2.275,22400000,0.40625
4,Graduate,Yes,2700000,10400000,16,671,6100000,3700000,5600000,4000000,1,3.8518518518518516,19400000,0.5360824742268041
0,Not Graduate,Yes,2000000,6900000,4,404,4900000,1600000,4200000,3000000,1,3.45,13700000,0.5036496350364964
4,Not Graduate,No,6400000,14800000,6,537,2300000,3700000,18600000,6500000,0,2.3125,31100000,0.4758842443729904
5,Not Graduate,Yes,1400000,5100000,4,348,2100000,900000,4000000,1300000,1,3.642857142857143,8300000,0.6144578313253012
0,Not Graduate,Yes,2800000,6300000,12,647,4100000,0,8700000,2300000,1,2.25,15100000,0.41721854304635764
2,Not Graduate,Yes,8200000,28700000,14,316,23300000,16100000,17700000,4300000,0,3.5,61400000,0.46742671009771986
3,Not Graduate,No,9000000,26700000,14,638,5300000,0,31300000,5200000,1,2.966666666666667,41800000,0.638755980861244
5,Not Graduate,Yes,800000,2100000,12,363,1200000,1000000,3100000,900000,0,2.625,6200000,0.3387096774193548
4,Not Graduate,Yes,6100000,21200000,6,808,700000,7200000,22300000,6100000,1,3.4754098360655736,36300000,0.5840220385674931
4,Not Graduate,Yes,2400000,9400000,2,871,3700000,300000,7100000,3500000,1,3.9166666666666665,14600000,0.6438356164383562
4,Graduate,Yes,6000000,17000000,12,607,15300000,3200000,22100000,3900000,1,2.8333333333333335,44500000,0.38202247191011235
2,Not Graduate,Yes,7900000,22500000,6,571,8100000,5300000,17900000,8100000,1,2.848101265822785,39400000,0.5710659898477157
3,Graduate,Yes,9500000,25700000,18,446,16900000,13600000,29300000,10100000,0,2.705263157894737,69900000,0.3676680972818312
3,Not Graduate,Yes,1800000,6400000,20,436,1500000,2900000,4400000,1300000,0,3.5555555555555554,10100000,0.6336633663366337
3,Not Graduate,Yes,5800000,14100000,12,738,11700000,4400000,15400000,8400000,1,2.4310344827586206,39900000,0.3533834586466165
3,Graduate,No,2800000,9400000,10,519,7000000,3500000,7700000,1500000,0,3.357142857142857,19700000,0.47715736040609136
3,Graduate,Yes,4000000,8300000,8,531,3700000,7400000,15200000,5900000,0,2.075,32200000,0.2577639751552795
1,Not Graduate,No,1000000,3400000,18,578,2300000,400000,3100000,1200000,1,3.4,7000000,0.4857142857142857
0,Graduate,No,9100000,21100000,20,578,5900000,6200000,33700000,5600000,1,2.318681318681319,51400000,0.41050583657587547
0,Graduate,No,4600000,18100000,14,442,2800000,200000,15600000,3300000,0,3.9347826086956523,21900000,0.8264840182648402
2,Not Graduate,No,7800000,16900000,6,751,17400000,6300000,20400000,11700000,1,2.1666666666666665,55800000,0.30286738351254483
4,Graduate,Yes,6600000,18800000,10,353,16500000,9500000,20000000,6200000,0,2.8484848484848486,52200000,0.36015325670498083
5,Not Graduate,No,9800000,26600000,12,664,5200000,2900000,22500000,14100000,1,2.7142857142857144,44700000,0.5950782997762863
1,Graduate,No,7400000,26600000,18,505,2200000,2400000,22400000,3900000,0,3.5945945945945947,30900000,0.86084142394822
3,Graduate,Yes,4300000,16600000,10,571,5700000,3700000,12800000,5800000,1,3.86046511627907,28000000,0.5928571428571429
2,Not Graduate,Yes,9800000,34600000,16,754,12400000,14900000,34700000,6100000,1,3.5306122448979593,68100000,0.5080763582966226
5,Not Graduate,No,1100000,3900000,20,858,3200000,1200000,3800000,1100000,1,3.5454545454545454,9300000,0.41935483870967744
3,Graduate,Yes,8600000,21800000,20,641,5300000,8800000,24000000,9100000,1,2.5348837209302326,47200000,0.461864406779661
0,Not Graduate,Yes,9400000,35500000,16,592,9300000,11800000,30500000,5800000,1,3.776595744680851,57400000,0.6184668989547039
3,Graduate,Yes,5300000,20300000,14,432,15000000,0,17200000,5900000,0,3.830188679245283,38100000,0.5328083989501312
1,Not Graduate,Yes,8700000,33800000,18,558,18300000,11500000,31500000,5900000,1,3.8850574712643677,67200000,0.5029761904761905
3,Graduate,Yes,4800000,14200000,12,547,10400000,700000,9800000,2400000,0,2.9583333333333335,23300000,0.6094420600858369
4,Not Graduate,No,4400000,9800000,18,732,2400000,2400000,15100000,4400000,1,2.227272727272727,24300000,0.40329218106995884
1,Graduate,Yes,5400000,19300000,12,784,5000000,1800000,20300000,6500000,1,3.574074074074074,33600000,0.5744047619047619
5,Not Graduate,Yes,8400000,31900000,10,605,18900000,10300000,22000000,9100000,1,3.7976190476190474,60300000,0.5290215588723052
1,Graduate,Yes,5400000,19500000,18,688,12100000,800000,17000000,3500000,1,3.611111111111111,33400000,0.5838323353293413
3,Not Graduate,Yes,9400000,32100000,10,617,22700000,5800000,29400000,11400000,1,3.4148936170212765,69300000,0.46320346320346323
0,Not Graduate,Yes,800000,2400000,4,518,500000,800000,2800000,500000,1,3.0,4600000,0.5217391304347826
0,Not Graduate,No,3800000,14800000,10,390,5900000,5700000,9500000,4600000,0,3.8947368421052633,25700000,0.5758754863813229
4,Graduate,No,3100000,6300000,4,370,8600000,4100000,8800000,2800000,0,2.032258064516129,24300000,0.25925925925925924
3,Not Graduate,Yes,6000000,21300000,4,802,4700000,8900000,17300000,7600000,1,3.55,38500000,0.5532467532467532
2,Not Graduate,Yes,6800000,15500000,12,338,9900000,1200000,21800000,8500000,0,2.2794117647058822,41400000,0.3743961352657005
5,Not Graduate,No,5200000,11700000,6,658,8100000,5100000,11400000,5600000,1,2.25,30200000,0.38741721854304634
0,Not Graduate,No,1900000,6700000,12,595,3000000,3200000,4900000,1700000,1,3.526315789473684,12800000,0.5234375
5,Graduate,Yes,3600000,8500000,20,594,4400000,6400000,7400000,4500000,1,2.361111111111111,22700000,0.3744493392070485
3,Graduate,Yes,1500000,4100000,14,611,600000,2000000,4800000,2100000,1,2.7333333333333334,9500000,0.43157894736842106
3,Not Graduate,No,2000000,5800000,8,799,3000000,3100000,5500000,1000000,1,2.9,12600000,0.4603174603174603
5,Graduate,No,9200000,18600000,20,497,1000000,300000,24200000,10700000,0,2.0217391304347827,36200000,0.5138121546961326
0,Not Graduate,Yes,6100000,15900000,18,456,12900000,10800000,19100000,8800000,0,2.6065573770491803,51600000,0.3081395348837209
5,Not Graduate,No,300000,500000,8,396,400000,300000,1200000,200000,0,1.6666666666666667,2100000,0.23809523809523808
1,Graduate,No,800000,2300000,10,770,900000,900000,2900000,1100000,1,2.875,5800000,0.39655172413793105
0,Not Graduate,No,3300000,9000000,16,797,3000000,6400000,10300000,3300000,1,2.727272727272727,23000000,0.391304347826087
1,Not Graduate,No,5800000,18700000,20,586,14100000,3000000,15600000,6000000,1,3.2241379310344827,38700000,0.48320413436692505
5,Not Graduate,No,8500000,23400000,16,604,25100000,16500000,24500000,4800000,1,2.7529411764705882,70900000,0.3300423131170663
0,Not Graduate,Yes,4100000,12800000,8,799,3700000,700000,9400000,2700000,1,3.1219512195121952,16500000,0.7757575757575758
2,Graduate,No,7800000,26400000,4,763,2200000,8400000,16600000,6700000,1,3.3846153846153846,33900000,0.7787610619469026
0,Graduate,No,7500000,23000000,14,725,8900000,4800000,20200000,7100000,1,3.066666666666667,41000000,0.5609756097560976
2,Graduate,No,2300000,8800000,18,336,1800000,800000,5200000,1500000,0,3.8260869565217392,9300000,0.946236559139785
4,Graduate,Yes,600000,2300000,6,495,1700000,600000,2000000,300000,0,3.8333333333333335,4600000,0.5
1,Not Graduate,No,2900000,11500000,20,431,3600000,3800000,5900000,3100000,0,3.9655172413793105,16400000,0.7012195121951219
5,Not Graduate,No,900000,2200000,2,415,600000,1700000,2900000,700000,0,2.4444444444444446,5900000,0.3728813559322034
5,Graduate,Yes,9000000,20400000,6,451,5200000,11400000,28200000,9000000,0,2.2666666666666666,53800000,0.379182156133829
1,Not Graduate,No,4800000,14300000,4,489,12400000,7900000,17700000,3600000,0,2.9791666666666665,41600000,0.34375
1,Graduate,No,1600000,4600000,12,415,800000,600000,3900000,1500000,0,2.875,6800000,0.6764705882352942
3,Not Graduate,No,2600000,8100000,12,425,7300000,1900000,6800000,2200000,0,3.1153846153846154,18200000,0.44505494505494503
4,Graduate,Yes,1800000,4600000,14,453,1700000,2400000,4700000,1600000,0,2.5555555555555554,10400000,0.4423076923076923
5,Graduate,Yes,4400000,11800000,20,634,5900000,7300000,15200000,4300000,1,2.6818181818181817,32700000,0.36085626911314983
2,Not Graduate,No,200000,300000,20,519,0,0,400000,300000,0,1.5,700000,0.42857142857142855
4,Not Graduate,Yes,800000,2100000,6,353,700000,300000,2900000,1200000,0,2.625,5100000,0.4117647058823529
3,Graduate,No,1500000,3200000,4,767,2000000,400000,3700000,1400000,1,2.1333333333333333,7500000,0.4266666666666667
0,Not Graduate,Yes,7700000,16900000,14,473,22100000,4000000,29000000,6400000,0,2.1948051948051948,61500000,0.27479674796747966
5,Graduate,Yes,7200000,21300000,2,801,9900000,1700000,20400000,7200000,1,2.9583333333333335,39200000,0.5433673469387755
4,Graduate,No,1000000,2300000,16,543,200000,100000,2000000,1000000,0,2.3,3300000,0.696969696969697
1,Graduate,No,6300000,17200000,12,714,10100000,4200000,24700000,8500000,1,2.7301587301587302,47500000,0.36210526315789476
3,Graduate,No,1900000,4100000,12,830,4600000,1100000,5300000,2100000,1,2.1578947368421053,13100000,0.31297709923664124
5,Graduate,No,4400000,15300000,4,401,200000,5400000,17500000,2400000,1,3.477272727272727,25500000,0.6
0,Not Graduate,No,9100000,26400000,6,518,15800000,1100000,35300000,5700000,0,2.901098901098901,57900000,0.45595854922279794
2,Graduate,Yes,900000,2300000,20,367,0,1200000,3400000,1300000,0,2.5555555555555554,5900000,0.3898305084745763
0,Graduate,Yes,4600000,12000000,12,493,4500000,700000,16200000,3600000,0,2.608695652173913,25000000,0.48
2,Graduate,Yes,9400000,22700000,14,505,4000000,16900000,24700000,11500000,0,2.4148936170212765,57100000,0.3975481611208406
5,Graduate,No,6900000,26500000,16,322,20500000,9800000,17100000,9400000,0,3.8405797101449277,56800000,0.4665492957746479
2,Graduate,No,300000,900000,8,735,800000,400000,500000,100000,1,3.0,1800000,0.5
5,Graduate,Yes,1900000,6700000,2,622,4200000,200000,3900000,1700000,1,3.526315789473684,10000000,0.67
4,Graduate,Yes,4400000,16400000,6,513,5400000,7500000,13100000,5700000,0,3.727272727272727,31700000,0.5173501577287066
4,Not Graduate,Yes,1200000,4100000,16,585,900000,900000,2300000,900000,1,3.4166666666666665,5000000,0.82
1,Graduate,Yes,1000000,3000000,10,813,2900000,500000,3300000,800000,1,3.0,7500000,0.4
0,Graduate,No,3100000,10400000,18,622,1300000,5000000,7200000,1600000,1,3.3548387096774195,15100000,0.6887417218543046
1,Graduate,Yes,2100000,6300000,16,899,2400000,2200000,4400000,2200000,1,3.0,11200000,0.5625
0,Not Graduate,No,2100000,4700000,2,459,4000000,1300000,8100000,1200000,0,2.238095238095238,14600000,0.3219178082191781
4,Graduate,No,9400000,33300000,18,369,20600000,5600000,32200000,7200000,0,3.5425531914893615,65600000,0.5076219512195121
2,Not Graduate,No,9700000,37700000,6,601,300000,3100000,23800000,11800000,1,3.88659793814433,39000000,0.9666666666666667
4,Graduate,No,1400000,2700000,18,703,600000,1300000,5400000,900000,1,1.9285714285714286,8200000,0.32926829268292684
2,Not Graduate,No,4700000,14600000,20,597,8200000,6000000,14100000,6800000,1,3.106382978723404,35100000,0.41595441595441596
3,Not Graduate,Yes,4100000,13300000,10,670,1900000,5500000,13200000,6100000,1,3.2439024390243905,26700000,0.49812734082397003
4,Not Graduate,Yes,1200000,2800000,6,366,3300000,300000,4200000,1400000,0,2.3333333333333335,9200000,0.30434782608695654
5,Not Graduate,No,7900000,27800000,16,857,23300000,12500000,17200000,10600000,1,3.518987341772152,63600000,0.4371069182389937
2,Not Graduate,No,6600000,15000000,16,401,13600000,6600000,23500000,3300000,0,2.272727272727273,47000000,0.3191489361702128
0,Not Graduate,No,2200000,8800000,4,437,1600000,2300000,8300000,2000000,1,4.0,14200000,0.6197183098591549
3,Not Graduate,No,5500000,17600000,8,882,5800000,7800000,20300000,3100000,1,3.2,37000000,0.4756756756756757
4,Graduate,No,5100000,15500000,8,392,6700000,8100000,13600000,6700000,0,3.0392156862745097,35100000,0.4415954415954416
2,Not Graduate,Yes,3900000,7700000,10,421,9700000,7500000,14100000,2100000,0,1.9743589743589745,33400000,0.23053892215568864
5,Graduate,No,200000,400000,6,722,300000,300000,400000,100000,1,2.0,1100000,0.36363636363636365
4,Graduate,No,5800000,14700000,10,692,2300000,10100000,17700000,3900000,1,2.5344827586206895,34000000,0.4323529411764706
5,Not Graduate,No,8300000,20700000,2,537,8400000,14300000,19700000,7800000,0,2.4939759036144578,50200000,0.4123505976095618
5,Graduate,Yes,2600000,5500000,8,676,6700000,800000,7200000,1300000,1,2.1153846153846154,16000000,0.34375
1,Graduate,No,2100000,8100000,6,817,4600000,2900000,4900000,2900000,1,3.857142857142857,15300000,0.5294117647058824
4,Not Graduate,No,3900000,10800000,20,433,4700000,1600000,14500000,2300000,0,2.769230769230769,23100000,0.4675324675324675
1,Graduate,Yes,5200000,16300000,6,524,11000000,3400000,20700000,4600000,0,3.1346153846153846,39700000,0.4105793450881612
3,Not Graduate,Yes,7800000,24400000,20,490,6700000,5100000,17700000,4100000,0,3.128205128205128,33600000,0.7261904761904762
3,Not Graduate,Yes,5400000,14300000,4,595,4100000,2800000,19300000,4900000,1,2.6481481481481484,31100000,0.45980707395498394
2,Not Graduate,No,2900000,11000000,2,835,4900000,3200000,11500000,1400000,1,3.793103448275862,21000000,0.5238095238095238
4,Graduate,No,7100000,28300000,6,850,5600000,7100000,26000000,9700000,1,3.9859154929577465,48400000,0.5847107438016529
1,Graduate,Yes,800000,2500000,4,409,1300000,1000000,3100000,900000,1,3.125,6300000,0.3968253968253968
5,Graduate,Yes,3400000,12800000,10,760,9800000,4300000,11000000,4600000,1,3.764705882352941,29700000,0.43097643097643096
1,Graduate,Yes,6800000,17600000,14,344,5500000,5600000,18100000,7700000,0,2.588235294117647,36900000,0.47696476964769646
4,Graduate,Yes,7000000,27100000,12,881,8300000,9400000,17200000,9500000,1,3.8714285714285714,44400000,0.6103603603603603
0,Graduate,Yes,9300000,24500000,10,600,20200000,700000,32600000,5400000,1,2.6344086021505375,58900000,0.4159592529711375
2,Graduate,No,7500000,19900000,10,790,3500000,13000000,19900000,5900000,1,2.6533333333333333,42300000,0.47044917257683216
3,Graduate,Yes,8000000,31200000,20,392,7300000,8400000,16000000,6000000,0,3.9,37700000,0.8275862068965517
5,Graduate,Yes,1600000,4100000,2,748,1400000,1000000,4200000,1000000,1,2.5625,7600000,0.5394736842105263
1,Graduate,Yes,6700000,18800000,6,798,8700000,5900000,18000000,6100000,1,2.8059701492537314,38700000,0.48578811369509045
3,Not Graduate,No,3800000,11400000,4,323,5800000,4000000,9600000,4400000,1,3.0,23800000,0.4789915966386555
1,Not Graduate,Yes,2700000,5400000,6,413,4800000,1500000,6100000,2600000,0,2.0,15000000,0.36
3,Graduate,No,1300000,2900000,8,733,3800000,1900000,3800000,1800000,1,2.230769230769231,11300000,0.25663716814159293
4,Not Graduate,No,3400000,10500000,16,543,3100000,4500000,11100000,4500000,0,3.088235294117647,23200000,0.4525862068965517
3,Graduate,No,3400000,10900000,14,757,5400000,1600000,7700000,3000000,1,3.2058823529411766,17700000,0.615819209039548
5,Graduate,Yes,2400000,6800000,8,464,1900000,1300000,9500000,1900000,0,2.8333333333333335,14600000,0.4657534246575342
0,Not Graduate,No,1900000,6900000,4,749,2100000,3700000,4300000,2200000,1,3.6315789473684212,12300000,0.5609756097560976
4,Graduate,No,700000,2200000,6,680,300000,200000,2500000,300000,1,3.142857142857143,3300000,0.6666666666666666
1,Not Graduate,No,6900000,20900000,4,574,3200000,1800000,25000000,5200000,1,3.028985507246377,35200000,0.59375
5,Graduate,Yes,300000,800000,18,774,400000,200000,900000,400000,1,2.6666666666666665,1900000,0.42105263157894735
3,Not Graduate,No,6000000,18700000,10,387,6600000,6200000,23300000,6700000,0,3.1166666666666667,42800000,0.4369158878504673
1,Not Graduate,No,4300000,16400000,20,397,6700000,6200000,10200000,5700000,0,3.813953488372093,28800000,0.5694444444444444
4,Graduate,No,5800000,13500000,14,816,13800000,9300000,20400000,7900000,1,2.3275862068965516,51400000,0.26264591439688717
2,Graduate,Yes,3300000,6700000,8,845,1300000,4600000,12300000,3200000,1,2.0303030303030303,21400000,0.3130841121495327
2,Not Graduate,No,400000,1500000,4,743,700000,500000,1200000,300000,1,3.75,2700000,0.5555555555555556
5,Not Graduate,No,300000,600000,4,418,500000,200000,700000,200000,0,2.0,1600000,0.375
1,Not Graduate,No,4200000,10700000,6,466,7400000,7000000,14000000,4700000,0,2.5476190476190474,33100000,0.32326283987915405
2,Not Graduate,Yes,600000,2300000,12,335,400000,900000,1200000,400000,0,3.8333333333333335,2900000,0.7931034482758621
5,Not Graduate,Yes,4400000,15200000,6,446,9500000,2200000,16700000,5800000,0,3.4545454545454546,34200000,0.4444444444444444
0,Graduate,Yes,9200000,29400000,2,868,9200000,13800000,32000000,5300000,1,3.1956521739130435,60300000,0.48756218905472637
2,Graduate,Yes,6900000,25300000,4,763,9000000,3600000,21300000,5500000,1,3.6666666666666665,39400000,0.6421319796954315
5,Not Graduate,Yes,5100000,13700000,14,527,12100000,8900000,19400000,4700000,0,2.6862745098039214,45100000,0.30376940133037694
4,Graduate,No,3400000,12700000,2,741,3300000,6100000,7700000,3700000,1,3.735294117647059,20800000,0.6105769230769231
4,Not Graduate,Yes,8600000,26800000,12,802,7400000,2800000,32100000,11700000,1,3.116279069767442,54000000,0.4962962962962963
3,Not Graduate,Yes,9200000,28900000,8,538,13900000,8300000,32400000,4900000,0,3.141304347826087,59500000,0.4857142857142857
5,Graduate,Yes,4800000,16300000,4,523,8800000,2300000,10000000,2800000,1,3.3958333333333335,23900000,0.6820083682008368
4,Not Graduate,No,2800000,8300000,14,381,3200000,1100000,9100000,1500000,0,2.9642857142857144,14900000,0.5570469798657718
1,Graduate,Yes,3400000,7000000,4,534,3100000,1600000,13000000,4000000,0,2.0588235294117645,21700000,0.3225806451612903
5,Not Graduate,Yes,800000,2200000,14,574,2200000,1200000,1700000,1100000,1,2.75,6200000,0.3548387096774194
1,Not Graduate,No,4100000,11100000,6,405,12000000,2900000,9000000,5900000,0,2.707317073170732,29800000,0.3724832214765101
0,Not Graduate,No,1900000,3800000,16,542,800000,500000,4000000,2100000,0,2.0,7400000,0.5135135135135135
5,Graduate,Yes,6700000,25400000,14,820,10300000,8100000,18500000,3900000,1,3.791044776119403,40800000,0.6225490196078431
0,Graduate,No,5200000,13400000,2,505,12000000,7900000,20400000,6200000,0,2.576923076923077,46500000,0.28817204301075267
3,Graduate,Yes,6700000,16400000,2,508,4400000,10900000,25300000,9200000,0,2.4477611940298507,49800000,0.3293172690763052
1,Not Graduate,Yes,4700000,15000000,20,835,2100000,2500000,10100000,3800000,1,3.1914893617021276,18500000,0.8108108108108109
0,Not Graduate,No,6000000,22000000,12,826,1400000,2000000,14100000,7000000,1,3.6666666666666665,24500000,0.8979591836734694
5,Not Graduate,Yes,6500000,18900000,12,427,5100000,1900000,18200000,7800000,0,2.9076923076923076,33000000,0.5727272727272728
3,Graduate,No,500000,2000000,12,890,800000,700000,1800000,400000,1,4.0,3700000,0.5405405405405406
4,Not Graduate,No,5700000,13300000,2,333,9400000,3000000,11800000,8200000,0,2.3333333333333335,32400000,0.4104938271604938
4,Not Graduate,Yes,6800000,20000000,12,679,20200000,10900000,26900000,6600000,1,2.9411764705882355,64600000,0.30959752321981426
5,Not Graduate,No,3100000,12300000,18,805,4900000,1900000,6100000,2800000,1,3.967741935483871,15700000,0.7834394904458599
3,Not Graduate,No,5100000,11000000,16,826,11800000,2900000,12900000,2700000,1,2.156862745098039,30300000,0.36303630363036304
1,Not Graduate,Yes,6300000,23900000,10,844,16300000,4900000,16800000,4500000,1,3.7936507936507935,42500000,0.5623529411764706
5,Graduate,Yes,4400000,14100000,10,663,5300000,4900000,17500000,2600000,1,3.2045454545454546,30300000,0.46534653465346537
1,Not Graduate,No,8100000,21900000,6,884,15100000,5400000,27500000,6600000,1,2.7037037037037037,54600000,0.4010989010989011
1,Not Graduate,No,1100000,3700000,2,508,200000,0,2200000,1300000,1,3.3636363636363638,3700000,1.0
0,Graduate,Yes,2400000,6900000,4,581,5100000,4500000,6000000,3400000,1,2.875,19000000,0.3631578947368421
3,Graduate,Yes,7000000,26300000,12,481,14300000,12800000,15100000,9900000,0,3.757142857142857,52100000,0.5047984644913628
1,Graduate,Yes,8700000,30000000,12,543,21900000,12700000,30600000,12700000,0,3.4482758620689653,77900000,0.3851091142490372
0,Not Graduate,Yes,3500000,12600000,10,448,1200000,2500000,10400000,3600000,0,3.6,17700000,0.711864406779661
1,Graduate,Yes,1600000,5300000,4,713,1400000,1400000,4900000,1300000,1,3.3125,9000000,0.5888888888888889
5,Not Graduate,Yes,7800000,17300000,16,493,800000,4500000,16300000,9300000,0,2.217948717948718,30900000,0.5598705501618123
2,Not Graduate,No,3700000,9200000,10,819,8500000,2000000,10200000,3100000,1,2.4864864864864864,23800000,0.3865546218487395
4,Graduate,No,400000,1400000,18,827,-100000,0,900000,600000,1,3.5,1400000,1.0
0,Not Graduate,No,4800000,15700000,10,398,4900000,7400000,17100000,6400000,0,3.2708333333333335,35800000,0.43854748603351956
0,Graduate,Yes,2900000,7500000,18,692,3200000,300000,7500000,4000000,1,2.586206896551724,15000000,0.5
5,Graduate,Yes,5000000,14600000,18,509,11800000,2500000,19800000,4900000,0,2.92,39000000,0.37435897435897436
0,Graduate,Yes,7600000,18100000,16,439,12800000,5900000,29800000,10600000,0,2.3815789473684212,59100000,0.3062605752961083
1,Graduate,No,3000000,9400000,4,622,600000,3500000,9600000,2000000,1,3.1333333333333333,15700000,0.5987261146496815
3,Not Graduate,Yes,200000,700000,18,526,400000,100000,500000,0,0,3.5,1000000,0.7
5,Not Graduate,Yes,6800000,19000000,8,865,9500000,7200000,25000000,6300000,1,2.7941176470588234,48000000,0.3958333333333333
5,Not Graduate,Yes,9700000,27400000,2,328,0,18400000,22000000,7900000,0,2.8247422680412373,48300000,0.567287784679089
0,Graduate,Yes,1200000,4200000,4,768,2800000,2200000,2800000,1500000,1,3.5,9300000,0.45161290322580644
5,Not Graduate,Yes,7400000,24000000,16,854,4300000,6700000,20600000,8700000,1,3.2432432432432434,40300000,0.5955334987593052
4,Graduate,No,6900000,20800000,4,839,2600000,2400000,16100000,7400000,1,3.0144927536231885,28500000,0.7298245614035088
0,Not Graduate,Yes,9100000,23300000,18,414,17700000,2500000,33800000,6400000,0,2.5604395604395602,60400000,0.38576158940397354
0,Graduate,Yes,1300000,4700000,16,530,3200000,1000000,3800000,800000,0,3.6153846153846154,8800000,0.5340909090909091
3,Graduate,No,6600000,14600000,10,841,15300000,12100000,14800000,6000000,1,2.212121212121212,48200000,0.3029045643153527
3,Not Graduate,Yes,1800000,5700000,14,670,5300000,3100000,3500000,2700000,1,3.1666666666666665,14600000,0.3904109589041096
5,Not Graduate,Yes,8200000,20900000,14,726,11400000,4800000,26000000,8400000,1,2.548780487804878,50600000,0.41304347826086957
4,Not Graduate,No,2800000,8300000,14,352,4900000,2600000,7100000,3700000,0,2.9642857142857144,18300000,0.453551912568306
1,Graduate,Yes,7000000,16000000,4,554,13000000,8600000,26600000,7900000,1,2.2857142857142856,56100000,0.28520499108734404
4,Graduate,No,700000,1800000,18,728,400000,1300000,2200000,600000,1,2.5714285714285716,4500000,0.4
0,Not Graduate,No,7400000,25500000,6,463,2300000,5600000,26800000,8400000,0,3.445945945945946,43100000,0.5916473317865429
5,Not Graduate,Yes,2300000,5000000,10,431,300000,3700000,8700000,2900000,0,2.1739130434782608,15600000,0.32051282051282054
1,Graduate,Yes,600000,1900000,8,445,1200000,100000,1600000,300000,0,3.1666666666666665,3200000,0.59375
5,Graduate,No,1000000,3000000,4,896,2800000,1100000,2000000,1100000,1,3.0,7000000,0.42857142857142855
1,Not Graduate,Yes,2200000,5200000,8,420,2900000,100000,5000000,2300000,0,2.3636363636363638,10300000,0.5048543689320388
1,Not Graduate,No,8000000,30900000,2,315,23500000,1200000,19500000,7300000,1,3.8625,51500000,0.6
4,Not Graduate,No,8600000,20900000,10,867,24300000,7200000,23700000,9900000,1,2.4302325581395348,65100000,0.3210445468509985
3,Not Graduate,Yes,7500000,26000000,2,342,13900000,1900000,26900000,11200000,1,3.466666666666667,53900000,0.48237476808905383
5,Not Graduate,Yes,5200000,11800000,18,711,14300000,5100000,15500000,4500000,1,2.269230769230769,39400000,0.29949238578680204
2,Not Graduate,No,7900000,20900000,2,723,1700000,1800000,16300000,7100000,1,2.6455696202531644,26900000,0.7769516728624535
1,Graduate,Yes,4200000,11300000,4,704,4700000,2800000,14900000,4000000,1,2.6904761904761907,26400000,0.42803030303030304
0,Graduate,No,6500000,20200000,16,842,8300000,12200000,14300000,9600000,1,3.1076923076923078,44400000,0.45495495495495497
0,Graduate,Yes,7400000,15200000,12,600,6200000,8500000,18800000,4100000,1,2.054054054054054,37600000,0.40425531914893614
3,Not Graduate,No,9100000,25600000,12,688,8900000,16300000,27900000,11100000,1,2.8131868131868134,64200000,0.3987538940809969
0,Not Graduate,No,800000,2300000,16,739,1800000,600000,2000000,400000,1,2.875,4800000,0.4791666666666667
1,Graduate,Yes,800000,2800000,10,798,1300000,1300000,2500000,400000,1,3.5,5500000,0.509090909090909
5,Graduate,Yes,4100000,9900000,4,319,7600000,7400000,12000000,5500000,0,2.4146341463414633,32500000,0.3046153846153846
5,Graduate,Yes,4200000,8700000,6,583,6000000,800000,8500000,2500000,1,2.0714285714285716,17800000,0.4887640449438202
3,Graduate,Yes,4800000,11500000,12,535,3600000,8000000,15600000,5400000,0,2.3958333333333335,32600000,0.35276073619631904
3,Not Graduate,Yes,8300000,25900000,8,696,14400000,12200000,23500000,7100000,1,3.1204819277108435,57200000,0.4527972027972028
4,Not Graduate,No,7600000,23900000,8,672,2500000,1600000,20200000,6700000,1,3.1447368421052633,31000000,0.7709677419354839
4,Graduate,No,5100000,12300000,20,410,9200000,9200000,18700000,5600000,0,2.411764705882353,42700000,0.28805620608899296
5,Graduate,No,3600000,11600000,14,546,8500000,300000,12000000,4800000,0,3.2222222222222223,25600000,0.453125
3,Not Graduate,Yes,5400000,16800000,16,550,10700000,6400000,13400000,7000000,1,3.111111111111111,37500000,0.448
5,Not Graduate,No,700000,1400000,4,344,1500000,800000,2600000,300000,0,2.0,5200000,0.2692307692307692
2,Not Graduate,Yes,9800000,38200000,10,743,5400000,14800000,24300000,5300000,1,3.8979591836734695,49800000,0.7670682730923695
4,Graduate,No,9700000,36400000,4,772,13800000,11300000,38100000,13500000,1,3.752577319587629,76700000,0.4745762711864407
0,Graduate,Yes,9400000,29900000,12,302,12300000,1500000,35700000,8200000,0,3.1808510638297873,57700000,0.5181975736568457
3,Graduate,Yes,3200000,9100000,18,376,4500000,800000,9000000,1700000,0,2.84375,16000000,0.56875
0,Graduate,Yes,3700000,11600000,10,747,0,4500000,9000000,3500000,1,3.135135135135135,17000000,0.6823529411764706
2,Graduate,Yes,4200000,15800000,6,710,12300000,3700000,12600000,4600000,1,3.761904761904762,33200000,0.4759036144578313
2,Not Graduate,No,7000000,24200000,6,892,20600000,500000,21400000,9200000,1,3.4571428571428573,51700000,0.46808510638297873
3,Not Graduate,No,3200000,11500000,16,492,4800000,2300000,10400000,3200000,0,3.59375,20700000,0.5555555555555556
5,Graduate,No,7900000,17700000,2,559,19700000,2800000,28900000,5400000,1,2.240506329113924,56800000,0.31161971830985913
3,Not Graduate,No,2200000,8300000,18,314,1100000,900000,5800000,2000000,0,3.772727272727273,9800000,0.8469387755102041
0,Graduate,Yes,2700000,8400000,6,744,1200000,4100000,7500000,2000000,1,3.111111111111111,14800000,0.5675675675675675
5,Not Graduate,No,6800000,18000000,12,690,17800000,11800000,25000000,9300000,1,2.6470588235294117,63900000,0.28169014084507044
3,Graduate,Yes,6300000,23300000,4,347,18300000,12200000,21100000,8100000,1,3.6984126984126986,59700000,0.39028475711892796
5,Graduate,Yes,9000000,31400000,2,677,12000000,10800000,20700000,8700000,1,3.488888888888889,52200000,0.6015325670498084
1,Graduate,No,4700000,15700000,4,468,13300000,5100000,16200000,3600000,1,3.3404255319148937,38200000,0.4109947643979058
2,Not Graduate,No,8100000,17500000,4,674,10800000,12700000,23200000,9300000,1,2.1604938271604937,56000000,0.3125
2,Not Graduate,No,9000000,27300000,14,353,22600000,4400000,26900000,7200000,0,3.033333333333333,61100000,0.44680851063829785
4,Not Graduate,No,3800000,14100000,8,727,3900000,4900000,8200000,5400000,1,3.710526315789474,22400000,0.6294642857142857
4,Not Graduate,Yes,8800000,22200000,10,512,6800000,4000000,31900000,9900000,0,2.522727272727273,52600000,0.4220532319391635
3,Not Graduate,Yes,8700000,27200000,18,454,9100000,9300000,30900000,12000000,0,3.1264367816091956,61300000,0.4437194127243067
5,Not Graduate,No,5000000,12400000,14,315,7400000,8600000,17000000,4000000,0,2.48,37000000,0.33513513513513515
0,Not Graduate,Yes,6000000,22700000,10,480,200000,11900000,13700000,8700000,0,3.783333333333333,34500000,0.6579710144927536
2,Graduate,Yes,9100000,24200000,16,685,25600000,1900000,31100000,9100000,1,2.659340659340659,67700000,0.35745937961595275
1,Graduate,No,7400000,17900000,6,460,2600000,1300000,25900000,5000000,0,2.418918918918919,34800000,0.514367816091954
1,Not Graduate,Yes,8300000,28400000,16,704,1400000,11700000,16900000,11400000,1,3.4216867469879517,41400000,0.6859903381642513
1,Graduate,Yes,7600000,23900000,12,692,500000,12200000,27000000,5000000,1,3.1447368421052633,44700000,0.5346756152125279
1,Not Graduate,Yes,3500000,9600000,4,398,1700000,6000000,7900000,4600000,0,2.742857142857143,20200000,0.4752475247524752
5,Graduate,Yes,1000000,3500000,18,882,900000,500000,2900000,600000,1,3.5,4900000,0.7142857142857143
5,Graduate,Yes,9900000,25900000,4,860,7800000,200000,38000000,5400000,1,2.6161616161616164,51400000,0.5038910505836576
2,Graduate,Yes,5700000,15100000,18,330,5900000,3800000,16600000,6200000,0,2.6491228070175437,32500000,0.4646153846153846
5,Graduate,No,700000,2400000,16,447,1300000,700000,2600000,800000,0,3.4285714285714284,5400000,0.4444444444444444
0,Not Graduate,Yes,9600000,23800000,12,788,9900000,14400000,21200000,10400000,1,2.4791666666666665,55900000,0.4257602862254025
1,Not Graduate,No,9300000,28900000,6,526,11100000,1600000,19700000,11000000,0,3.10752688172043,43400000,0.6658986175115207
0,Graduate,No,9500000,28400000,18,577,6200000,10300000,30200000,14100000,1,2.9894736842105263,60800000,0.46710526315789475
4,Graduate,Yes,8700000,23400000,16,372,10600000,11700000,20000000,8000000,0,2.689655172413793,50300000,0.46520874751491054
5,Graduate,Yes,7300000,21000000,14,759,15500000,8000000,20300000,10800000,1,2.8767123287671232,54600000,0.38461538461538464
3,Graduate,Yes,4100000,12700000,10,465,6400000,1900000,14100000,3200000,0,3.097560975609756,25600000,0.49609375
2,Graduate,No,2900000,10200000,4,789,1200000,4100000,6100000,3600000,1,3.5172413793103448,15000000,0.68
3,Graduate,Yes,7500000,17900000,2,680,7000000,11800000,25000000,6300000,1,2.3866666666666667,50100000,0.35728542914171657
1,Graduate,No,7900000,25700000,20,681,14900000,3000000,18100000,8800000,1,3.2531645569620253,44800000,0.5736607142857143
1,Graduate,Yes,6900000,22300000,16,673,17400000,100000,21300000,9000000,1,3.2318840579710146,47800000,0.4665271966527197
0,Not Graduate,No,6900000,22900000,10,313,5600000,9300000,26200000,8000000,0,3.318840579710145,49100000,0.4663951120162933
0,Not Graduate,No,4800000,18800000,16,551,7900000,9400000,17300000,5500000,1,3.9166666666666665,40100000,0.4688279301745636
5,Graduate,Yes,7700000,24400000,8,453,1400000,7700000,22000000,10000000,0,3.168831168831169,41100000,0.5936739659367397
3,Not Graduate,No,6900000,22700000,4,650,900000,13400000,15500000,6400000,1,3.289855072463768,36200000,0.6270718232044199
1,Not Graduate,No,1200000,4500000,4,439,3200000,1800000,2900000,1200000,1,3.75,9100000,0.4945054945054945
1,Graduate,No,2900000,9600000,4,658,8200000,4300000,7000000,2700000,1,3.310344827586207,22200000,0.43243243243243246
4,Graduate,Yes,5500000,18900000,6,379,13900000,9100000,18500000,3100000,0,3.4363636363636365,44600000,0.42376681614349776
4,Graduate,Yes,3200000,10700000,4,450,7300000,3000000,8200000,1800000,1,3.34375,20300000,0.5270935960591133
5,Not Graduate,No,2600000,8200000,4,849,7400000,2000000,8900000,2700000,1,3.1538461538461537,21000000,0.3904761904761905
0,Graduate,No,500000,1600000,18,865,1400000,400000,1000000,200000,1,3.2,3000000,0.5333333333333333
0,Graduate,No,1800000,6900000,10,853,900000,400000,3700000,1700000,0,3.8333333333333335,6700000,1.0298507462686568
0,Not Graduate,No,1300000,4900000,12,555,2400000,1200000,4100000,1700000,1,3.769230769230769,9400000,0.5212765957446809
1,Not Graduate,No,9900000,20700000,20,821,12700000,8200000,38100000,11100000,1,2.090909090909091,70100000,0.29529243937232524
0,Not Graduate,No,2000000,4700000,2,820,4700000,500000,7900000,1200000,1,2.35,14300000,0.32867132867132864
1,Not Graduate,No,5100000,15300000,4,721,7000000,6100000,15300000,5900000,1,3.0,34300000,0.446064139941691
4,Graduate,Yes,8200000,24000000,20,831,23000000,3000000,24800000,5400000,1,2.926829268292683,56200000,0.42704626334519574
5,Not Graduate,No,4200000,12600000,18,571,8900000,3200000,11700000,6200000,1,3.0,30000000,0.42
2,Not Graduate,Yes,1300000,4900000,8,582,2100000,1800000,3400000,1700000,1,3.769230769230769,9000000,0.5444444444444444
1,Not Graduate,Yes,4600000,13600000,18,487,11200000,8500000,15500000,5400000,0,2.9565217391304346,40600000,0.33497536945812806
1,Not Graduate,No,6600000,19700000,12,758,16000000,4400000,18800000,9500000,1,2.984848484848485,48700000,0.40451745379876797
2,Graduate,Yes,8300000,30100000,16,636,5200000,5100000,33100000,7200000,1,3.6265060240963853,50600000,0.5948616600790514
0,Graduate,No,6900000,20700000,16,857,17100000,13700000,14600000,8800000,1,3.0,54200000,0.38191881918819187
4,Graduate,Yes,4700000,12500000,8,678,13700000,200000,9800000,7000000,1,2.6595744680851063,30700000,0.40716612377850164
1,Graduate,No,7900000,15800000,8,551,800000,3500000,18700000,8300000,1,2.0,31300000,0.5047923322683706
3,Not Graduate,No,8800000,24900000,16,668,16700000,17200000,30000000,10500000,1,2.8295454545454546,74400000,0.3346774193548387
1,Graduate,No,6500000,23400000,2,672,5000000,10400000,16700000,7600000,1,3.6,39700000,0.5894206549118388
3,Not Graduate,No,3500000,13700000,4,439,5200000,2800000,13000000,4400000,1,3.914285714285714,25400000,0.5393700787401575
2,Not Graduate,Yes,8200000,19600000,16,636,11500000,2300000,28800000,10700000,1,2.3902439024390243,53300000,0.3677298311444653
0,Not Graduate,Yes,2000000,6000000,14,393,1500000,1400000,5900000,2900000,0,3.0,11700000,0.5128205128205128
5,Not Graduate,No,2700000,8200000,2,848,7000000,1000000,6200000,1500000,1,3.037037037037037,15700000,0.5222929936305732
0,Graduate,Yes,5300000,17600000,4,790,2000000,10200000,19700000,7700000,1,3.3207547169811322,39600000,0.4444444444444444
2,Not Graduate,No,9900000,19900000,6,312,21400000,2200000,31400000,11000000,0,2.01010101010101,66000000,0.3015151515151515
2,Not Graduate,Yes,5000000,19500000,14,775,3100000,4700000,9900000,6500000,1,3.9,24200000,0.8057851239669421
2,Not Graduate,No,9100000,18600000,20,403,18400000,11700000,20300000,9200000,0,2.043956043956044,59600000,0.31208053691275167
3,Not Graduate,Yes,7600000,26400000,14,867,9200000,700000,27900000,7400000,1,3.473684210526316,45200000,0.584070796460177
0,Graduate,No,5200000,17800000,18,558,8300000,5400000,13000000,3100000,1,3.423076923076923,29800000,0.5973154362416108
5,Graduate,No,1800000,6000000,4,548,1400000,2400000,6500000,2600000,1,3.3333333333333335,12900000,0.46511627906976744
0,Not Graduate,No,7300000,28200000,16,486,15300000,8800000,16400000,7700000,0,3.863013698630137,48200000,0.5850622406639004
4,Graduate,No,3200000,11600000,6,635,3300000,4600000,6500000,3900000,1,3.625,18300000,0.6338797814207651
5,Graduate,No,5200000,20700000,2,538,3200000,2000000,14600000,3600000,1,3.980769230769231,23400000,0.8846153846153846
4,Not Graduate,No,7100000,28200000,14,496,6300000,10900000,27700000,4600000,0,3.971830985915493,49500000,0.5696969696969697
4,Graduate,Yes,1400000,4800000,6,411,1400000,300000,4400000,1600000,0,3.4285714285714284,7700000,0.6233766233766234
4,Not Graduate,No,2700000,10700000,6,857,7400000,4200000,8200000,2800000,1,3.962962962962963,22600000,0.47345132743362833
5,Graduate,Yes,6500000,18100000,10,360,15700000,10600000,20200000,6100000,0,2.7846153846153845,52600000,0.344106463878327
4,Graduate,No,9300000,35900000,18,461,9800000,12700000,26200000,11400000,0,3.860215053763441,60100000,0.5973377703826955
0,Graduate,Yes,6700000,14900000,16,638,3300000,6900000,22300000,8100000,1,2.2238805970149254,40600000,0.3669950738916256
5,Graduate,No,6800000,19300000,6,865,12100000,100000,22900000,9000000,1,2.838235294117647,44100000,0.4376417233560091
5,Not Graduate,No,5600000,13600000,4,449,5900000,5700000,18800000,4300000,0,2.4285714285714284,34700000,0.3919308357348703
1,Not Graduate,Yes,1900000,4700000,2,870,4700000,2300000,3900000,2300000,1,2.473684210526316,13200000,0.3560606060606061
5,Not Graduate,No,8400000,19500000,6,815,5300000,2500000,24000000,7200000,1,2.3214285714285716,39000000,0.5
2,Not Graduate,Yes,2500000,7200000,16,454,4200000,1000000,7100000,2100000,0,2.88,14400000,0.5
1,Not Graduate,Yes,2900000,9900000,18,783,1300000,100000,11000000,2600000,1,3.413793103448276,15000000,0.66
3,Graduate,Yes,3200000,7400000,2,543,3600000,4500000,11200000,4600000,0,2.3125,23900000,0.30962343096234307
4,Not Graduate,Yes,3000000,10900000,2,786,7600000,3300000,8000000,3200000,1,3.6333333333333333,22100000,0.49321266968325794
3,Graduate,Yes,800000,2500000,20,395,1500000,300000,1600000,500000,0,3.125,3900000,0.6410256410256411
2,Not Graduate,Yes,400000,1300000,2,885,200000,300000,1100000,500000,1,3.25,2100000,0.6190476190476191
2,Not Graduate,No,4400000,10600000,20,488,10800000,2400000,13200000,4600000,0,2.409090909090909,31000000,0.3419354838709677
2,Not Graduate,Yes,8700000,19900000,10,829,7500000,10500000,20200000,8400000,1,2.2873563218390807,46600000,0.4270386266094421
4,Not Graduate,No,7400000,15400000,6,677,22000000,13500000,28900000,7400000,1,2.081081081081081,71800000,0.21448467966573817
4,Not Graduate,Yes,5700000,14400000,12,645,14500000,8600000,12900000,4700000,1,2.526315789473684,40700000,0.3538083538083538
5,Not Graduate,Yes,9700000,27600000,10,788,9400000,3100000,31800000,10600000,1,2.845360824742268,54900000,0.5027322404371585
2,Not Graduate,No,7000000,22400000,6,649,12200000,9900000,17800000,8900000,1,3.2,48800000,0.45901639344262296
2,Not Graduate,No,8900000,23100000,4,519,22800000,500000,25200000,4700000,0,2.595505617977528,53200000,0.4342105263157895
3,Graduate,Yes,3100000,11200000,14,772,3400000,5800000,8300000,2100000,1,3.6129032258064515,19600000,0.5714285714285714
4,Graduate,No,2200000,6100000,12,330,5500000,2900000,5000000,2200000,0,2.772727272727273,15600000,0.391025641025641
5,Not Graduate,Yes,7100000,21500000,4,557,8900000,8000000,26400000,4000000,1,3.028169014084507,47300000,0.45454545454545453
4,Graduate,Yes,8200000,19000000,6,334,24500000,6800000,28600000,10200000,0,2.317073170731707,70100000,0.2710413694721826
3,Graduate,Yes,9800000,28400000,12,487,8900000,15400000,30800000,11100000,0,2.8979591836734695,66200000,0.42900302114803623
2,Graduate,Yes,3900000,9700000,8,539,4400000,7600000,7900000,5100000,0,2.4871794871794872,25000000,0.388
2,Graduate,Yes,2200000,8100000,8,710,500000,2900000,7300000,1000000,1,3.6818181818181817,11700000,0.6923076923076923
5,Not Graduate,Yes,600000,1700000,20,879,1100000,100000,2300000,700000,1,2.8333333333333335,4200000,0.40476190476190477
4,Not Graduate,Yes,6900000,22000000,10,512,6100000,9100000,20600000,3900000,0,3.1884057971014492,39700000,0.5541561712846348
2,Graduate,Yes,7400000,27300000,18,561,12600000,400000,27100000,9600000,1,3.689189189189189,49700000,0.5492957746478874
3,Not Graduate,Yes,4000000,11600000,6,539,5900000,2600000,12100000,4700000,0,2.9,25300000,0.45849802371541504
3,Not Graduate,Yes,700000,2000000,18,544,800000,1300000,1500000,400000,0,2.857142857142857,4000000,0.5
2,Not Graduate,Yes,1900000,4600000,16,631,3200000,2700000,4500000,2700000,1,2.4210526315789473,13100000,0.3511450381679389
2,Graduate,No,2200000,6800000,20,546,4600000,200000,4500000,2200000,0,3.090909090909091,11500000,0.591304347826087
1,Graduate,Yes,2000000,5600000,14,569,5000000,1100000,7900000,1600000,1,2.8,15600000,0.358974358974359
4,Not Graduate,No,7400000,17900000,6,384,13400000,12300000,22400000,4700000,0,2.418918918918919,52800000,0.3390151515151515
2,Not Graduate,Yes,2300000,9000000,6,583,3600000,1300000,6900000,3400000,1,3.9130434782608696,15200000,0.5921052631578947
5,Not Graduate,Yes,4000000,15500000,12,517,0,600000,12100000,3500000,0,3.875,16200000,0.9567901234567902
3,Graduate,Yes,1500000,5800000,18,420,800000,1900000,4100000,1400000,0,3.8666666666666667,8200000,0.7073170731707317
2,Not Graduate,Yes,5200000,12900000,18,644,400000,5000000,12000000,7500000,1,2.480769230769231,24900000,0.5180722891566265
2,Graduate,No,5400000,14500000,8,349,10800000,4800000,21100000,6600000,0,2.685185185185185,43300000,0.3348729792147806
3,Graduate,No,7700000,25300000,18,662,3400000,11400000,19100000,9900000,1,3.2857142857142856,43800000,0.5776255707762558
0,Not Graduate,Yes,1900000,6400000,20,704,900000,3400000,5300000,1900000,1,3.3684210526315788,11500000,0.5565217391304348
4,Not Graduate,Yes,6400000,15500000,2,324,18400000,11100000,13900000,4500000,0,2.421875,47900000,0.3235908141962422
5,Graduate,No,700000,1700000,18,757,1900000,200000,2100000,600000,1,2.4285714285714284,4800000,0.3541666666666667
3,Graduate,Yes,5800000,23000000,16,361,6000000,10100000,23000000,2800000,0,3.9655172413793105,41900000,0.548926014319809
1,Graduate,No,1800000,5400000,4,415,4400000,2000000,5600000,1800000,1,3.0,13800000,0.391304347826087
5,Graduate,Yes,4300000,13800000,18,618,9600000,800000,14000000,2400000,1,3.2093023255813953,26800000,0.5149253731343284
4,Graduate,No,8000000,27100000,8,524,16900000,10900000,25600000,8400000,0,3.3875,61800000,0.43851132686084143
0,Not Graduate,No,1100000,4100000,18,887,400000,1300000,2600000,1300000,1,3.727272727272727,5600000,0.7321428571428571
2,Not Graduate,Yes,8800000,31100000,12,729,12300000,2400000,21900000,9400000,1,3.534090909090909,46000000,0.6760869565217391
4,Graduate,No,4800000,18600000,14,774,10800000,5800000,12700000,6500000,1,3.875,35800000,0.5195530726256983
0,Not Graduate,Yes,200000,700000,20,724,600000,0,500000,300000,1,3.5,1400000,0.5
5,Graduate,Yes,1400000,2700000,16,320,900000,2500000,2700000,2000000,0,1.9285714285714286,8100000,0.3333333333333333
5,Graduate,No,2500000,6400000,16,590,3200000,3900000,5800000,3500000,1,2.56,16400000,0.3902439024390244
5,Graduate,No,8100000,25300000,8,796,15900000,12600000,21500000,7800000,1,3.123456790123457,57800000,0.43771626297577854
0,Graduate,Yes,6100000,19200000,6,890,13900000,5900000,16700000,7600000,1,3.1475409836065573,44100000,0.43537414965986393
0,Not Graduate,Yes,2000000,4600000,16,651,2100000,2400000,7200000,1600000,1,2.3,13300000,0.3458646616541353
4,Not Graduate,No,4800000,10100000,12,634,9200000,300000,15000000,6900000,1,2.1041666666666665,31400000,0.321656050955414
4,Graduate,Yes,900000,2800000,2,660,1200000,1400000,2400000,900000,1,3.111111111111111,5900000,0.4745762711864407
4,Not Graduate,No,1300000,3500000,12,512,3300000,1400000,3200000,700000,0,2.6923076923076925,8600000,0.4069767441860465
4,Not Graduate,Yes,4200000,9100000,2,900,6700000,5300000,10900000,5900000,1,2.1666666666666665,28800000,0.3159722222222222
2,Graduate,Yes,3300000,11100000,20,823,4600000,1500000,11700000,2900000,1,3.3636363636363638,20700000,0.5362318840579711
2,Not Graduate,Yes,8700000,28400000,12,880,8000000,1800000,19400000,4400000,1,3.264367816091954,33600000,0.8452380952380952
1,Not Graduate,Yes,800000,2600000,2,439,600000,0,1800000,400000,1,3.25,2800000,0.9285714285714286
5,Graduate,Yes,7400000,17100000,2,441,14700000,1600000,20600000,10800000,0,2.310810810810811,47700000,0.3584905660377358
3,Not Graduate,No,6900000,18500000,6,360,14000000,0,18800000,9600000,0,2.681159420289855,42400000,0.4363207547169811
1,Graduate,Yes,8800000,33700000,14,561,10200000,7100000,25700000,11900000,1,3.8295454545454546,54900000,0.6138433515482696
2,Graduate,Yes,8600000,32500000,4,758,20900000,600000,18000000,6900000,1,3.7790697674418605,46400000,0.7004310344827587
2,Graduate,No,5400000,20600000,18,621,11200000,2200000,11600000,5500000,1,3.814814814814815,30500000,0.6754098360655738
4,Graduate,Yes,2900000,5900000,18,621,200000,3100000,8500000,3500000,1,2.0344827586206895,15300000,0.38562091503267976
3,Graduate,No,9800000,21000000,12,342,25400000,16600000,26900000,7000000,0,2.142857142857143,75900000,0.2766798418972332
4,Graduate,No,3300000,10800000,4,552,4200000,900000,8600000,3300000,1,3.272727272727273,17000000,0.6352941176470588
0,Not Graduate,No,300000,500000,18,376,300000,0,800000,300000,0,1.6666666666666667,1400000,0.35714285714285715
0,Graduate,No,1500000,4300000,12,801,4400000,2200000,3300000,1100000,1,2.8666666666666667,11000000,0.39090909090909093
3,Not Graduate,Yes,5400000,16300000,4,512,1600000,3400000,13100000,6000000,1,3.0185185185185186,24100000,0.6763485477178424
0,Graduate,No,6600000,15200000,18,497,1500000,6900000,14500000,9300000,0,2.303030303030303,32200000,0.4720496894409938
0,Graduate,No,5700000,17200000,8,386,4200000,7100000,14400000,2900000,0,3.017543859649123,28600000,0.6013986013986014
3,Not Graduate,Yes,8500000,26100000,2,683,6600000,10400000,24100000,5700000,1,3.070588235294118,46800000,0.5576923076923077
0,Graduate,No,7400000,24100000,16,779,800000,2900000,28900000,4900000,1,3.2567567567567566,37500000,0.6426666666666667
3,Not Graduate,Yes,7800000,17700000,6,876,15600000,15200000,25100000,10800000,1,2.269230769230769,66700000,0.2653673163418291
3,Graduate,Yes,7200000,16500000,18,515,7800000,6300000,17300000,10600000,0,2.2916666666666665,42000000,0.39285714285714285
2,Not Graduate,No,7600000,19300000,12,463,5400000,1500000,16000000,9600000,0,2.539473684210526,32500000,0.5938461538461538
4,Not Graduate,Yes,7000000,26700000,4,486,10600000,12200000,18800000,6000000,1,3.8142857142857145,47600000,0.5609243697478992
0,Not Graduate,No,5700000,13000000,6,328,7800000,7500000,20700000,8200000,0,2.280701754385965,44200000,0.29411764705882354
2,Not Graduate,No,8200000,30600000,10,343,9800000,11500000,16900000,7000000,0,3.731707317073171,45200000,0.6769911504424779
0,Graduate,Yes,9000000,27800000,8,712,900000,6700000,24400000,5800000,1,3.088888888888889,37800000,0.7354497354497355
3,Not Graduate,No,3900000,11900000,6,607,6600000,6000000,8800000,2000000,1,3.051282051282051,23400000,0.5085470085470085
0,Graduate,No,6500000,16200000,4,812,17200000,10700000,20200000,6200000,1,2.4923076923076923,54300000,0.2983425414364641
4,Not Graduate,Yes,2300000,7700000,16,589,6000000,4400000,6300000,2300000,1,3.347826086956522,19000000,0.4052631578947368
1,Not Graduate,No,5700000,21800000,18,657,14100000,3200000,21800000,3200000,1,3.824561403508772,42300000,0.5153664302600472
4,Not Graduate,No,800000,2800000,12,453,1500000,300000,2900000,600000,0,3.5,5300000,0.5283018867924528
4,Not Graduate,Yes,8400000,19700000,14,889,22400000,5800000,22000000,12100000,1,2.3452380952380953,62300000,0.3162118780096308
1,Graduate,Yes,4300000,17200000,4,564,10400000,6600000,11500000,2200000,1,4.0,30700000,0.5602605863192183
1,Not Graduate,Yes,300000,900000,20,419,800000,0,600000,300000,0,3.0,1700000,0.5294117647058824
1,Graduate,No,8700000,34000000,16,663,5400000,10700000,17800000,8100000,1,3.9080459770114944,42000000,0.8095238095238095
1,Not Graduate,No,4400000,12100000,4,884,9800000,6500000,15000000,6000000,1,2.75,37300000,0.32439678284182305
1,Graduate,Yes,5600000,16800000,16,528,7500000,6500000,12300000,3900000,0,3.0,30200000,0.5562913907284768
2,Graduate,No,600000,1300000,12,475,100000,1100000,2300000,600000,0,2.1666666666666665,4100000,0.3170731707317073
4,Not Graduate,Yes,2500000,5100000,20,695,1100000,4100000,6700000,3500000,1,2.04,15400000,0.33116883116883117
5,Not Graduate,No,3800000,10500000,10,759,1800000,6700000,8100000,5300000,1,2.763157894736842,21900000,0.4794520547945205
2,Not Graduate,No,2500000,9600000,4,636,900000,1000000,7300000,2000000,1,3.84,11200000,0.8571428571428571
3,Not Graduate,Yes,5500000,20400000,10,546,10600000,8200000,13500000,4000000,0,3.709090909090909,36300000,0.5619834710743802
5,Graduate,Yes,4500000,17100000,2,639,10600000,7500000,12000000,6500000,1,3.8,36600000,0.4672131147540984
4,Not Graduate,No,1900000,4000000,10,388,500000,1400000,5600000,900000,0,2.1052631578947367,8400000,0.47619047619047616
5,Graduate,Yes,6400000,20000000,12,594,100000,2100000,16500000,5500000,1,3.125,24200000,0.8264462809917356
1,Not Graduate,Yes,3800000,11100000,6,760,2100000,1800000,8700000,5700000,1,2.9210526315789473,18300000,0.6065573770491803
4,Not Graduate,Yes,6300000,16900000,16,582,16000000,3600000,23700000,6000000,1,2.6825396825396823,49300000,0.34279918864097364
3,Not Graduate,No,300000,600000,6,896,300000,400000,600000,400000,1,2.0,1700000,0.35294117647058826
5,Not Graduate,Yes,7100000,21800000,18,891,7000000,0,18900000,4700000,1,3.0704225352112675,30600000,0.7124183006535948
2,Not Graduate,Yes,600000,1700000,2,495,1700000,200000,1200000,500000,0,2.8333333333333335,3600000,0.4722222222222222
3,Graduate,Yes,4400000,15300000,16,865,1200000,8400000,15000000,3400000,1,3.477272727272727,28000000,0.5464285714285714
4,Not Graduate,No,7600000,20800000,12,775,1900000,13600000,19200000,6400000,1,2.736842105263158,41100000,0.5060827250608273
5,Graduate,Yes,8700000,26400000,10,318,11800000,2900000,23200000,9200000,0,3.0344827586206895,47100000,0.5605095541401274
3,Graduate,Yes,5600000,12700000,12,395,8200000,9300000,22000000,6400000,0,2.267857142857143,45900000,0.2766884531590414
4,Not Graduate,No,4100000,13100000,14,772,11200000,4200000,10500000,3800000,1,3.1951219512195124,29700000,0.44107744107744107
2,Not Graduate,Yes,7900000,16100000,18,318,17300000,2900000,29900000,9300000,0,2.037974683544304,59400000,0.27104377104377103
3,Not Graduate,Yes,5600000,20900000,14,649,4000000,10700000,13000000,8200000,1,3.732142857142857,35900000,0.5821727019498607
3,Not Graduate,No,1200000,3100000,10,438,1500000,2200000,3900000,1000000,0,2.5833333333333335,8600000,0.36046511627906974
5,Graduate,No,6900000,19700000,6,588,9800000,7500000,17100000,7300000,1,2.8550724637681157,41700000,0.4724220623501199
5,Not Graduate,No,2700000,5600000,2,815,1100000,2000000,7100000,2600000,1,2.074074074074074,12800000,0.4375
4,Graduate,Yes,9800000,22100000,4,364,16800000,11100000,26500000,7300000,0,2.2551020408163267,61700000,0.3581847649918963
2,Not Graduate,No,9300000,32300000,4,586,14300000,6400000,37000000,10400000,1,3.4731182795698925,68100000,0.47430249632892807
4,Not Graduate,No,6700000,25300000,12,555,16900000,3600000,23500000,4900000,1,3.7761194029850746,48900000,0.5173824130879345
4,Graduate,No,1300000,4600000,10,312,1800000,600000,3100000,800000,0,3.5384615384615383,6300000,0.7301587301587301
2,Graduate,Yes,7900000,17100000,16,605,19200000,14100000,21900000,10400000,1,2.1645569620253164,65600000,0.2606707317073171
5,Not Graduate,No,6700000,23200000,18,672,1600000,6700000,20800000,5400000,1,3.462686567164179,34500000,0.672463768115942
2,Not Graduate,Yes,2100000,4500000,18,591,2500000,500000,5500000,1500000,1,2.142857142857143,10000000,0.45
4,Graduate,Yes,4700000,11000000,4,321,10100000,100000,9600000,6900000,0,2.3404255319148937,26700000,0.41198501872659177
2,Graduate,No,3700000,13400000,16,393,6400000,600000,14200000,3500000,0,3.6216216216216215,24700000,0.5425101214574899
0,Graduate,Yes,5800000,21800000,2,561,4400000,7200000,15000000,4200000,1,3.7586206896551726,30800000,0.7077922077922078
5,Graduate,Yes,2400000,6900000,20,725,1700000,400000,8800000,2400000,1,2.875,13300000,0.518796992481203
1,Not Graduate,Yes,8100000,27600000,16,438,1000000,10500000,32200000,8000000,0,3.4074074074074074,51700000,0.5338491295938105
5,Graduate,Yes,5400000,21400000,12,399,4000000,9700000,12400000,6800000,0,3.962962962962963,32900000,0.6504559270516718
0,Graduate,No,1400000,5400000,8,592,4100000,400000,4300000,800000,1,3.857142857142857,9600000,0.5625
2,Not Graduate,No,2500000,8600000,8,835,2500000,4000000,7700000,1300000,1,3.44,15500000,0.5548387096774193
0,Not Graduate,Yes,1600000,5300000,4,733,400000,2100000,5500000,1100000,1,3.3125,9100000,0.5824175824175825
0,Not Graduate,No,3700000,10600000,20,484,5800000,1300000,13900000,3500000,0,2.864864864864865,24500000,0.4326530612244898
5,Not Graduate,Yes,500000,1800000,20,615,500000,700000,1100000,300000,1,3.6,2600000,0.6923076923076923
3,Not Graduate,Yes,5300000,19500000,4,591,13200000,4700000,19800000,7900000,1,3.6792452830188678,45600000,0.4276315789473684
0,Graduate,Yes,2800000,6800000,12,349,4100000,2000000,11100000,1400000,0,2.4285714285714284,18600000,0.3655913978494624
1,Graduate,Yes,9600000,29900000,18,478,18500000,15200000,38200000,9400000,0,3.1145833333333335,81300000,0.3677736777367774
4,Graduate,No,2200000,7800000,20,633,0,3900000,8400000,1900000,1,3.5454545454545454,14200000,0.5492957746478874
1,Not Graduate,Yes,8400000,30900000,8,378,18600000,1000000,25900000,11100000,0,3.6785714285714284,56600000,0.5459363957597173
1,Not Graduate,No,2100000,5300000,20,461,1500000,3800000,8100000,1700000,0,2.5238095238095237,15100000,0.3509933774834437
2,Not Graduate,Yes,2800000,7000000,2,834,500000,2900000,8100000,1300000,1,2.5,12800000,0.546875
0,Not Graduate,No,2500000,5800000,20,671,7400000,500000,7500000,2000000,1,2.32,17400000,0.3333333333333333
3,Graduate,Yes,1700000,5800000,10,524,4100000,2900000,6600000,800000,0,3.411764705882353,14400000,0.4027777777777778
3,Graduate,No,6100000,20700000,4,816,14900000,5400000,24200000,5900000,1,3.3934426229508197,50400000,0.4107142857142857
3,Graduate,No,4100000,11700000,10,729,6900000,6200000,15400000,2100000,1,2.8536585365853657,30600000,0.38235294117647056
5,Not Graduate,Yes,4500000,12700000,8,307,11000000,3800000,12600000,2700000,0,2.8222222222222224,30100000,0.4219269102990033
2,Graduate,Yes,5600000,19100000,8,350,2700000,1200000,14200000,4200000,0,3.4107142857142856,22300000,0.8565022421524664
3,Not Graduate,Yes,5800000,16600000,10,444,13300000,5900000,15000000,8500000,0,2.8620689655172415,42700000,0.38875878220140514
4,Not Graduate,No,8600000,26700000,10,895,2200000,8800000,22600000,6900000,1,3.104651162790698,40500000,0.6592592592592592
2,Graduate,No,2900000,10500000,20,708,4200000,600000,7700000,4300000,1,3.6206896551724137,16800000,0.625
2,Not Graduate,Yes,8300000,17600000,2,355,1000000,700000,28400000,6800000,0,2.1204819277108435,36900000,0.47696476964769646
5,Not Graduate,No,2400000,5100000,6,756,1500000,200000,5300000,3400000,1,2.125,10400000,0.49038461538461536
4,Graduate,No,5600000,12000000,4,719,5600000,2900000,14500000,3400000,1,2.142857142857143,26400000,0.45454545454545453
1,Graduate,Yes,9500000,35400000,14,439,400000,1200000,20200000,13500000,0,3.7263157894736842,35300000,1.0028328611898016
4,Not Graduate,Yes,4900000,15900000,10,668,10800000,8300000,14900000,2800000,1,3.2448979591836733,36800000,0.4320652173913043
4,Not Graduate,Yes,5900000,16500000,2,765,13000000,9400000,20000000,3500000,1,2.7966101694915255,45900000,0.35947712418300654
5,Graduate,Yes,500000,1500000,4,476,200000,200000,1100000,700000,1,3.0,2200000,0.6818181818181818
3,Graduate,No,7000000,21700000,14,781,5400000,8500000,19300000,9600000,1,3.1,42800000,0.5070093457943925
1,Not Graduate,No,3500000,12700000,4,350,5200000,6800000,12900000,1800000,1,3.6285714285714286,26700000,0.4756554307116105
0,Graduate,No,5200000,12200000,16,783,5000000,2000000,11400000,5100000,1,2.3461538461538463,23500000,0.5191489361702127
3,Graduate,Yes,6300000,19900000,12,770,1900000,2400000,15500000,3100000,1,3.1587301587301586,22900000,0.868995633187773
2,Not Graduate,No,8400000,28300000,10,822,1800000,16000000,33000000,4400000,1,3.369047619047619,55200000,0.5126811594202898
1,Not Graduate,Yes,7500000,22500000,14,469,12300000,9600000,16200000,4500000,0,3.0,42600000,0.528169014084507
2,Graduate,No,3300000,13000000,16,300,5500000,5900000,7400000,3100000,0,3.9393939393939394,21900000,0.593607305936073
2,Not Graduate,No,8800000,22400000,14,692,21700000,5100000,18600000,10900000,1,2.5454545454545454,56300000,0.3978685612788632
5,Graduate,No,200000,700000,18,707,-100000,100000,500000,200000,1,3.5,700000,1.0
5,Not Graduate,Yes,8000000,29100000,4,658,10600000,8600000,28800000,4600000,1,3.6375,52600000,0.5532319391634981
3,Graduate,No,1000000,4000000,6,625,700000,100000,2800000,500000,1,4.0,4100000,0.975609756097561
1,Graduate,No,9400000,26700000,10,343,7600000,2500000,28600000,13200000,0,2.8404255319148937,51900000,0.5144508670520231
5,Graduate,No,2100000,7300000,18,358,3700000,3200000,7200000,2200000,0,3.4761904761904763,16300000,0.44785276073619634
4,Graduate,Yes,5400000,11500000,20,705,14600000,3800000,13500000,6100000,1,2.1296296296296298,38000000,0.3026315789473684
2,Graduate,Yes,4700000,15100000,8,799,9700000,2500000,10700000,4700000,1,3.2127659574468086,27600000,0.5471014492753623
3,Graduate,No,8800000,33700000,12,397,17300000,16000000,22200000,8800000,0,3.8295454545454546,64300000,0.5241057542768274
5,Graduate,No,3200000,12200000,6,493,7700000,6200000,6700000,2100000,0,3.8125,22700000,0.5374449339207048
0,Graduate,Yes,7200000,21900000,4,446,17700000,10900000,24500000,7600000,1,3.0416666666666665,60700000,0.36079077429983525
2,Not Graduate,Yes,2500000,7200000,16,315,5500000,3300000,4900000,2800000,0,2.88,16500000,0.43636363636363634
5,Not Graduate,Yes,6900000,15700000,14,887,13800000,5300000,25200000,4500000,1,2.2753623188405796,48800000,0.32172131147540983
5,Graduate,Yes,5700000,20500000,16,429,2800000,1900000,22400000,3900000,0,3.5964912280701755,31000000,0.6612903225806451
4,Graduate,Yes,5500000,15100000,18,673,10500000,8000000,13900000,7200000,1,2.7454545454545456,39600000,0.3813131313131313
4,Not Graduate,Yes,9200000,29100000,10,731,14500000,8300000,35800000,5000000,1,3.1630434782608696,63600000,0.45754716981132076
5,Graduate,Yes,5700000,11500000,2,732,15800000,3700000,15600000,5300000,1,2.017543859649123,40400000,0.28465346534653463
5,Graduate,Yes,5000000,16400000,14,525,13000000,9100000,15300000,3300000,0,3.28,40700000,0.40294840294840295
4,Not Graduate,No,2300000,5500000,6,343,-100000,4100000,4800000,3200000,0,2.391304347826087,12000000,0.4583333333333333
0,Not Graduate,Yes,3000000,11000000,16,331,8000000,4500000,6600000,2400000,0,3.6666666666666665,21500000,0.5116279069767442
0,Not Graduate,No,7900000,26200000,18,845,14200000,14700000,27400000,6300000,1,3.3164556962025316,62600000,0.4185303514376997
2,Graduate,No,2000000,6200000,16,696,4100000,600000,5400000,1300000,1,3.1,11400000,0.543859649122807
5,Not Graduate,No,2700000,8700000,14,772,2200000,2800000,7600000,3700000,1,3.2222222222222223,16300000,0.5337423312883436
3,Graduate,Yes,6400000,15800000,18,628,6900000,2700000,24800000,5300000,1,2.46875,39700000,0.3979848866498741
0,Not Graduate,Yes,8200000,19100000,2,764,22900000,8900000,20500000,4000000,1,2.3292682926829267,56300000,0.3392539964476021
1,Graduate,No,2800000,6900000,14,553,400000,4900000,6800000,4200000,1,2.4642857142857144,16300000,0.4233128834355828
1,Not Graduate,No,8900000,20000000,2,653,12700000,600000,17800000,9900000,1,2.247191011235955,41000000,0.4878048780487805
1,Not Graduate,No,5100000,20000000,4,506,7900000,8900000,20300000,6700000,1,3.9215686274509802,43800000,0.45662100456621
3,Graduate,No,2800000,8500000,20,431,6200000,1700000,7800000,2200000,0,3.0357142857142856,17900000,0.4748603351955307
2,Not Graduate,Yes,6100000,12300000,18,697,14100000,9100000,12600000,3500000,1,2.0163934426229506,39300000,0.31297709923664124
2,Not Graduate,No,8400000,24500000,6,588,11000000,1300000,22900000,10400000,1,2.9166666666666665,45600000,0.5372807017543859
1,Not Graduate,No,1600000,5600000,6,846,600000,2800000,4600000,1200000,1,3.5,9200000,0.6086956521739131
5,Graduate,No,4100000,11000000,14,379,6200000,1700000,8500000,5400000,0,2.682926829268293,21800000,0.5045871559633027
1,Not Graduate,No,300000,700000,10,745,0,0,900000,100000,1,2.3333333333333335,1000000,0.7
3,Graduate,No,9600000,34500000,20,523,26100000,2600000,24300000,5300000,0,3.59375,58300000,0.5917667238421955
4,Graduate,Yes,8300000,25400000,4,624,22900000,4000000,24800000,5400000,1,3.0602409638554215,57100000,0.4448336252189142
1,Graduate,No,4600000,16700000,16,407,13000000,6000000,9800000,2800000,0,3.630434782608696,31600000,0.5284810126582279
3,Not Graduate,Yes,5600000,11600000,12,756,3300000,1800000,18400000,7800000,1,2.0714285714285716,31300000,0.3706070287539936
3,Graduate,Yes,4100000,8300000,16,351,6000000,100000,11100000,2200000,0,2.024390243902439,19400000,0.42783505154639173
3,Not Graduate,No,3700000,13400000,18,373,2800000,100000,13200000,2500000,0,3.6216216216216215,18600000,0.7204301075268817
4,Not Graduate,Yes,800000,2400000,2,461,1300000,1300000,2300000,300000,1,3.0,5200000,0.46153846153846156
4,Graduate,No,8100000,28100000,12,672,5600000,9200000,17200000,9500000,1,3.4691358024691357,41500000,0.6771084337349398
2,Graduate,Yes,2700000,9500000,10,434,2700000,1500000,8100000,1800000,0,3.5185185185185186,14100000,0.6737588652482269
2,Not Graduate,Yes,7000000,21400000,12,541,3700000,1300000,19800000,9600000,0,3.057142857142857,34400000,0.622093023255814
3,Not Graduate,Yes,8100000,29300000,2,413,8100000,15100000,25500000,6400000,1,3.617283950617284,55100000,0.5317604355716878
1,Graduate,No,3200000,7600000,4,592,3000000,1400000,8100000,4700000,1,2.375,17200000,0.4418604651162791
4,Not Graduate,Yes,400000,1400000,10,665,300000,300000,1500000,200000,1,3.5,2300000,0.6086956521739131
1,Graduate,No,7800000,23900000,4,313,2600000,15300000,23000000,10900000,1,3.0641025641025643,51800000,0.4613899613899614
0,Not Graduate,No,5800000,19600000,14,673,8900000,10700000,18000000,7200000,1,3.3793103448275863,44800000,0.4375
0,Not Graduate,Yes,2600000,6000000,8,382,1700000,2200000,8200000,1600000,0,2.3076923076923075,13700000,0.43795620437956206
5,Not Graduate,No,5400000,21100000,12,661,15800000,10400000,20100000,5400000,1,3.9074074074074074,51700000,0.4081237911025145
3,Graduate,Yes,600000,1700000,4,576,400000,100000,2100000,500000,1,2.8333333333333335,3100000,0.5483870967741935
1,Graduate,No,600000,1200000,14,443,700000,1000000,2200000,800000,0,2.0,4700000,0.2553191489361702
5,Graduate,Yes,9500000,21700000,16,307,27500000,2700000,28500000,9700000,0,2.2842105263157895,68400000,0.3172514619883041
4,Graduate,Yes,1900000,4800000,12,656,1500000,1600000,5400000,1700000,1,2.526315789473684,10200000,0.47058823529411764
1,Graduate,Yes,9800000,21200000,4,885,18000000,16400000,37300000,10800000,1,2.163265306122449,82500000,0.25696969696969696
3,Graduate,No,7800000,16600000,20,896,12400000,10800000,30500000,5500000,1,2.128205128205128,59200000,0.28040540540540543
5,Not Graduate,No,4900000,14100000,2,802,3300000,7500000,16100000,2700000,1,2.877551020408163,29600000,0.47635135135135137
3,Graduate,Yes,8300000,22700000,2,650,3600000,16000000,18000000,5800000,1,2.7349397590361444,43400000,0.5230414746543779
4,Not Graduate,Yes,3900000,8900000,10,665,9300000,4000000,9200000,5300000,1,2.282051282051282,27800000,0.32014388489208634
2,Graduate,No,9000000,35700000,12,339,15200000,8400000,19500000,9000000,0,3.966666666666667,52100000,0.6852207293666027
1,Not Graduate,No,9600000,32400000,20,447,15400000,18400000,19800000,4700000,0,3.375,58300000,0.5557461406518011
5,Not Graduate,Yes,1000000,2400000,18,613,1600000,1300000,2600000,600000,1,2.4,6100000,0.39344262295081966
5,Graduate,No,2800000,7200000,16,424,900000,5000000,6100000,3200000,0,2.5714285714285716,15200000,0.47368421052631576
2,Not Graduate,No,8300000,20800000,6,667,19300000,4100000,25400000,6800000,1,2.5060240963855422,55600000,0.37410071942446044
4,Not Graduate,Yes,6900000,18300000,18,715,8200000,600000,15000000,7500000,1,2.652173913043478,31300000,0.5846645367412141
5,Not Graduate,Yes,3800000,9100000,18,654,9000000,4000000,10200000,3000000,1,2.3947368421052633,26200000,0.3473282442748092
2,Not Graduate,No,8000000,17800000,20,549,2400000,9700000,27400000,10800000,0,2.225,50300000,0.3538767395626243
4,Graduate,Yes,9800000,29700000,4,373,11100000,5500000,37800000,10000000,1,3.0306122448979593,64400000,0.4611801242236025
0,Graduate,Yes,2900000,7200000,16,332,3600000,5700000,7600000,3600000,0,2.4827586206896552,20500000,0.35121951219512193
4,Graduate,No,7900000,31500000,20,534,12400000,8500000,21600000,6400000,0,3.9873417721518987,48900000,0.6441717791411042
3,Not Graduate,No,4600000,17900000,8,396,10700000,4000000,12300000,2600000,0,3.891304347826087,29600000,0.6047297297297297
2,Graduate,No,1000000,3700000,18,892,2200000,800000,3000000,500000,1,3.7,6500000,0.5692307692307692
5,Graduate,No,9000000,21300000,14,602,3400000,7700000,35400000,11000000,1,2.3666666666666667,57500000,0.37043478260869567
0,Graduate,Yes,9400000,36100000,10,615,21200000,3800000,27400000,9100000,1,3.8404255319148937,61500000,0.5869918699186992
5,Graduate,Yes,7400000,23300000,20,482,15700000,3600000,29100000,6800000,0,3.1486486486486487,55200000,0.4221014492753623
0,Graduate,No,6600000,20100000,16,397,19200000,7000000,17200000,8400000,0,3.0454545454545454,51800000,0.38803088803088803
0,Not Graduate,No,1300000,3400000,10,464,1200000,200000,3500000,1400000,0,2.6153846153846154,6300000,0.5396825396825397
0,Graduate,Yes,1100000,3400000,14,832,3200000,200000,4400000,1600000,1,3.090909090909091,9400000,0.3617021276595745
5,Graduate,No,9200000,34800000,12,802,22000000,11000000,19800000,12500000,1,3.782608695652174,65300000,0.5329249617151608
2,Graduate,No,7000000,23900000,18,628,13400000,6600000,25200000,7200000,1,3.414285714285714,52400000,0.45610687022900764
4,Graduate,No,5100000,18800000,10,694,6400000,5300000,13500000,4100000,1,3.6862745098039214,29300000,0.6416382252559727
1,Not Graduate,Yes,3200000,9300000,20,741,3800000,3500000,6900000,2300000,1,2.90625,16500000,0.5636363636363636
1,Not Graduate,Yes,3700000,10900000,14,748,3700000,2800000,13200000,4100000,1,2.945945945945946,23800000,0.4579831932773109
5,Graduate,No,3600000,12800000,4,320,2500000,2900000,12600000,2900000,1,3.5555555555555554,20900000,0.6124401913875598
1,Graduate,No,5600000,11700000,10,774,11000000,4300000,13100000,6500000,1,2.0892857142857144,34900000,0.335243553008596
0,Not Graduate,Yes,9500000,32000000,2,500,8300000,9700000,24500000,5600000,1,3.3684210526315788,48100000,0.6652806652806653
4,Not Graduate,No,1500000,4000000,18,706,0,2700000,4400000,1700000,1,2.6666666666666665,8800000,0.45454545454545453
4,Not Graduate,No,7400000,18300000,10,601,16400000,12600000,28800000,6100000,1,2.472972972972973,63900000,0.2863849765258216
2,Graduate,No,6000000,17400000,16,806,1800000,2100000,20200000,3500000,1,2.9,27600000,0.6304347826086957
0,Graduate,Yes,3000000,9600000,6,644,3900000,700000,10500000,3000000,1,3.2,18100000,0.5303867403314917
4,Graduate,Yes,6000000,12900000,14,723,700000,1600000,13600000,4100000,1,2.15,20000000,0.645
5,Graduate,Yes,600000,1500000,12,509,1600000,100000,1900000,800000,0,2.5,4400000,0.3409090909090909
0,Graduate,No,1800000,6600000,4,898,2400000,100000,4600000,1400000,1,3.6666666666666665,8500000,0.7764705882352941
2,Graduate,Yes,5500000,12000000,2,567,7200000,4700000,11500000,7000000,1,2.1818181818181817,30400000,0.39473684210526316
1,Graduate,No,1000000,2100000,6,715,2200000,1000000,2200000,1100000,1,2.1,6500000,0.3230769230769231
2,Not Graduate,Yes,1700000,3500000,10,854,5000000,2400000,3400000,1700000,1,2.0588235294117645,12500000,0.28
1,Graduate,Yes,3400000,12300000,8,523,6100000,4700000,8300000,2600000,0,3.6176470588235294,21700000,0.5668202764976958
1,Graduate,Yes,9600000,35900000,8,534,24500000,17700000,31900000,5400000,0,3.7395833333333335,79500000,0.45157232704402517
0,Not Graduate,Yes,2600000,7600000,18,470,700000,700000,5500000,2900000,0,2.923076923076923,9800000,0.7755102040816326
1,Graduate,No,1600000,3500000,18,619,3200000,100000,6300000,1500000,1,2.1875,11100000,0.3153153153153153
0,Graduate,Yes,4300000,12800000,20,572,8600000,2200000,11000000,6100000,1,2.9767441860465116,27900000,0.45878136200716846
3,Graduate,No,1400000,3500000,16,365,2600000,2200000,2900000,1600000,0,2.5,9300000,0.3763440860215054
0,Not Graduate,No,8000000,18000000,16,791,13900000,10300000,23400000,10600000,1,2.25,58200000,0.30927835051546393
4,Not Graduate,Yes,5000000,18100000,12,424,5200000,2000000,14500000,6100000,0,3.62,27800000,0.6510791366906474
5,Graduate,No,4500000,10200000,12,726,2900000,8600000,17500000,4200000,1,2.2666666666666666,33200000,0.3072289156626506
1,Graduate,No,3400000,9900000,2,736,3900000,4800000,10600000,4500000,1,2.911764705882353,23800000,0.41596638655462187
5,Graduate,Yes,5700000,12800000,14,488,13600000,1000000,13200000,5500000,0,2.245614035087719,33300000,0.3843843843843844
2,Not Graduate,Yes,2600000,7600000,10,400,6800000,2800000,10100000,3200000,0,2.923076923076923,22900000,0.3318777292576419
0,Graduate,Yes,4500000,12200000,20,311,11200000,5000000,12700000,2400000,0,2.7111111111111112,31300000,0.38977635782747605
2,Not Graduate,Yes,5100000,16800000,2,504,6400000,2700000,17100000,4400000,1,3.2941176470588234,30600000,0.5490196078431373
4,Not Graduate,Yes,5100000,18600000,20,312,9600000,6000000,16500000,5500000,0,3.6470588235294117,37600000,0.4946808510638298
5,Graduate,Yes,1700000,6500000,14,587,1100000,1000000,6400000,1500000,1,3.823529411764706,10000000,0.65
1,Not Graduate,No,5200000,10500000,20,317,3000000,8000000,19300000,5300000,0,2.019230769230769,35600000,0.2949438202247191
4,Not Graduate,No,8400000,29000000,2,463,12700000,1100000,20100000,6700000,1,3.4523809523809526,40600000,0.7142857142857143
1,Not Graduate,Yes,9000000,34000000,16,842,6300000,16900000,22900000,5800000,1,3.7777777777777777,51900000,0.6551059730250481
4,Graduate,Yes,3400000,11800000,20,616,5000000,3300000,9900000,2900000,1,3.4705882352941178,21100000,0.5592417061611374
1,Not Graduate,No,5400000,19400000,8,800,800000,6100000,19500000,3000000,1,3.5925925925925926,29400000,0.6598639455782312
0,Graduate,Yes,700000,2100000,12,813,200000,1300000,2200000,500000,1,3.0,4200000,0.5
2,Graduate,No,7600000,24800000,12,564,14000000,6200000,24700000,6700000,1,3.263157894736842,51600000,0.4806201550387597
2,Not Graduate,No,5000000,14700000,12,837,2200000,7200000,11700000,4800000,1,2.94,25900000,0.5675675675675675
5,Not Graduate,Yes,2500000,9400000,16,735,0,2200000,9500000,1700000,1,3.76,13400000,0.7014925373134329
4,Not Graduate,Yes,2000000,5200000,16,724,5200000,3800000,4600000,2800000,1,2.6,16400000,0.3170731707317073
5,Not Graduate,No,9000000,23900000,12,658,5700000,4600000,32100000,6100000,1,2.6555555555555554,48500000,0.4927835051546392
5,Graduate,No,8300000,31800000,16,858,24600000,11100000,26300000,8500000,1,3.8313253012048194,70500000,0.451063829787234
0,Not Graduate,Yes,3100000,8500000,8,614,1700000,4600000,11000000,3300000,1,2.7419354838709675,20600000,0.41262135922330095
2,Graduate,Yes,8500000,25600000,16,714,11400000,14800000,17200000,5700000,1,3.011764705882353,49100000,0.5213849287169042
2,Graduate,Yes,1200000,4600000,20,605,3600000,1500000,4600000,600000,1,3.8333333333333335,10300000,0.44660194174757284
4,Graduate,Yes,2800000,5500000,8,875,6900000,4000000,6000000,3300000,1,1.9642857142857142,20200000,0.2722772277227723
5,Graduate,Yes,2800000,10900000,6,359,5000000,3300000,7600000,3000000,0,3.892857142857143,18900000,0.5767195767195767
5,Graduate,Yes,6500000,24100000,6,441,14100000,9600000,15300000,5200000,0,3.707692307692308,44200000,0.5452488687782805
4,Graduate,No,8700000,25200000,18,790,25000000,9100000,18400000,8400000,1,2.896551724137931,60900000,0.41379310344827586
1,Not Graduate,Yes,5400000,13600000,4,821,11600000,8700000,19900000,5600000,1,2.5185185185185186,45800000,0.29694323144104806
2,Not Graduate,No,8600000,33300000,16,375,19600000,11200000,25500000,11200000,0,3.872093023255814,67500000,0.49333333333333335
3,Graduate,No,4700000,9600000,10,545,5200000,7200000,12000000,5300000,0,2.0425531914893615,29700000,0.32323232323232326
5,Not Graduate,Yes,1100000,3900000,4,891,1100000,200000,3400000,900000,1,3.5454545454545454,5600000,0.6964285714285714
0,Graduate,No,6400000,14000000,8,486,5100000,12700000,23900000,3700000,0,2.1875,45400000,0.30837004405286345
0,Graduate,No,4300000,9900000,4,696,12400000,2100000,17000000,2100000,1,2.302325581395349,33600000,0.29464285714285715
5,Not Graduate,Yes,2900000,11100000,4,683,1700000,3900000,9400000,3300000,1,3.8275862068965516,18300000,0.6065573770491803
5,Not Graduate,No,9600000,27100000,8,594,25500000,4600000,26800000,13300000,1,2.8229166666666665,70200000,0.38603988603988604
3,Not Graduate,Yes,900000,2500000,20,529,900000,300000,3200000,700000,0,2.7777777777777777,5100000,0.49019607843137253
5,Not Graduate,No,8100000,26300000,4,429,3600000,8500000,22200000,6900000,1,3.246913580246914,41200000,0.6383495145631068
0,Not Graduate,Yes,8800000,25000000,4,400,11300000,4000000,23600000,9400000,0,2.840909090909091,48300000,0.5175983436853002
0,Graduate,No,8800000,17500000,4,848,25400000,8200000,31600000,5100000,1,1.9886363636363635,70300000,0.24893314366998578
1,Not Graduate,No,6400000,21500000,6,489,1600000,4600000,17600000,8900000,0,3.359375,32700000,0.6574923547400612
2,Graduate,No,2900000,6600000,10,326,8600000,2200000,7400000,3400000,0,2.2758620689655173,21600000,0.3055555555555556
5,Graduate,No,1600000,6100000,8,663,3900000,800000,6400000,1200000,1,3.8125,12300000,0.4959349593495935
1,Not Graduate,No,1600000,5100000,18,729,2500000,2000000,6200000,900000,1,3.1875,11600000,0.4396551724137931
2,Graduate,Yes,3100000,10700000,4,398,3100000,3000000,7400000,2000000,1,3.4516129032258065,15500000,0.6903225806451613
2,Not Graduate,Yes,5600000,16700000,14,856,400000,10200000,14700000,5200000,1,2.982142857142857,30500000,0.5475409836065573
3,Graduate,Yes,8100000,19900000,20,347,22800000,14400000,29800000,5500000,0,2.45679012345679,72500000,0.27448275862068966
3,Not Graduate,No,9100000,19300000,12,696,26200000,7700000,30100000,13300000,1,2.120879120879121,77300000,0.24967658473479948
0,Graduate,Yes,5500000,17100000,8,353,400000,200000,17100000,5200000,0,3.109090909090909,22900000,0.7467248908296943
1,Graduate,Yes,9700000,34300000,20,756,15700000,18500000,26800000,14100000,1,3.536082474226804,75100000,0.4567243675099867
4,Graduate,No,2300000,5400000,16,490,6200000,3700000,5500000,2100000,0,2.347826086956522,17500000,0.30857142857142855
1,Not Graduate,Yes,5600000,18000000,10,531,6500000,9000000,19800000,8400000,0,3.2142857142857144,43700000,0.41189931350114417
2,Not Graduate,Yes,4500000,16600000,4,679,10300000,3100000,11700000,5000000,1,3.688888888888889,30100000,0.5514950166112956
1,Graduate,Yes,500000,1800000,8,877,100000,200000,1100000,600000,1,3.6,2000000,0.9
0,Graduate,No,4200000,11000000,20,817,6700000,2400000,11700000,6100000,1,2.619047619047619,26900000,0.40892193308550184
1,Not Graduate,No,9100000,23300000,18,792,800000,12600000,32100000,12400000,1,2.5604395604395602,57900000,0.40241796200345425
4,Graduate,Yes,3200000,12800000,18,664,6300000,3400000,7600000,2100000,1,4.0,19400000,0.6597938144329897
4,Graduate,Yes,6200000,21300000,16,882,11800000,3500000,12900000,4100000,1,3.435483870967742,32300000,0.6594427244582043
3,Not Graduate,Yes,2500000,7700000,10,768,4500000,400000,8000000,2600000,1,3.08,15500000,0.4967741935483871
0,Graduate,No,9100000,27100000,12,787,24300000,2900000,34800000,9500000,1,2.978021978021978,71500000,0.37902097902097903
3,Graduate,Yes,500000,900000,12,538,0,700000,1500000,300000,0,1.8,2500000,0.36
4,Not Graduate,No,6900000,18000000,8,347,16400000,9300000,18300000,8700000,0,2.608695652173913,52700000,0.3415559772296015
0,Graduate,Yes,1800000,5200000,16,317,4900000,1500000,4000000,1300000,0,2.888888888888889,11700000,0.4444444444444444
0,Graduate,Yes,4000000,14500000,2,713,6200000,4900000,12200000,4700000,1,3.625,28000000,0.5178571428571429
1,Not Graduate,No,3900000,12300000,10,683,1000000,700000,11700000,2400000,1,3.1538461538461537,15800000,0.7784810126582279
2,Not Graduate,Yes,8000000,28100000,18,765,24000000,10500000,17700000,8200000,1,3.5125,60400000,0.4652317880794702
5,Graduate,No,900000,3200000,10,803,1600000,1700000,2300000,800000,1,3.5555555555555554,6400000,0.5
0,Graduate,Yes,8200000,29700000,6,405,3900000,800000,23900000,5700000,0,3.6219512195121952,34300000,0.8658892128279884
5,Graduate,No,2300000,4900000,4,529,6200000,3900000,9200000,2000000,0,2.130434782608696,21300000,0.2300469483568075
5,Graduate,Yes,6900000,19400000,6,801,10100000,9400000,17000000,5500000,1,2.8115942028985508,42000000,0.46190476190476193
3,Not Graduate,No,8800000,30700000,12,707,15000000,100000,32800000,8000000,1,3.4886363636363638,55900000,0.5491949910554562
1,Graduate,No,2600000,7200000,8,349,5900000,1400000,9400000,3000000,0,2.769230769230769,19700000,0.36548223350253806
1,Graduate,No,3700000,8700000,20,885,6200000,3500000,10900000,2600000,1,2.3513513513513513,23200000,0.375
2,Graduate,Yes,6200000,23800000,4,489,2900000,7500000,21300000,3300000,1,3.838709677419355,35000000,0.68
3,Graduate,Yes,1000000,2600000,6,341,2900000,1700000,3600000,1100000,0,2.6,9300000,0.27956989247311825
1,Not Graduate,No,6000000,20000000,12,637,10800000,4300000,20000000,8600000,1,3.3333333333333335,43700000,0.4576659038901602
1,Not Graduate,Yes,9100000,31400000,4,304,14100000,16700000,30200000,9600000,1,3.4505494505494507,70600000,0.4447592067988669
1,Graduate,No,1700000,6700000,16,537,4300000,2900000,3500000,1100000,0,3.9411764705882355,11800000,0.5677966101694916
5,Not Graduate,Yes,1700000,4600000,12,503,900000,2200000,4800000,1200000,0,2.7058823529411766,9100000,0.5054945054945055
1,Graduate,No,7100000,14300000,12,720,4600000,500000,27300000,8400000,1,2.0140845070422535,40800000,0.35049019607843135
5,Graduate,No,9400000,36800000,10,509,20700000,7400000,22400000,6300000,0,3.9148936170212765,56800000,0.647887323943662
5,Not Graduate,No,6200000,16400000,6,360,900000,7200000,22400000,6300000,0,2.6451612903225805,36800000,0.44565217391304346
1,Graduate,No,8300000,31800000,16,818,23400000,7400000,32200000,8500000,1,3.8313253012048194,71500000,0.44475524475524475
1,Graduate,Yes,8900000,21200000,8,716,5400000,9200000,23800000,7900000,1,2.3820224719101124,46300000,0.45788336933045354
1,Graduate,Yes,6500000,14800000,12,360,3500000,2100000,15000000,7300000,0,2.276923076923077,27900000,0.5304659498207885
3,Graduate,Yes,8100000,26700000,10,895,5100000,9800000,17100000,9900000,1,3.2962962962962963,41900000,0.6372315035799523
2,Not Graduate,No,4900000,13500000,8,328,10500000,8100000,18300000,3400000,0,2.7551020408163267,40300000,0.3349875930521092
4,Graduate,No,9100000,26600000,2,812,23300000,11900000,33100000,10400000,1,2.923076923076923,78700000,0.33799237611181704
3,Graduate,Yes,9000000,33100000,16,456,23800000,7000000,26000000,7100000,0,3.6777777777777776,63900000,0.5179968701095462
4,Graduate,Yes,1300000,3900000,16,566,700000,200000,3400000,1600000,1,3.0,5900000,0.6610169491525424
1,Not Graduate,No,6700000,25000000,20,598,5300000,12900000,13600000,7000000,1,3.7313432835820897,38800000,0.6443298969072165
5,Not Graduate,No,3200000,9300000,6,656,7000000,3200000,12700000,4200000,1,2.90625,27100000,0.34317343173431736
0,Not Graduate,No,7500000,28700000,2,895,2000000,4100000,21500000,7200000,1,3.8266666666666667,34800000,0.8247126436781609
3,Graduate,No,4900000,12800000,14,653,7300000,1000000,13000000,7200000,1,2.6122448979591835,28500000,0.44912280701754387
1,Not Graduate,Yes,700000,1800000,16,641,2100000,400000,1600000,900000,1,2.5714285714285716,5000000,0.36
2,Graduate,No,6400000,16500000,8,544,12100000,6300000,15200000,5400000,0,2.578125,39000000,0.4230769230769231
0,Not Graduate,Yes,3900000,14100000,20,811,5700000,3600000,10500000,5300000,1,3.6153846153846154,25100000,0.5617529880478087
4,Graduate,No,9700000,26900000,10,460,11400000,3900000,31400000,9300000,0,2.7731958762886597,56000000,0.48035714285714287
5,Graduate,Yes,3600000,12500000,12,795,10600000,2700000,11100000,4800000,1,3.4722222222222223,29200000,0.4280821917808219
2,Graduate,Yes,3400000,10300000,4,745,4900000,4000000,10000000,3900000,1,3.0294117647058822,22800000,0.4517543859649123
0,Not Graduate,No,9800000,20100000,16,606,6200000,800000,37300000,8700000,1,2.0510204081632653,53000000,0.37924528301886795
1,Not Graduate,No,5100000,14200000,6,451,6100000,7600000,11400000,5600000,0,2.784313725490196,30700000,0.46254071661237783
4,Graduate,Yes,5900000,11800000,8,479,11000000,1200000,15700000,3900000,0,2.0,31800000,0.3710691823899371
5,Graduate,No,1200000,2400000,14,495,1800000,1800000,4100000,1300000,0,2.0,9000000,0.26666666666666666
2,Not Graduate,No,9700000,30200000,14,769,23700000,13600000,26400000,7500000,1,3.11340206185567,71200000,0.4241573033707865
5,Not Graduate,Yes,4700000,11800000,4,639,3600000,700000,9400000,5500000,1,2.5106382978723403,19200000,0.6145833333333334
5,Graduate,No,4200000,12500000,18,723,1200000,300000,12900000,6100000,1,2.9761904761904763,20500000,0.6097560975609756
4,Graduate,No,9300000,26100000,16,623,11700000,10500000,21100000,10700000,1,2.806451612903226,54000000,0.48333333333333334
3,Not Graduate,Yes,5300000,20800000,6,487,9700000,3400000,18500000,4200000,0,3.9245283018867925,35800000,0.5810055865921788
0,Graduate,No,7600000,30100000,2,743,20700000,8700000,27600000,9600000,1,3.960526315789474,66600000,0.4519519519519519
2,Graduate,No,6200000,16900000,12,754,2300000,4200000,15300000,7900000,1,2.725806451612903,29700000,0.569023569023569
0,Graduate,No,8900000,21600000,10,552,2300000,9900000,20700000,11900000,1,2.4269662921348316,44800000,0.48214285714285715
4,Not Graduate,Yes,7900000,27300000,10,560,23100000,14400000,28500000,10900000,1,3.4556962025316458,76900000,0.3550065019505852
1,Graduate,Yes,3500000,10800000,14,632,6900000,1500000,10900000,4200000,1,3.085714285714286,23500000,0.4595744680851064
2,Graduate,No,5300000,16700000,18,339,4600000,3300000,12000000,4100000,0,3.150943396226415,24000000,0.6958333333333333
2,Not Graduate,No,1400000,3100000,4,881,3700000,400000,5000000,1100000,1,2.2142857142857144,10200000,0.30392156862745096
1,Not Graduate,Yes,9100000,23600000,20,535,2800000,17600000,26400000,4500000,0,2.5934065934065935,51300000,0.4600389863547758
4,Not Graduate,No,4400000,17200000,4,563,4100000,3700000,12700000,2900000,1,3.909090909090909,23400000,0.7350427350427351
5,Not Graduate,No,2800000,8200000,14,615,7400000,3300000,6700000,2700000,1,2.9285714285714284,20100000,0.4079601990049751
3,Not Graduate,No,1300000,3300000,8,795,1400000,800000,4600000,1600000,1,2.5384615384615383,8400000,0.39285714285714285
4,Graduate,No,8400000,28700000,14,878,23400000,8300000,23900000,8600000,1,3.4166666666666665,64200000,0.4470404984423676
5,Graduate,Yes,5300000,14000000,6,633,11800000,4500000,12800000,6100000,1,2.641509433962264,35200000,0.3977272727272727
2,Graduate,No,6000000,13900000,4,533,3000000,9600000,14600000,4100000,0,2.316666666666667,31300000,0.4440894568690096
2,Not Graduate,Yes,2100000,6800000,12,795,6100000,1900000,7200000,2400000,1,3.238095238095238,17600000,0.38636363636363635
0,Not Graduate,No,4300000,11000000,4,374,7100000,7300000,9300000,4700000,0,2.558139534883721,28400000,0.3873239436619718
4,Not Graduate,Yes,7300000,22900000,12,848,6300000,2900000,28500000,4100000,1,3.136986301369863,41800000,0.5478468899521531
2,Graduate,No,5200000,16200000,12,890,10500000,9600000,15800000,3900000,1,3.1153846153846154,39800000,0.40703517587939697
3,Graduate,No,4700000,9800000,14,444,8200000,300000,15700000,3800000,0,2.0851063829787235,28000000,0.35
4,Graduate,No,7800000,28500000,4,803,15500000,11300000,21100000,9800000,1,3.6538461538461537,57700000,0.49393414211438474
3,Graduate,Yes,500000,1900000,18,618,-100000,600000,1000000,400000,1,3.8,1900000,1.0
1,Not Graduate,Yes,6000000,20300000,14,845,5000000,7800000,23700000,8700000,1,3.3833333333333333,45200000,0.4491150442477876
4,Graduate,No,4800000,10800000,12,833,3000000,4000000,16400000,7100000,1,2.25,30500000,0.3540983606557377
3,Graduate,Yes,8900000,19300000,12,767,12000000,2200000,24700000,7700000,1,2.168539325842697,46600000,0.41416309012875535
1,Graduate,Yes,1800000,4000000,16,747,700000,200000,4600000,900000,1,2.2222222222222223,6400000,0.625
2,Graduate,No,3000000,7000000,4,588,5300000,3400000,11900000,3400000,1,2.3333333333333335,24000000,0.2916666666666667
4,Not Graduate,No,7700000,24500000,20,582,9800000,6600000,29100000,6500000,1,3.1818181818181817,52000000,0.47115384615384615
1,Not Graduate,No,8300000,20400000,14,348,5600000,12500000,29100000,4700000,0,2.4578313253012047,51900000,0.3930635838150289
4,Not Graduate,No,4200000,9400000,4,726,10000000,8100000,16100000,5500000,1,2.238095238095238,39700000,0.2367758186397985
4,Graduate,Yes,8000000,31200000,6,482,19800000,11500000,22200000,5700000,0,3.9,59200000,0.527027027027027
2,Graduate,Yes,9400000,30000000,16,565,1200000,3900000,28200000,9000000,1,3.1914893617021276,42300000,0.7092198581560284
1,Graduate,No,800000,2400000,16,872,2400000,1200000,1900000,900000,1,3.0,6400000,0.375
0,Graduate,Yes,500000,1300000,4,825,600000,0,1800000,200000,1,2.6,2600000,0.5
2,Graduate,Yes,6100000,22300000,8,694,16200000,10900000,22900000,7200000,1,3.6557377049180326,57200000,0.38986013986013984
3,Graduate,Yes,8500000,30800000,20,448,23000000,1400000,22900000,7900000,0,3.623529411764706,55200000,0.5579710144927537
5,Graduate,Yes,7600000,18000000,12,452,7900000,4300000,23800000,4700000,0,2.3684210526315788,40700000,0.44226044226044225
3,Not Graduate,No,8700000,17900000,12,897,16400000,3500000,31600000,12500000,1,2.057471264367816,64000000,0.2796875
4,Not Graduate,No,9400000,20200000,10,803,24800000,1000000,34400000,4800000,1,2.148936170212766,65000000,0.31076923076923074
1,Not Graduate,Yes,400000,900000,8,828,600000,500000,1500000,300000,1,2.25,2900000,0.3103448275862069
0,Graduate,No,2700000,7500000,6,832,7700000,1200000,10000000,2500000,1,2.7777777777777777,21400000,0.35046728971962615
1,Not Graduate,Yes,2300000,5500000,6,861,1600000,1200000,4700000,1700000,1,2.391304347826087,9200000,0.5978260869565217
0,Graduate,No,7500000,15900000,2,535,17500000,5700000,23600000,4500000,0,2.12,51300000,0.30994152046783624
4,Not Graduate,Yes,7100000,19400000,16,363,17900000,2600000,22600000,4000000,0,2.732394366197183,47100000,0.4118895966029724
1,Not Graduate,Yes,8800000,28600000,8,631,11000000,13200000,25000000,7700000,1,3.25,56900000,0.5026362038664324
2,Not Graduate,No,8400000,20700000,6,513,500000,16400000,18800000,7900000,0,2.4642857142857144,43600000,0.47477064220183485
0,Graduate,Yes,4700000,16200000,16,317,12700000,400000,9400000,2500000,0,3.4468085106382977,25000000,0.648
1,Graduate,No,6900000,19500000,2,809,6100000,10600000,22900000,9300000,1,2.8260869565217392,48900000,0.3987730061349693
3,Not Graduate,No,2400000,8200000,10,531,6800000,1900000,5700000,2000000,0,3.4166666666666665,16400000,0.5
1,Not Graduate,Yes,1600000,4800000,14,544,2200000,200000,6200000,1200000,0,3.0,9800000,0.4897959183673469
0,Graduate,No,3500000,7800000,14,366,6400000,3000000,13700000,4900000,0,2.2285714285714286,28000000,0.2785714285714286
0,Not Graduate,No,3700000,12700000,14,797,1300000,1100000,12300000,3700000,1,3.4324324324324325,18400000,0.6902173913043478
1,Not Graduate,No,3200000,12000000,16,597,6800000,1900000,7700000,2200000,1,3.75,18600000,0.6451612903225806
2,Not Graduate,Yes,7000000,22500000,12,632,12500000,4600000,20400000,4900000,1,3.2142857142857144,42400000,0.5306603773584906
5,Not Graduate,No,9300000,28300000,12,741,7600000,12900000,32400000,5200000,1,3.043010752688172,58100000,0.48709122203098104
0,Not Graduate,No,200000,800000,20,331,300000,0,500000,100000,0,4.0,900000,0.8888888888888888
4,Graduate,No,6900000,16500000,8,426,3900000,5200000,18300000,9000000,0,2.391304347826087,36400000,0.4532967032967033
3,Not Graduate,No,9000000,26500000,8,533,17100000,12400000,27800000,6000000,0,2.9444444444444446,63300000,0.4186413902053712
1,Not Graduate,No,6900000,22700000,16,394,3800000,4300000,27400000,8700000,0,3.289855072463768,44200000,0.5135746606334841
0,Graduate,No,7500000,25100000,14,877,21000000,11400000,16900000,10700000,1,3.3466666666666667,60000000,0.41833333333333333
5,Not Graduate,No,9200000,28000000,8,527,18700000,7700000,24400000,6400000,0,3.0434782608695654,57200000,0.48951048951048953
1,Graduate,No,4600000,12700000,8,468,10400000,0,14500000,3900000,0,2.760869565217391,28800000,0.4409722222222222
4,Graduate,Yes,5000000,19600000,18,611,13400000,4400000,14400000,4600000,1,3.92,36800000,0.532608695652174
2,Graduate,No,4500000,17200000,6,832,2700000,8500000,10900000,6700000,1,3.8222222222222224,28800000,0.5972222222222222
0,Graduate,No,7900000,22700000,18,508,6600000,7000000,31600000,8900000,0,2.8734177215189876,54100000,0.4195933456561922
5,Not Graduate,No,5100000,13500000,20,840,1400000,5300000,14700000,4500000,1,2.6470588235294117,25900000,0.5212355212355212
4,Graduate,No,3700000,7600000,14,794,9500000,7300000,12100000,4500000,1,2.054054054054054,33400000,0.2275449101796407
1,Not Graduate,No,5300000,17800000,12,889,15300000,500000,14900000,6800000,1,3.358490566037736,37500000,0.4746666666666667
4,Not Graduate,No,200000,500000,16,765,600000,100000,600000,100000,1,2.5,1400000,0.35714285714285715
3,Graduate,Yes,9000000,18600000,16,518,18400000,17600000,28900000,10300000,0,2.066666666666667,75200000,0.2473404255319149
3,Not Graduate,No,6900000,17100000,4,694,4200000,6100000,27000000,6000000,1,2.4782608695652173,43300000,0.394919168591224
2,Not Graduate,No,700000,2300000,8,663,700000,500000,2800000,1000000,1,3.2857142857142856,5000000,0.46
0,Graduate,No,2500000,8900000,2,662,4000000,2100000,9700000,3000000,1,3.56,18800000,0.4734042553191489
0,Not Graduate,No,4600000,14400000,14,642,10100000,8700000,11100000,4800000,1,3.130434782608696,34700000,0.414985590778098
4,Graduate,No,1000000,3900000,10,701,2200000,1000000,4000000,900000,1,3.9,8100000,0.48148148148148145
4,Not Graduate,Yes,9200000,30100000,6,632,23700000,6600000,34200000,6200000,1,3.2717391304347827,70700000,0.42574257425742573
3,Graduate,Yes,2200000,4400000,2,861,1300000,2600000,4500000,2300000,1,2.0,10700000,0.411214953271028
4,Graduate,Yes,9700000,33300000,12,784,14600000,15800000,37900000,6500000,1,3.4329896907216493,74800000,0.4451871657754011
0,Graduate,Yes,5500000,18200000,4,332,8100000,4000000,16400000,5600000,1,3.309090909090909,34100000,0.533724340175953
4,Not Graduate,Yes,1300000,3400000,2,763,3800000,200000,5100000,1400000,1,2.6153846153846154,10500000,0.3238095238095238
1,Not Graduate,Yes,7900000,19100000,2,593,20800000,12200000,26100000,7800000,1,2.4177215189873418,66900000,0.28550074738415543
2,Not Graduate,No,4300000,8800000,6,512,7200000,6500000,16900000,2700000,0,2.046511627906977,33300000,0.26426426426426425
0,Not Graduate,No,3800000,13300000,6,655,9600000,0,8600000,2600000,1,3.5,20800000,0.6394230769230769
3,Not Graduate,No,8700000,24700000,8,369,4000000,800000,31100000,4800000,0,2.839080459770115,40700000,0.6068796068796068
3,Graduate,No,1300000,3100000,14,348,1500000,600000,3900000,600000,0,2.3846153846153846,6600000,0.4696969696969697
1,Not Graduate,Yes,6800000,16800000,10,736,2000000,2600000,23800000,5600000,1,2.4705882352941178,34000000,0.49411764705882355
1,Not Graduate,No,9100000,24000000,20,353,25100000,9200000,26100000,10900000,0,2.6373626373626373,71300000,0.33660589060308554
0,Graduate,No,3000000,11300000,16,478,5600000,2000000,9800000,2000000,0,3.7666666666666666,19400000,0.5824742268041238
0,Not Graduate,Yes,1200000,3000000,4,827,3200000,600000,2300000,1500000,1,2.5,7600000,0.39473684210526316
1,Not Graduate,Yes,5000000,16900000,12,517,2200000,1500000,15500000,5400000,0,3.38,24600000,0.6869918699186992
5,Graduate,Yes,9700000,24700000,18,648,15100000,600000,25200000,6800000,1,2.5463917525773194,47700000,0.5178197064989518
2,Not Graduate,Yes,7000000,23800000,10,689,8400000,5400000,15700000,7800000,1,3.4,37300000,0.6380697050938338
1,Graduate,No,4100000,9100000,20,550,9900000,5200000,10800000,4800000,1,2.2195121951219514,30700000,0.2964169381107492
0,Graduate,Yes,5300000,12900000,20,826,15500000,6800000,12000000,5200000,1,2.4339622641509435,39500000,0.3265822784810127
1,Not Graduate,No,7300000,19200000,14,599,18400000,5400000,15900000,3700000,1,2.6301369863013697,43400000,0.4423963133640553
1,Graduate,No,6500000,18500000,16,815,6300000,10000000,13400000,4000000,1,2.8461538461538463,33700000,0.5489614243323442
4,Graduate,Yes,600000,1400000,4,761,800000,500000,2100000,300000,1,2.3333333333333335,3700000,0.3783783783783784
3,Not Graduate,Yes,5200000,15000000,20,432,6900000,5000000,15600000,5100000,0,2.8846153846153846,32600000,0.4601226993865031
4,Not Graduate,Yes,2800000,9200000,18,442,5800000,4800000,8400000,1300000,0,3.2857142857142856,20300000,0.45320197044334976
1,Graduate,Yes,7800000,23300000,6,620,3500000,2100000,22200000,7600000,1,2.9871794871794872,35400000,0.6581920903954802
2,Graduate,No,3000000,6500000,4,476,7900000,300000,9400000,1500000,0,2.1666666666666665,19100000,0.3403141361256545
4,Graduate,No,9300000,34900000,6,837,27400000,800000,21400000,8500000,1,3.752688172043011,58100000,0.6006884681583476
3,Not Graduate,Yes,5100000,18000000,6,510,13400000,6600000,17200000,7600000,0,3.5294117647058822,44800000,0.4017857142857143
4,Not Graduate,Yes,4300000,16100000,18,849,3800000,6600000,17100000,6400000,1,3.744186046511628,33900000,0.4749262536873156
3,Graduate,No,1100000,2100000,8,737,2900000,2000000,2500000,900000,1,1.9090909090909092,8300000,0.25301204819277107
2,Graduate,No,6500000,16200000,10,809,14000000,4700000,13200000,8600000,1,2.4923076923076923,40500000,0.4
3,Not Graduate,No,6400000,23000000,8,520,12100000,11400000,16000000,3800000,0,3.59375,43300000,0.5311778290993071
2,Not Graduate,No,7400000,22500000,16,834,6400000,12600000,15700000,6000000,1,3.0405405405405403,40700000,0.5528255528255528
4,Graduate,No,8700000,32100000,8,397,8900000,17000000,34700000,4800000,0,3.689655172413793,65400000,0.4908256880733945
0,Not Graduate,No,9200000,24700000,14,438,4800000,16000000,20600000,10700000,0,2.6847826086956523,52100000,0.4740882917466411
1,Graduate,Yes,6200000,19700000,18,820,11200000,3400000,15600000,4700000,1,3.1774193548387095,34900000,0.5644699140401146
1,Not Graduate,No,1200000,4600000,20,323,2000000,1700000,2600000,1400000,0,3.8333333333333335,7700000,0.5974025974025974
1,Not Graduate,Yes,7000000,20300000,14,837,7700000,2200000,19700000,5500000,1,2.9,35100000,0.5783475783475783
5,Graduate,Yes,3800000,10100000,2,571,7400000,6600000,12600000,3300000,1,2.6578947368421053,29900000,0.3377926421404682
0,Graduate,No,4900000,16300000,14,479,1600000,6400000,18600000,2700000,0,3.326530612244898,29300000,0.5563139931740614
2,Graduate,Yes,7800000,22100000,6,533,11900000,2500000,19300000,10800000,0,2.8333333333333335,44500000,0.4966292134831461
1,Not Graduate,Yes,7400000,17200000,8,899,16500000,8700000,16700000,4900000,1,2.324324324324324,46800000,0.36752136752136755
1,Not Graduate,No,7000000,26600000,16,460,20500000,3300000,27700000,4600000,0,3.8,56100000,0.4741532976827095
1,Not Graduate,No,4900000,12500000,2,636,14200000,6400000,13900000,5000000,1,2.5510204081632653,39500000,0.31645569620253167
3,Not Graduate,No,5800000,20600000,20,434,8400000,2700000,22600000,7000000,0,3.5517241379310347,40700000,0.5061425061425061
5,Not Graduate,No,2000000,6900000,18,516,4600000,3400000,6500000,1600000,0,3.45,16100000,0.42857142857142855
4,Graduate,No,8300000,24600000,2,382,1400000,1200000,16700000,6600000,0,2.963855421686747,25900000,0.9498069498069498
0,Graduate,Yes,1000000,2800000,12,616,700000,700000,3900000,700000,1,2.8,6000000,0.4666666666666667
3,Graduate,No,5500000,11600000,6,745,9400000,8000000,12800000,5400000,1,2.109090909090909,35600000,0.3258426966292135
5,Graduate,No,1400000,3400000,6,697,2000000,500000,4600000,1600000,1,2.4285714285714284,8700000,0.39080459770114945
4,Graduate,No,3700000,12300000,6,364,5900000,4200000,13700000,4400000,0,3.324324324324324,28200000,0.43617021276595747
2,Not Graduate,Yes,2100000,6900000,2,566,700000,1500000,8100000,1000000,1,3.2857142857142856,11300000,0.6106194690265486
4,Not Graduate,No,6200000,21900000,12,462,9400000,2000000,16600000,8300000,0,3.532258064516129,36300000,0.6033057851239669
0,Not Graduate,No,9300000,31900000,2,331,7100000,11200000,23700000,8000000,1,3.4301075268817205,50000000,0.638
3,Not Graduate,Yes,5100000,10300000,12,839,13400000,5400000,10700000,7500000,1,2.019607843137255,37000000,0.27837837837837837
0,Graduate,Yes,7000000,14000000,4,702,9000000,3100000,21400000,7600000,1,2.0,41100000,0.340632603406326
3,Graduate,Yes,5300000,17900000,2,580,10200000,6400000,11600000,3600000,1,3.3773584905660377,31800000,0.5628930817610063
3,Graduate,No,900000,2800000,10,560,2700000,300000,1900000,1300000,1,3.111111111111111,6200000,0.45161290322580644
4,Not Graduate,Yes,9400000,25700000,14,845,27300000,4100000,26500000,12200000,1,2.734042553191489,70100000,0.3666191155492154
4,Not Graduate,Yes,2600000,8500000,4,392,5500000,100000,8800000,2900000,1,3.269230769230769,17300000,0.4913294797687861
2,Graduate,No,1500000,4900000,16,387,-100000,2400000,3700000,1300000,0,3.2666666666666666,7300000,0.6712328767123288
1,Graduate,Yes,1800000,6300000,12,749,4200000,200000,3800000,2700000,1,3.5,10900000,0.5779816513761468
3,Graduate,Yes,7800000,20000000,14,727,4600000,7200000,17300000,8600000,1,2.5641025641025643,37700000,0.5305039787798409
3,Graduate,Yes,2100000,7400000,14,656,5600000,400000,5200000,2800000,1,3.5238095238095237,14000000,0.5285714285714286
0,Not Graduate,Yes,8300000,17500000,20,643,24800000,8900000,18800000,5100000,1,2.108433734939759,57600000,0.3038194444444444
2,Not Graduate,Yes,4400000,16800000,4,307,12800000,7200000,9700000,5800000,1,3.8181818181818183,35500000,0.4732394366197183
2,Not Graduate,No,2300000,5000000,16,588,2000000,3500000,7000000,1500000,1,2.1739130434782608,14000000,0.35714285714285715
3,Graduate,Yes,7700000,22300000,20,895,22200000,13300000,23900000,9100000,1,2.896103896103896,68500000,0.32554744525547447
0,Not Graduate,Yes,9300000,29400000,10,351,24200000,6800000,35800000,6100000,0,3.161290322580645,72900000,0.40329218106995884
5,Not Graduate,No,5900000,16400000,12,891,10200000,10400000,19600000,4700000,1,2.7796610169491527,44900000,0.36525612472160357
5,Not Graduate,Yes,1900000,4900000,4,442,3200000,2100000,5800000,900000,0,2.5789473684210527,12000000,0.4083333333333333
0,Not Graduate,No,6900000,19500000,20,686,2300000,8700000,16400000,6200000,1,2.8260869565217392,33600000,0.5803571428571429
4,Graduate,Yes,2100000,8200000,20,432,6000000,900000,5600000,1000000,0,3.9047619047619047,13500000,0.6074074074074074
0,Not Graduate,No,8200000,20900000,14,766,4400000,12300000,18400000,12100000,1,2.548780487804878,47200000,0.4427966101694915
4,Not Graduate,No,7700000,17200000,6,561,6000000,5000000,15400000,6800000,1,2.2337662337662336,33200000,0.5180722891566265
5,Not Graduate,No,7700000,19000000,2,539,4000000,14500000,29300000,4100000,0,2.4675324675324677,51900000,0.36608863198458574
1,Graduate,No,700000,1400000,6,759,1000000,500000,2600000,700000,1,2.0,4800000,0.2916666666666667
5,Graduate,No,7100000,18200000,8,750,21000000,7900000,20800000,5300000,1,2.563380281690141,55000000,0.33090909090909093
2,Graduate,No,3900000,13600000,10,373,11600000,1000000,8400000,3600000,0,3.4871794871794872,24600000,0.5528455284552846
1,Not Graduate,Yes,5200000,20500000,10,407,1100000,3400000,18200000,3800000,0,3.9423076923076925,26500000,0.7735849056603774
4,Not Graduate,No,5500000,20200000,14,611,13700000,5700000,15100000,7200000,1,3.672727272727273,41700000,0.4844124700239808
3,Graduate,No,2600000,6300000,10,783,6500000,2400000,6500000,2600000,1,2.423076923076923,18000000,0.35
0,Not Graduate,Yes,7300000,24000000,18,651,16600000,100000,19600000,4500000,1,3.287671232876712,40800000,0.5882352941176471
3,Graduate,No,8700000,31100000,16,760,400000,1800000,19300000,4800000,0,3.574712643678161,26300000,1.182509505703422
3,Graduate,No,9000000,22700000,16,793,11700000,10800000,35000000,7000000,1,2.522222222222222,64500000,0.351937984496124
4,Graduate,No,400000,800000,16,685,500000,300000,1300000,600000,1,2.0,2700000,0.2962962962962963
2,Not Graduate,Yes,3300000,10700000,8,806,5700000,600000,11500000,4900000,1,3.242424242424242,22700000,0.4713656387665198
1,Not Graduate,No,6300000,17800000,12,770,6000000,3000000,17000000,3200000,1,2.8253968253968256,29200000,0.6095890410958904
0,Not Graduate,No,7000000,23600000,14,663,13800000,9100000,21300000,7200000,1,3.3714285714285714,51400000,0.4591439688715953
2,Graduate,Yes,2100000,8100000,4,592,2000000,2500000,7900000,2700000,1,3.857142857142857,15100000,0.5364238410596026
3,Not Graduate,No,7600000,26300000,18,580,19100000,14600000,25500000,5100000,1,3.460526315789474,64300000,0.40902021772939345
1,Graduate,No,8200000,17500000,4,609,4500000,5600000,24100000,7700000,1,2.1341463414634148,41900000,0.41766109785202865
3,Not Graduate,Yes,9200000,23200000,8,380,13100000,15500000,18900000,6100000,0,2.5217391304347827,53600000,0.43283582089552236
3,Graduate,No,3800000,12100000,20,364,4100000,5100000,11600000,3000000,0,3.1842105263157894,23800000,0.5084033613445378
1,Graduate,No,3200000,8900000,12,866,5100000,700000,9900000,2400000,1,2.78125,18100000,0.49171270718232046
4,Not Graduate,No,9700000,31700000,10,342,700000,100000,36700000,12000000,0,3.268041237113402,49500000,0.6404040404040404
5,Graduate,No,4700000,14400000,16,884,9900000,4400000,9300000,3800000,1,3.0638297872340425,27400000,0.5255474452554745
4,Graduate,Yes,3800000,12500000,18,859,3900000,4600000,8200000,2700000,1,3.289473684210526,19400000,0.6443298969072165
4,Graduate,No,400000,1000000,20,692,500000,400000,1600000,200000,1,2.5,2700000,0.37037037037037035
4,Not Graduate,Yes,3200000,6800000,16,675,8000000,1900000,6800000,4000000,1,2.125,20700000,0.3285024154589372
5,Graduate,Yes,3900000,12700000,8,886,3500000,5800000,14900000,5400000,1,3.2564102564102564,29600000,0.42905405405405406
1,Graduate,Yes,3500000,13100000,10,477,3200000,6200000,7500000,3100000,0,3.742857142857143,20000000,0.655
2,Graduate,No,2200000,8300000,6,596,4700000,3000000,8500000,1800000,1,3.772727272727273,18000000,0.46111111111111114
4,Not Graduate,No,6400000,19700000,20,400,2300000,6100000,20100000,6200000,0,3.078125,34700000,0.5677233429394812
3,Graduate,No,9100000,19900000,2,711,2200000,17900000,24300000,13000000,1,2.1868131868131866,57400000,0.34668989547038326
0,Not Graduate,Yes,3300000,8900000,2,418,4200000,6000000,9300000,3700000,0,2.696969696969697,23200000,0.38362068965517243
3,Graduate,No,7800000,21800000,8,517,7700000,5100000,19500000,9100000,0,2.7948717948717947,41400000,0.5265700483091788
0,Not Graduate,Yes,6200000,16200000,6,508,5600000,5700000,21500000,3600000,0,2.6129032258064515,36400000,0.44505494505494503
3,Not Graduate,Yes,7000000,26100000,18,689,17200000,5700000,20500000,5900000,1,3.7285714285714286,49300000,0.5294117647058824
0,Graduate,No,9200000,28200000,12,455,19200000,6400000,34700000,5900000,0,3.0652173913043477,66200000,0.4259818731117825
5,Not Graduate,Yes,7500000,20800000,6,617,100000,14200000,19300000,8200000,1,2.7733333333333334,41800000,0.49760765550239233
2,Graduate,No,5300000,13200000,10,500,4700000,9800000,20400000,2900000,0,2.490566037735849,37800000,0.3492063492063492
5,Not Graduate,Yes,6800000,22800000,14,382,17600000,700000,21700000,5800000,0,3.3529411764705883,45800000,0.4978165938864629
1,Not Graduate,No,7900000,20800000,18,538,10000000,9700000,29900000,10600000,0,2.632911392405063,60200000,0.34551495016611294
0,Not Graduate,Yes,6200000,14900000,8,855,-100000,7200000,14200000,8200000,1,2.403225806451613,29500000,0.5050847457627119
1,Graduate,No,1000000,3000000,18,614,1800000,1700000,3700000,700000,1,3.0,7900000,0.379746835443038
2,Graduate,Yes,7800000,25400000,10,513,22100000,600000,23500000,9800000,0,3.2564102564102564,56000000,0.45357142857142857
5,Graduate,Yes,3000000,8800000,14,402,5600000,5300000,8600000,4200000,0,2.933333333333333,23700000,0.37130801687763715
5,Graduate,Yes,5700000,15000000,20,819,15500000,9800000,14100000,3400000,1,2.6315789473684212,42800000,0.35046728971962615
4,Not Graduate,No,6600000,25400000,12,622,9200000,3500000,19900000,7500000,1,3.8484848484848486,40100000,0.6334164588528678
4,Graduate,Yes,7100000,18200000,4,790,2500000,2200000,25500000,9600000,1,2.563380281690141,39800000,0.457286432160804
3,Graduate,Yes,1300000,4800000,14,808,3100000,2000000,5100000,1500000,1,3.6923076923076925,11700000,0.41025641025641024
2,Not Graduate,No,5200000,16800000,18,369,5400000,8600000,17000000,6800000,0,3.230769230769231,37800000,0.4444444444444444
3,Graduate,No,5600000,20300000,4,330,16100000,5100000,15300000,4200000,1,3.625,40700000,0.4987714987714988
2,Graduate,No,7100000,16500000,14,857,3700000,10700000,18500000,8200000,1,2.323943661971831,41100000,0.40145985401459855
2,Graduate,No,5100000,19100000,8,457,13200000,5100000,16400000,7600000,0,3.7450980392156863,42300000,0.4515366430260047
3,Not Graduate,Yes,7600000,29300000,8,843,21500000,3000000,22800000,11200000,1,3.8552631578947367,58500000,0.5008547008547009
0,Graduate,Yes,2500000,5400000,6,463,1900000,3500000,8200000,1800000,0,2.16,15400000,0.35064935064935066
3,Graduate,No,6900000,22800000,16,582,17700000,2200000,23500000,4400000,1,3.3043478260869565,47800000,0.4769874476987448
0,Graduate,No,3100000,6500000,2,391,100000,3800000,9900000,2400000,0,2.096774193548387,16200000,0.4012345679012346
2,Graduate,Yes,9700000,35100000,20,612,13400000,13500000,38200000,6500000,1,3.618556701030928,71600000,0.49022346368715086
0,Not Graduate,Yes,5800000,12600000,2,859,13500000,4700000,21200000,4500000,1,2.1724137931034484,43900000,0.2870159453302961
4,Not Graduate,No,7600000,18600000,18,779,9100000,5600000,15200000,10000000,1,2.4473684210526314,39900000,0.46616541353383456
5,Not Graduate,No,700000,2800000,2,561,900000,400000,1900000,800000,1,4.0,4000000,0.7
3,Graduate,No,2300000,5600000,18,420,1300000,600000,6700000,2100000,0,2.4347826086956523,10700000,0.5233644859813084
3,Not Graduate,No,1600000,3300000,8,609,4700000,100000,6000000,800000,1,2.0625,11600000,0.28448275862068967
4,Not Graduate,No,8100000,19300000,14,821,16500000,8500000,25800000,8300000,1,2.382716049382716,59100000,0.32656514382402707
1,Graduate,No,7700000,17100000,14,603,11100000,12100000,30300000,7100000,1,2.220779220779221,60600000,0.28217821782178215
4,Graduate,No,1500000,3400000,10,778,3800000,300000,4000000,2200000,1,2.2666666666666666,10300000,0.3300970873786408
3,Not Graduate,No,7400000,23500000,2,460,20600000,12200000,25900000,9200000,1,3.175675675675676,67900000,0.34609720176730485
4,Not Graduate,Yes,8900000,27100000,18,363,7800000,9600000,25400000,12700000,0,3.044943820224719,55500000,0.4882882882882883
0,Graduate,No,2400000,5300000,16,482,5500000,4200000,8400000,2600000,0,2.2083333333333335,20700000,0.2560386473429952
5,Graduate,No,5600000,20300000,4,772,10600000,6000000,13600000,7600000,1,3.625,37800000,0.5370370370370371
4,Graduate,No,5900000,14400000,6,745,15300000,5100000,16500000,3000000,1,2.440677966101695,39900000,0.3609022556390977
1,Graduate,No,1600000,3300000,2,513,400000,1300000,4600000,2200000,0,2.0625,8500000,0.38823529411764707
5,Not Graduate,No,1100000,4000000,2,362,1800000,1300000,3500000,1100000,1,3.6363636363636362,7700000,0.5194805194805194
2,Graduate,Yes,6600000,25600000,6,740,10900000,1900000,18900000,9200000,1,3.878787878787879,40900000,0.6259168704156479
3,Graduate,No,8900000,24400000,10,774,11200000,6100000,31400000,7300000,1,2.741573033707865,56000000,0.4357142857142857
1,Graduate,Yes,6400000,16400000,20,555,6000000,2500000,20100000,7400000,1,2.5625,36000000,0.45555555555555555
4,Not Graduate,Yes,8200000,17300000,12,588,9700000,1200000,20700000,4800000,1,2.1097560975609757,36400000,0.47527472527472525
1,Graduate,No,500000,1300000,14,619,1500000,100000,2000000,500000,1,2.6,4100000,0.3170731707317073
0,Graduate,No,9700000,31600000,18,607,24300000,7900000,32400000,7500000,1,3.2577319587628866,72100000,0.43828016643550627
3,Not Graduate,Yes,7100000,16700000,4,435,1700000,9600000,24300000,6200000,0,2.352112676056338,41800000,0.39952153110047844
4,Not Graduate,Yes,1400000,3400000,14,835,3100000,100000,4100000,2100000,1,2.4285714285714284,9400000,0.3617021276595745
1,Not Graduate,No,7200000,28100000,14,767,10000000,10400000,27500000,4000000,1,3.9027777777777777,51900000,0.5414258188824663
1,Graduate,Yes,8400000,26200000,14,643,19400000,11500000,17900000,6900000,1,3.119047619047619,55700000,0.4703770197486535
4,Not Graduate,No,4300000,13900000,2,894,10100000,100000,8600000,3300000,1,3.2325581395348837,22100000,0.6289592760180995
0,Not Graduate,Yes,8800000,29800000,8,343,20000000,4900000,33300000,12200000,0,3.3863636363636362,70400000,0.42329545454545453
4,Not Graduate,No,4000000,15100000,8,800,8700000,6900000,12200000,4400000,1,3.775,32200000,0.468944099378882
3,Not Graduate,Yes,6900000,17900000,18,494,7700000,11200000,15400000,8700000,0,2.5942028985507246,43000000,0.41627906976744183
4,Graduate,No,9600000,33000000,14,336,5800000,8500000,30100000,4900000,0,3.4375,49300000,0.6693711967545639
2,Not Graduate,No,6900000,16500000,16,785,19600000,8600000,27100000,3600000,1,2.391304347826087,58900000,0.2801358234295416
1,Not Graduate,Yes,3600000,13400000,16,732,5200000,6700000,7300000,3300000,1,3.7222222222222223,22500000,0.5955555555555555
2,Not Graduate,No,1900000,4600000,12,587,3000000,1300000,4800000,1100000,1,2.4210526315789473,10200000,0.45098039215686275
3,Not Graduate,Yes,9700000,30800000,18,471,12700000,3800000,37300000,10400000,0,3.1752577319587627,64200000,0.4797507788161994
2,Not Graduate,No,1200000,4100000,8,497,2700000,700000,3700000,1300000,0,3.4166666666666665,8400000,0.4880952380952381
1,Not Graduate,No,400000,1600000,16,784,800000,700000,700000,100000,1,4.0,2300000,0.6956521739130435
2,Graduate,No,6600000,21500000,18,471,13700000,9800000,17100000,4800000,0,3.257575757575758,45400000,0.473568281938326
2,Graduate,No,1500000,3300000,4,763,300000,1200000,5400000,700000,1,2.2,7600000,0.4342105263157895
4,Not Graduate,No,3500000,9500000,2,655,9900000,6600000,9400000,3100000,1,2.7142857142857144,29000000,0.3275862068965517
3,Not Graduate,Yes,4000000,8600000,4,667,11500000,6300000,15300000,3500000,1,2.15,36600000,0.23497267759562843
3,Not Graduate,No,4100000,14100000,8,367,900000,800000,8900000,5300000,0,3.4390243902439024,15900000,0.8867924528301887
4,Graduate,No,5800000,18500000,16,436,1400000,5500000,17100000,6500000,0,3.189655172413793,30500000,0.6065573770491803
4,Graduate,Yes,8600000,23300000,12,785,18800000,3800000,23500000,4500000,1,2.7093023255813953,50600000,0.46047430830039526
2,Graduate,No,4500000,11400000,10,388,11600000,3000000,14300000,2900000,0,2.533333333333333,31800000,0.3584905660377358
2,Graduate,Yes,9900000,37300000,8,385,600000,900000,27400000,14200000,0,3.7676767676767677,43100000,0.8654292343387471
1,Not Graduate,Yes,3200000,8100000,10,670,9100000,3800000,9200000,1900000,1,2.53125,24000000,0.3375
5,Graduate,Yes,8900000,19100000,20,329,13300000,11400000,29500000,10000000,0,2.146067415730337,64200000,0.29750778816199375
5,Not Graduate,Yes,2100000,4900000,12,651,2500000,2100000,6100000,1800000,1,2.3333333333333335,12500000,0.392
1,Graduate,No,7100000,26000000,16,727,4300000,9500000,18900000,8900000,1,3.6619718309859155,41600000,0.625
2,Graduate,Yes,7800000,28900000,14,646,1800000,1800000,17700000,11000000,1,3.7051282051282053,32300000,0.8947368421052632
3,Not Graduate,Yes,8600000,23200000,12,894,22100000,13900000,29200000,4500000,1,2.697674418604651,69700000,0.3328550932568149
3,Graduate,Yes,5100000,17000000,10,477,1700000,3300000,13700000,6300000,0,3.3333333333333335,25000000,0.68
5,Not Graduate,No,600000,2000000,20,811,300000,400000,1900000,600000,1,3.3333333333333335,3200000,0.625
0,Graduate,Yes,6600000,21200000,18,377,1000000,9600000,14800000,9500000,0,3.212121212121212,34900000,0.6074498567335244
0,Not Graduate,Yes,4700000,17000000,18,802,3600000,1600000,17800000,2700000,1,3.617021276595745,25700000,0.6614785992217899
2,Graduate,Yes,7700000,19700000,14,885,19900000,14600000,22000000,8000000,1,2.5584415584415585,64500000,0.3054263565891473
4,Graduate,Yes,6400000,21900000,6,437,7000000,10000000,24600000,4100000,0,3.421875,45700000,0.47921225382932164
2,Graduate,No,1100000,2500000,20,615,2800000,1700000,2300000,1300000,1,2.272727272727273,8100000,0.30864197530864196
2,Not Graduate,No,8900000,17800000,20,603,3300000,17600000,29000000,13100000,1,2.0,63000000,0.28253968253968254
0,Not Graduate,Yes,2100000,8300000,20,765,-100000,3600000,7700000,2100000,1,3.9523809523809526,13300000,0.6240601503759399
4,Not Graduate,Yes,2300000,5800000,8,469,6100000,4200000,7900000,2400000,0,2.5217391304347827,20600000,0.2815533980582524
3,Graduate,No,8300000,17700000,16,848,10500000,1100000,18700000,5900000,1,2.1325301204819276,36200000,0.4889502762430939
4,Graduate,No,900000,2700000,20,327,400000,1200000,2200000,1200000,0,3.0,5000000,0.54
3,Not Graduate,Yes,9200000,35000000,4,716,1100000,10200000,33600000,11400000,1,3.8043478260869565,56300000,0.6216696269982238
3,Graduate,No,9800000,28300000,2,715,19500000,9600000,28800000,9200000,1,2.8877551020408165,67100000,0.4217585692995529
0,Not Graduate,No,200000,600000,12,683,400000,200000,400000,0,1,3.0,1000000,0.6
2,Not Graduate,Yes,3200000,9700000,6,737,7300000,3500000,9700000,2600000,1,3.03125,23100000,0.4199134199134199
5,Not Graduate,No,7800000,27000000,6,728,4400000,13100000,18500000,7400000,1,3.4615384615384617,43400000,0.6221198156682027
1,Graduate,No,8300000,30000000,18,350,12800000,10800000,23800000,9400000,0,3.6144578313253013,56800000,0.528169014084507
1,Graduate,Yes,2100000,5200000,14,802,100000,600000,6400000,2500000,1,2.4761904761904763,9600000,0.5416666666666666
5,Not Graduate,Yes,400000,1400000,4,483,1100000,700000,800000,100000,1,3.5,2700000,0.5185185185185185
3,Graduate,Yes,7700000,21800000,18,684,100000,600000,15600000,5500000,1,2.831168831168831,21800000,1.0
4,Graduate,Yes,5600000,16500000,20,692,14500000,7800000,18000000,7400000,1,2.9464285714285716,47700000,0.34591194968553457
0,Graduate,No,8400000,31000000,4,783,19000000,13300000,30600000,6900000,1,3.6904761904761907,69800000,0.44412607449856734
3,Graduate,Yes,1300000,4300000,18,412,600000,900000,5200000,1200000,0,3.3076923076923075,7900000,0.5443037974683544
0,Not Graduate,No,8700000,30200000,10,447,14200000,14800000,28200000,6100000,0,3.471264367816092,63300000,0.47709320695102686
0,Not Graduate,No,2700000,8400000,14,610,900000,1900000,6100000,2800000,1,3.111111111111111,11700000,0.717948717948718
5,Graduate,Yes,800000,1800000,8,881,300000,1100000,2600000,400000,1,2.25,4400000,0.4090909090909091
5,Graduate,Yes,3800000,10300000,16,606,7700000,1900000,9900000,2700000,1,2.710526315789474,22200000,0.46396396396396394
5,Graduate,Yes,700000,2600000,2,869,1100000,500000,1400000,500000,1,3.7142857142857144,3500000,0.7428571428571429
4,Graduate,Yes,400000,1400000,2,496,400000,200000,1100000,400000,1,3.5,2100000,0.6666666666666666
1,Graduate,Yes,3200000,9300000,6,483,6700000,1900000,7800000,3600000,0,2.90625,20000000,0.465
3,Graduate,No,7500000,22200000,8,741,6600000,6900000,17600000,11000000,1,2.96,42100000,0.5273159144893111
2,Not Graduate,No,3700000,13500000,4,820,4700000,1600000,14000000,5300000,1,3.6486486486486487,25600000,0.52734375
5,Graduate,No,3300000,9100000,18,697,8800000,1800000,11300000,2600000,1,2.757575757575758,24500000,0.37142857142857144
1,Graduate,Yes,200000,500000,20,713,0,200000,500000,100000,1,2.5,800000,0.625
1,Not Graduate,No,7100000,17000000,6,754,1100000,500000,27000000,6800000,1,2.3943661971830985,35400000,0.480225988700565
3,Not Graduate,Yes,1500000,5100000,14,837,4100000,1000000,3300000,1400000,1,3.4,9800000,0.5204081632653061
0,Not Graduate,No,3000000,6500000,2,691,7800000,4500000,8900000,2500000,1,2.1666666666666665,23700000,0.2742616033755274
3,Graduate,Yes,1900000,5300000,12,436,2300000,3500000,5000000,2600000,0,2.789473684210526,13400000,0.39552238805970147
0,Not Graduate,No,9100000,30100000,8,322,26200000,9500000,18800000,5900000,0,3.3076923076923075,60400000,0.49834437086092714
0,Not Graduate,No,2200000,7500000,2,333,3400000,600000,6200000,1500000,1,3.409090909090909,11700000,0.6410256410256411
0,Not Graduate,Yes,8400000,23000000,14,455,400000,13400000,29800000,9400000,0,2.738095238095238,53000000,0.4339622641509434
1,Graduate,Yes,400000,700000,10,787,1000000,200000,1600000,500000,1,1.75,3300000,0.21212121212121213
2,Graduate,Yes,5600000,15800000,16,748,10300000,100000,21700000,6300000,1,2.8214285714285716,38400000,0.4114583333333333
5,Not Graduate,Yes,8200000,27100000,4,643,15400000,7700000,21300000,4100000,1,3.3048780487804876,48500000,0.5587628865979382
0,Not Graduate,Yes,1600000,3400000,8,867,-100000,2700000,4300000,1300000,1,2.125,8200000,0.4146341463414634
3,Not Graduate,No,1800000,5600000,20,860,1900000,1700000,4300000,900000,1,3.111111111111111,8800000,0.6363636363636364
5,Not Graduate,Yes,6500000,23900000,2,507,500000,10200000,15900000,8000000,1,3.6769230769230767,34600000,0.6907514450867052
1,Graduate,Yes,3100000,11500000,4,871,1500000,2400000,7100000,3600000,1,3.7096774193548385,14600000,0.7876712328767124
3,Not Graduate,No,3100000,9800000,12,820,6400000,5200000,10900000,4400000,1,3.161290322580645,26900000,0.3643122676579926
4,Graduate,Yes,5300000,14500000,4,352,12600000,4900000,10500000,3500000,0,2.7358490566037736,31500000,0.4603174603174603
4,Graduate,No,1100000,4000000,14,887,2400000,1500000,4200000,1600000,1,3.6363636363636362,9700000,0.41237113402061853
1,Graduate,Yes,6000000,13400000,12,731,1300000,4300000,21300000,6900000,1,2.2333333333333334,33800000,0.39644970414201186
0,Graduate,Yes,6100000,14600000,18,645,14500000,200000,23000000,4600000,1,2.3934426229508197,42300000,0.34515366430260047
3,Not Graduate,No,4100000,14100000,10,300,7600000,2100000,8400000,2200000,0,3.4390243902439024,20300000,0.6945812807881774
5,Graduate,Yes,7000000,26200000,12,896,13100000,6600000,23600000,5700000,1,3.742857142857143,49000000,0.5346938775510204
0,Not Graduate,Yes,8900000,27700000,6,372,18200000,14900000,33700000,6100000,0,3.1123595505617976,72900000,0.37997256515775035
4,Graduate,No,4800000,12000000,6,441,8400000,1300000,18200000,3200000,0,2.5,31100000,0.3858520900321543
3,Graduate,Yes,7400000,18300000,4,348,14300000,12600000,17900000,9800000,0,2.472972972972973,54600000,0.33516483516483514
0,Graduate,No,9700000,27500000,18,343,13400000,16500000,20000000,8200000,0,2.8350515463917527,58100000,0.47332185886402756
5,Graduate,Yes,9700000,22600000,16,346,23500000,12900000,26800000,13000000,0,2.329896907216495,76200000,0.29658792650918636
0,Not Graduate,Yes,4500000,11500000,14,509,13400000,2300000,15400000,5900000,0,2.5555555555555554,37000000,0.3108108108108108
5,Graduate,No,8800000,29300000,10,560,16800000,13900000,31100000,9900000,1,3.3295454545454546,71700000,0.4086471408647141
3,Graduate,Yes,3000000,7500000,6,881,1400000,4500000,6100000,2300000,1,2.5,14300000,0.5244755244755245
5,Graduate,No,1300000,3000000,20,540,1000000,2300000,3200000,1900000,0,2.3076923076923075,8400000,0.35714285714285715
3,Graduate,No,5000000,12700000,14,865,4700000,8100000,19500000,6300000,1,2.54,38600000,0.3290155440414508
5,Graduate,Yes,1000000,2300000,12,317,2800000,500000,3300000,800000,0,2.3,7400000,0.3108108108108108
0,Not Graduate,Yes,3300000,11300000,20,559,4200000,2900000,11000000,1900000,1,3.4242424242424243,20000000,0.565
2,Not Graduate,No,6500000,23900000,18,457,1200000,12400000,18100000,7300000,0,3.6769230769230767,39000000,0.6128205128205129
1,Not Graduate,No,4100000,12800000,8,780,8200000,700000,14100000,5800000,1,3.1219512195121952,28800000,0.4444444444444444
1,Graduate,No,9200000,29700000,10,607,17800000,11800000,35700000,12000000,1,3.2282608695652173,77300000,0.38421733505821476
